id	Description	EDAM_operations	EDAM_reduced_operations	EDAM_reduced_topics	EDAM_topics	Homepage	Latest_suite_conda_package_version	Number_of_tools_on_APOSTL	Number_of_tools_on_CIRM-CFBP	Number_of_tools_on_ChemFlow	Number_of_tools_on_Coloc-stats	Number_of_tools_on_GASLINI	Number_of_tools_on_Galaxy@AuBi	Number_of_tools_on_Galaxy@Pasteur	Number_of_tools_on_GalaxyTrakr	Number_of_tools_on_HyPhy_HIV_NGS_Tools	Number_of_tools_on_IPK_Galaxy_Blast_Suite	Number_of_tools_on_ImmPort_Galaxy	Number_of_tools_on_InteractoMIX	Number_of_tools_on_Lebanese_University_Galaxy	Number_of_tools_on_MISSISSIPPI	Number_of_tools_on_Mandoiu_Lab	Number_of_tools_on_Oqtans	Number_of_tools_on_Palfinder	Number_of_tools_on_PhagePromotor	Number_of_tools_on_UseGalaxy.be	Number_of_tools_on_UseGalaxy.cz	Number_of_tools_on_UseGalaxy.eu	Number_of_tools_on_UseGalaxy.fr	Number_of_tools_on_UseGalaxy.no	Number_of_tools_on_UseGalaxy.org.au	Number_of_tools_on_UseGalaxy.org_(Main)	Number_of_tools_on_Viral_Variant_Visualizer_(VVV)	Related_Tutorials	Related_Workflows	Suite_ID	Suite_conda_package	Suite_first_commit_date	Suite_owner	Suite_parsed_folder	Suite_runs_(last_5_years)_(usegalaxy.eu)	Suite_runs_(last_5_years)_(usegalaxy.fr)	Suite_runs_(last_5_years)_(usegalaxy.org)	Suite_runs_(last_5_years)_(usegalaxy.org.au)	Suite_runs_(last_5_years)_on_main_servers	Suite_runs_(usegalaxy.eu)	Suite_runs_(usegalaxy.fr)	Suite_runs_(usegalaxy.org)	Suite_runs_(usegalaxy.org.au)	Suite_runs_on_main_servers	Suite_source	Suite_users_(last_5_years)_(usegalaxy.eu)	Suite_users_(last_5_years)_(usegalaxy.fr)	Suite_users_(last_5_years)_(usegalaxy.org)	Suite_users_(last_5_years)_(usegalaxy.org.au)	Suite_users_(last_5_years)_on_main_servers	Suite_users_(usegalaxy.eu)	Suite_users_(usegalaxy.fr)	Suite_users_(usegalaxy.org)	Suite_users_(usegalaxy.org.au)	Suite_users_on_main_servers	Suite_version	Suite_version_status	ToolShed_categories	Tool_IDs	Tool_output_formats	biii_ID	bio.tool_ID	bio.tool_description	bio.tool_name	keep
ampligone	AmpliGone is a tool which accurately finds and removes primer sequences from NGS reads in an amplicon experiment. 	[]	[]	[]	[]	https://rivm-bioinformatics.github.io/AmpliGone/latest/	2.0.2	0	0	0	0	0	0	0	0	0	0	0	0	0	0	0	0	0	0	0	0	1	0	0	0	0	0	[]	[]	ampligone	AmpliGone	2025-07-29	iuc	https://github.com/galaxyproject/tools-iuc/tree/master/tools/ampligone	0	0	0	0	0	0	0	0	0	0	https://github.com/galaxyproject/tools-iuc/tree/main/tools/ampligone	0	0	0	0	0	0	0	0	0	0	@TOOL_VERSION@+galaxy@VERSION_SUFFIX@	To update	['Sequence Analysis', 'Fastq Manipulation']	['ampligone']	['fastqsanger', 'bed']					False
amrfinderplus	"""AMRFinderPlus is designed to find acquired antimicrobial resistance genes and point mutations in protein and/or assembled nucleotide sequences.It can also search ""plus"", stress, heat, and biocide resistance and virulence factors for some organisms."	['Antimicrobial resistance prediction']	['Antimicrobial resistance prediction']	['Microbiology', 'Public health and epidemiology', 'Infectious disease']	['Microbiology', 'Public health and epidemiology', 'Infectious disease']	https://github.com/ncbi/amr	4.2.7	0	0	0	0	0	1	0	0	0	0	0	0	0	0	0	0	0	0	0	1	1	1	0	0	1	0	[]	"[{'create_time': '2026-02-25', 'latest_version': '4', 'link': 'https://workflowhub.eu/workflows/2024?version=4', 'name': 'metagenomic-genes-catalogue/main'}, {'create_time': '2025-12-04', 'latest_version': '9', 'link': 'https://workflowhub.eu/workflows/1049?version=9', 'name': 'amr_gene_detection/main'}, {'create_time': '2026-05-02', 'latest_version': '0', 'link': 'https://usegalaxy.eu/published/workflow?id=3439bd061fafcf12', 'name': 'EU_AMRFinderPlus'}, {'create_time': '2026-04-30', 'latest_version': '0', 'link': 'https://usegalaxy.eu/published/workflow?id=ffd365c037373673', 'name': ""Workflow constructed from history 'BPC(EXCEPT Bpseudomallei)'""}, {'create_time': '2026-02-27', 'latest_version': '5', 'link': 'https://usegalaxy.eu/published/workflow?id=2c992e509aa5dd9d', 'name': 'Hybrid-Assembly'}, {'create_time': '2025-12-18', 'latest_version': '5', 'link': 'https://usegalaxy.eu/published/workflow?id=368d1ac0150ea0b6', 'name': 'AMRid_LR - FFCGI'}, {'create_time': '2025-12-18', 'latest_version': '0', 'link': 'https://usegalaxy.eu/published/workflow?id=5b940b283d91d99d', 'name': 'AMRid_SR - FFCGI '}, {'create_time': '2025-12-04', 'latest_version': '1', 'link': 'https://usegalaxy.eu/published/workflow?id=46b6812817c57a01', 'name': 'AMR Gene Detection (release v1.1.7)'}, {'create_time': '2024-08-06', 'latest_version': '14', 'link': 'https://usegalaxy.eu/published/workflow?id=eb5ab8bc82569eee', 'name': 'Nanopore AMR Workflow'}, {'create_time': '2025-09-18', 'latest_version': '1', 'link': 'https://usegalaxy.eu/published/workflow?id=32de10b9de8a999a', 'name': 'amr_gene_detection (release v1.1.6)'}, {'create_time': '2024-09-19', 'latest_version': '1', 'link': 'https://usegalaxy.eu/published/workflow?id=f30f8e7dcd50cd0d', 'name': 'amr_gene_detection (release v1.1.1)'}, {'create_time': '2024-09-19', 'latest_version': '1', 'link': 'https://usegalaxy.eu/published/workflow?id=abe85758e77c78e6', 'name': 'amr_gene_detection (release v1.1)'}, {'create_time': '2024-09-19', 'latest_version': '1', 'link': 'https://usegalaxy.eu/published/workflow?id=41d207d06a32ba05', 'name': 'amr_gene_detection (release v1.0)'}, {'create_time': '2024-09-26', 'latest_version': '1', 'link': 'https://usegalaxy.eu/published/workflow?id=e37cc0b64774561b', 'name': 'amr_gene_detection (release v1.1.2)'}, {'create_time': '2024-10-17', 'latest_version': '1', 'link': 'https://usegalaxy.eu/published/workflow?id=1ce523ef51f47134', 'name': 'amr_gene_detection (release v1.1.4)'}, {'create_time': '2024-10-17', 'latest_version': '1', 'link': 'https://usegalaxy.eu/published/workflow?id=34df701aa23a9fb3', 'name': 'amr_gene_detection (release v1.1.3)'}, {'create_time': '2024-10-31', 'latest_version': '1', 'link': 'https://usegalaxy.eu/published/workflow?id=b203dec6ee6da2fd', 'name': 'amr_gene_detection (release v1.1.5)'}, {'create_time': '2025-03-26', 'latest_version': '3', 'link': 'https://usegalaxy.eu/published/workflow?id=a448400f69594135', 'name': 'Metagenomic Genome annotation_Prokka'}, {'create_time': '2025-03-12', 'latest_version': '3', 'link': 'https://usegalaxy.eu/published/workflow?id=cc59ae1a9878942c', 'name': 'Metagenomic Genome Annotation_Bakta'}, {'create_time': '2024-07-31', 'latest_version': '14', 'link': 'https://usegalaxy.eu/published/workflow?id=fde21b5f5c169114', 'name': '[WGSBAC] Salmonella characterization from short-reads WGS data'}, {'create_time': '2024-08-02', 'latest_version': '5', 'link': 'https://usegalaxy.eu/published/workflow?id=309fc4fc2e0da89c', 'name': '[WGSBAC] Brucella characterization from short-reads WGS data'}, {'create_time': '2026-06-26', 'latest_version': '6', 'link': 'https://usegalaxy.org/published/workflow?id=84233173d92fa506', 'name': 'Genome assembly and annotation for LAB'}, {'create_time': '2025-11-18', 'latest_version': '7', 'link': 'https://usegalaxy.org/published/workflow?id=2079960d0a220e11', 'name': 'pipeline 2'}, {'create_time': '2026-04-07', 'latest_version': '2', 'link': 'https://usegalaxy.org/published/workflow?id=13e6c3e7030611db', 'name': 'AMRFinder-default-workflow'}, {'create_time': '2025-12-04', 'latest_version': '1', 'link': 'https://usegalaxy.org/published/workflow?id=f8fab0cd6fc30d92', 'name': 'AMR Gene Detection (release v1.1.7)'}, {'create_time': '2025-09-25', 'latest_version': '1', 'link': 'https://usegalaxy.org/published/workflow?id=d3dc805cd43b2737', 'name': 'amr_gene_detection (release v1.1.6)'}, {'create_time': '2025-09-01', 'latest_version': '0', 'link': 'https://usegalaxy.org/published/workflow?id=9c0fbd9f51a9857f', 'name': 'daniel_workflow2'}, {'create_time': '2024-09-19', 'latest_version': '1', 'link': 'https://usegalaxy.org/published/workflow?id=2b4b1fe82258f303', 'name': 'amr_gene_detection (release v1.1.1)'}, {'create_time': '2024-09-19', 'latest_version': '1', 'link': 'https://usegalaxy.org/published/workflow?id=fde774a049875466', 'name': 'amr_gene_detection (release v1.1)'}, {'create_time': '2024-09-26', 'latest_version': '1', 'link': 'https://usegalaxy.org/published/workflow?id=3c177fdf38311118', 'name': 'amr_gene_detection (release v1.1.2)'}, {'create_time': '2024-10-03', 'latest_version': '1', 'link': 'https://usegalaxy.org/published/workflow?id=ef187f85b103d858', 'name': 'amr_gene_detection (release v1.1.3)'}, {'create_time': '2024-10-17', 'latest_version': '1', 'link': 'https://usegalaxy.org/published/workflow?id=aaf8e740b3f8e2c0', 'name': 'amr_gene_detection (release v1.1.4)'}, {'create_time': '2024-10-31', 'latest_version': '1', 'link': 'https://usegalaxy.org/published/workflow?id=2078a54de1f2628d', 'name': 'amr_gene_detection (release v1.1.5)'}]"	AMRFinderPlus	ncbi-amrfinderplus	2023-05-12	iuc	https://github.com/galaxyproject/tools-iuc/tree/master/tools/amrfinderplus	45130	1863	17362	0	64355	45130	1863	17362	0	64355	https://github.com/galaxyproject/tools-iuc/tree/main/tools/amrfinderplus	953	28	689	0	1670	953	28	689	0	1670	4.2.7	Up-to-date	['Sequence Analysis']	['amrfinderplus']	['tabular', 'fasta']		amrfinderplus	"AMRFinderPlus is designed to find acquired antimicrobial resistance genes and point mutations in protein and/or assembled nucleotide sequences.It can also search ""plus"", stress, heat, and biocide resistance and virulence factors for some organisms"	AMRFinderPlus	False
ancombc	Performs analysis of compositions of microbiomes with bias correction.	['DNA barcoding']	['DNA barcoding']	['Microbial ecology', 'Metagenomics', 'Taxonomy']	['Microbial ecology', 'Metagenomics', 'Taxonomy']	https://github.com/FrederickHuangLin/ANCOMBC	2.12.0	0	0	0	0	0	0	0	0	0	0	0	0	0	0	0	0	0	0	0	1	1	1	0	0	0	0	[]	[]	ancombc	bioconductor-ancombc	2022-07-16	iuc	https://github.com/galaxyproject/tools-iuc/tree/master/tools/ancombc	64	0	0	0	64	64	0	0	0	64	https://github.com/galaxyproject/tools-iuc/tree/main/tools/ancombc	20	0	0	0	20	20	0	0	0	20	1.4.0	To update	['Metagenomics']	['ancombc']	[]		ancombc	Determine taxa whose absolute abundances, per unit volume, of the ecosystem (e.g. gut) are significantly different with changes in the covariate of interest (e.g. group). The current version of ancombc function implements Analysis of Compositions of Microbiomes with Bias Correction (ANCOM-BC) in cross-sectional data while allowing for covariate adjustment.	ANCOMBC	False
artic	The artic pipeline is designed to help run the artic bioinformatics protocols;for example the nCoV-2019 novel coronavirus protocol.Features include: read filtering, primer trimming, amplicon coverage normalisation,variant calling and consensus building	['Sequence alignment']	['Sequence alignment']	['Genomics']	['Genomics']	https://github.com/artic-network/fieldbioinformatics	1.11.0	0	0	0	0	0	0	0	0	0	0	0	0	0	0	0	0	0	0	1	2	2	0	1	2	0	0	[]	[{'create_time': '2026-06-18', 'latest_version': '1', 'link': 'https://workflowhub.eu/workflows/2195?version=1', 'name': 'Viral Amplicon Analysis Pipeline for ONT Data'}, {'create_time': '2023-06-29', 'latest_version': '1', 'link': 'https://workflowhub.eu/workflows/521?version=1', 'name': 'SARS-CoV-2 ONT Amplicon Sequencing SANBI 1.0'}, {'create_time': '2025-03-18', 'latest_version': '79', 'link': 'https://usegalaxy.org.au/published/workflow?id=aa1d123c0a0929f3', 'name': 'MPXV (Mpox) Analysis pipeline for ONT - v2'}]	artic	artic	2020-04-17	iuc	https://github.com/galaxyproject/tools-iuc/tree/master/tools/artic	13444	0	0	1812	15256	13459	0	0	1812	15271	https://github.com/galaxyproject/tools-iuc/tree/main/tools/artic	206	0	0	34	240	206	0	0	34	240	1.7.3	To update	['Sequence Analysis']	['artic_guppyplex', 'artic_minion']	['bam', 'tabular', 'vcf_bgzip', 'fasta', 'txt']		artic	A bioinformatics pipeline for working with virus sequencing data sequenced with nanopore	ARTIC	False
bakta	"""Bakta is a tool for the rapid & standardized annotation of bacterial genomes and plasmids from both isolates and MAGs.It provides dbxref-rich and sORF-including annotations in machine-readable JSON & bioinformatics standard file formats for automatic downstream analysis."""	['Genome annotation']	['Genome annotation']	['Genomics', 'Sequence analysis', 'Bioinformatics']	['Genomics', 'Sequence analysis', 'Bioinformatics']	https://github.com/oschwengers/bakta	1.12.0	0	0	0	0	0	1	0	0	0	0	0	0	0	0	0	0	0	0	1	1	1	1	1	1	1	0	['https://training.galaxyproject.org/training-material/topics/genome-annotation/tutorials/amr-gene-detection/tutorial.html', 'https://training.galaxyproject.org/training-material/topics/genome-annotation/tutorials/bacterial-genome-annotation/tutorial.html', 'https://training.galaxyproject.org/training-material/topics/microbiome/tutorials/mags-building/tutorial.html']	[{'create_time': '2025-12-22', 'latest_version': '2', 'link': 'https://workflowhub.eu/workflows/1488?version=2', 'name': 'mrsa AMR gene detection'}, {'create_time': '2025-06-02', 'latest_version': '1', 'link': 'https://workflowhub.eu/workflows/1513?version=1', 'name': 'Bacterial Genome Annotation'}, {'create_time': '2025-11-22', 'latest_version': '4', 'link': 'https://workflowhub.eu/workflows/1352?version=4', 'name': 'mags-building/main'}, {'create_time': '2025-12-06', 'latest_version': '13', 'link': 'https://workflowhub.eu/workflows/1050?version=13', 'name': 'bacterial_genome_annotation/main'}, {'create_time': '2024-01-25', 'latest_version': '6', 'link': 'https://usegalaxy.fr/published/workflow?id=7964ddc68853458f', 'name': 'Bacterial genome annotation'}, {'create_time': '2026-06-08', 'latest_version': '4', 'link': 'https://usegalaxy.eu/published/workflow?id=b46d67d91391053d', 'name': 'Workflow Part 1 - Genome annotation and visualization'}, {'create_time': '2026-04-10', 'latest_version': '57', 'link': 'https://usegalaxy.eu/published/workflow?id=d0339e4a794f4922', 'name': 'Unnamed Workflow'}, {'create_time': '2026-03-23', 'latest_version': '4', 'link': 'https://usegalaxy.eu/published/workflow?id=2a1dc58e51d5f01a', 'name': 'Matériels et Méthodes TP OMICS Delafont'}, {'create_time': '2025-12-11', 'latest_version': '1', 'link': 'https://usegalaxy.eu/published/workflow?id=1306ed083d91a852', 'name': 'Bacterial Genome Annotation (release v1.2.0)'}, {'create_time': '2025-07-31', 'latest_version': '1', 'link': 'https://usegalaxy.eu/published/workflow?id=fd63b9884fda75b6', 'name': 'bacterial_genome_annotation (release v1.1.11)'}, {'create_time': '2025-04-09', 'latest_version': '7', 'link': 'https://usegalaxy.eu/published/workflow?id=29c565eff0080e42', 'name': 'ICE transfert analysis'}, {'create_time': '2025-06-20', 'latest_version': '11', 'link': 'https://usegalaxy.eu/published/workflow?id=4f9f7065975b3f97', 'name': 'MCT 5D T90-2'}, {'create_time': '2025-07-17', 'latest_version': '1', 'link': 'https://usegalaxy.eu/published/workflow?id=2c1a6da84d891cf2', 'name': 'bacterial_genome_annotation (release v1.1.10)'}, {'create_time': '2025-07-01', 'latest_version': '6', 'link': 'https://usegalaxy.eu/published/workflow?id=968f0ac2617aa524', 'name': 'Complete Genome Assembly '}, {'create_time': '2025-06-19', 'latest_version': '1', 'link': 'https://usegalaxy.eu/published/workflow?id=b1afc8d1e81fc904', 'name': 'bacterial_genome_annotation (release v1.1.9)'}, {'create_time': '2024-09-19', 'latest_version': '1', 'link': 'https://usegalaxy.eu/published/workflow?id=4a218fb93d78ba67', 'name': 'bacterial_genome_annotation (release v1.1.3)'}, {'create_time': '2024-09-19', 'latest_version': '1', 'link': 'https://usegalaxy.eu/published/workflow?id=bcd50e655809cfcb', 'name': 'bacterial_genome_annotation (release v1.1.2)'}, {'create_time': '2024-09-19', 'latest_version': '1', 'link': 'https://usegalaxy.eu/published/workflow?id=36ea584e0f60893e', 'name': 'bacterial_genome_annotation (release v1.1.1)'}, {'create_time': '2024-09-19', 'latest_version': '1', 'link': 'https://usegalaxy.eu/published/workflow?id=8792eaecb69fbc26', 'name': 'bacterial_genome_annotation (release v1.1)'}, {'create_time': '2024-09-19', 'latest_version': '1', 'link': 'https://usegalaxy.eu/published/workflow?id=61948fcaefa1418a', 'name': 'bacterial_genome_annotation (release v1.0)'}, {'create_time': '2024-09-26', 'latest_version': '1', 'link': 'https://usegalaxy.eu/published/workflow?id=d8db0b2e30370b84', 'name': 'bacterial_genome_annotation (release v1.1.4)'}, {'create_time': '2024-10-17', 'latest_version': '1', 'link': 'https://usegalaxy.eu/published/workflow?id=a18aed4b03ffd27e', 'name': 'bacterial_genome_annotation (release v1.1.6)'}, {'create_time': '2024-10-17', 'latest_version': '1', 'link': 'https://usegalaxy.eu/published/workflow?id=dfb8e0f3c534000e', 'name': 'bacterial_genome_annotation (release v1.1.5)'}, {'create_time': '2024-10-31', 'latest_version': '1', 'link': 'https://usegalaxy.eu/published/workflow?id=6b69ab27c565257b', 'name': 'bacterial_genome_annotation (release v1.1.7)'}, {'create_time': '2025-03-12', 'latest_version': '3', 'link': 'https://usegalaxy.eu/published/workflow?id=cc59ae1a9878942c', 'name': 'Metagenomic Genome Annotation_Bakta'}, {'create_time': '2024-09-27', 'latest_version': '37', 'link': 'https://usegalaxy.eu/published/workflow?id=7ecd92cb382d8168', 'name': 'MAGs individual workflow v1.9'}, {'create_time': '2024-07-31', 'latest_version': '14', 'link': 'https://usegalaxy.eu/published/workflow?id=fde21b5f5c169114', 'name': '[WGSBAC] Salmonella characterization from short-reads WGS data'}, {'create_time': '2024-08-02', 'latest_version': '5', 'link': 'https://usegalaxy.eu/published/workflow?id=309fc4fc2e0da89c', 'name': '[WGSBAC] Brucella characterization from short-reads WGS data'}, {'create_time': '2024-01-25', 'latest_version': '3', 'link': 'https://usegalaxy.eu/published/workflow?id=3f5fe28793ed0c6c', 'name': 'Bacterial genome annotation (imported from uploaded file)'}, {'create_time': '2026-06-26', 'latest_version': '6', 'link': 'https://usegalaxy.org/published/workflow?id=84233173d92fa506', 'name': 'Genome assembly and annotation for LAB'}, {'create_time': '2026-04-10', 'latest_version': '3', 'link': 'https://usegalaxy.org/published/workflow?id=074a0b1bc8273c16', 'name': 'kerfir_metagenomic'}, {'create_time': '2025-12-11', 'latest_version': '1', 'link': 'https://usegalaxy.org/published/workflow?id=67ca17ab34b10772', 'name': 'Bacterial Genome Annotation (release v1.2.0)'}, {'create_time': '2025-09-01', 'latest_version': '0', 'link': 'https://usegalaxy.org/published/workflow?id=9c0fbd9f51a9857f', 'name': 'daniel_workflow2'}, {'create_time': '2025-07-22', 'latest_version': '1', 'link': 'https://usegalaxy.org/published/workflow?id=562bcaa9b4d2e8a4', 'name': 'Vnat_WorkFlow_Basic'}, {'create_time': '2025-07-31', 'latest_version': '1', 'link': 'https://usegalaxy.org/published/workflow?id=49da012e2839c046', 'name': 'bacterial_genome_annotation (release v1.1.11)'}, {'create_time': '2025-07-22', 'latest_version': '3', 'link': 'https://usegalaxy.org/published/workflow?id=00596e862edb23f2', 'name': 'Bioinformatics Pipeline for Nanopore Sequencing Analysis'}, {'create_time': '2025-07-22', 'latest_version': '0', 'link': 'https://usegalaxy.org/published/workflow?id=69d8863d40524120', 'name': 'Vnat_20250721'}, {'create_time': '2025-07-22', 'latest_version': '4', 'link': 'https://usegalaxy.org/published/workflow?id=80ac6adead9f97d8', 'name': 'Workflow without bowtie quality=10'}, {'create_time': '2025-07-24', 'latest_version': '3', 'link': 'https://usegalaxy.org/published/workflow?id=7dd6e4150bb81ad1', 'name': 'Bioinformatics workflow-Ava Kuey'}, {'create_time': '2025-07-17', 'latest_version': '1', 'link': 'https://usegalaxy.org/published/workflow?id=649cdc14757e5755', 'name': 'bacterial_genome_annotation (release v1.1.10)'}, {'create_time': '2025-06-19', 'latest_version': '1', 'link': 'https://usegalaxy.org/published/workflow?id=3940186d02245b1d', 'name': 'bacterial_genome_annotation (release v1.1.9)'}, {'create_time': '2025-01-15', 'latest_version': '3', 'link': 'https://usegalaxy.org/published/workflow?id=547f86db467bf620', 'name': 'Genome Assembly of MRSA using Oxford Nanopore MinION Data (imported from uploaded file)'}, {'create_time': '2024-09-26', 'latest_version': '1', 'link': 'https://usegalaxy.org/published/workflow?id=8cb8a588a0495cfa', 'name': 'bacterial_genome_annotation (release v1.1.4)'}, {'create_time': '2024-09-26', 'latest_version': '1', 'link': 'https://usegalaxy.org/published/workflow?id=04c5ea133de3204c', 'name': 'bacterial_genome_annotation (release v1.1.3)'}, {'create_time': '2024-10-03', 'latest_version': '1', 'link': 'https://usegalaxy.org/published/workflow?id=993534c11310a207', 'name': 'bacterial_genome_annotation (release v1.1.5)'}, {'create_time': '2024-10-17', 'latest_version': '1', 'link': 'https://usegalaxy.org/published/workflow?id=d2a5f6a5181aada5', 'name': 'bacterial_genome_annotation (release v1.1.6)'}, {'create_time': '2024-10-31', 'latest_version': '1', 'link': 'https://usegalaxy.org/published/workflow?id=4f8bdd61c524b901', 'name': 'bacterial_genome_annotation (release v1.1.7)'}, {'create_time': '2026-04-02', 'latest_version': '1', 'link': 'https://usegalaxy.org.au/published/workflow?id=09ec031656620fb5', 'name': 'Bacterial Genome Annotation (release v1.2.0)'}, {'create_time': '2025-05-06', 'latest_version': '8', 'link': 'https://usegalaxy.org.au/published/workflow?id=b6bad1f167257248', 'name': 'DMarkGlasgow Genome Assembly Annotation'}]	bakta	bakta	2022-09-01	iuc	https://github.com/galaxyproject/tools-iuc/tree/master/tools/bakta	67465	3664	14351	33530	119010	67465	3664	14351	33530	119010	https://github.com/galaxyproject/tools-iuc/tree/main/tools/bakta	1503	84	1017	399	3003	1503	84	1017	399	3003	1.9.4	To update	['Sequence Analysis']	['bakta']	['tabular', 'gff3', 'fasta', 'txt', 'json', 'svg']		bakta	Rapid & standardized annotation of bacterial genomes, MAGs & plasmids	Bakta	False
bbtools	BBTools is a suite of fast, multithreaded bioinformatics tools designed for analysis of DNA and RNA sequence data.BBTools can handle common sequencing file formats such as fastq, fasta, sam, scarf, fasta+qual, compressed or raw,with autodetection of quality encoding and interleaving. It is written in Java and works on any platform supportingJava, including Linux, MacOS, and Microsoft Windows and Linux; there are no dependencies other than Java (version7 or higher). Program descriptions and options are shown when running the shell scripts with no parameters.	['RNA-Seq analysis', 'Sequence trimming', 'Read mapping', 'Sequence contamination filtering', 'Read binning', 'Sequence alignment']	['RNA-Seq analysis', 'Sequence trimming', 'Read mapping', 'Sequence contamination filtering', 'Read binning', 'Sequence alignment']	['RNA splicing', 'Whole genome sequencing', 'Phylogenetics', 'Metagenomics', 'RNA-Seq']	['Sequencing', 'RNA splicing', 'Whole genome sequencing', 'Phylogenetics', 'Metagenomics', 'RNA-Seq']	https://jgi.doe.gov/data-and-tools/bbtools/	39.81	0	0	0	0	0	1	6	6	0	0	0	0	0	0	0	0	0	0	0	4	6	6	0	4	6	0	[]	[{'create_time': '2022-11-24', 'latest_version': '1', 'link': 'https://workflowhub.eu/workflows/407?version=1', 'name': 'Workflow 3: AMR - SeqSero2/SISTR'}, {'create_time': '2023-06-28', 'latest_version': '1', 'link': 'https://workflowhub.eu/workflows/519?version=1', 'name': 'SARS-CoV-2 Illumina Amplicon pipeline - SANBI - v1.2'}, {'create_time': '2024-12-13', 'latest_version': '1', 'link': 'https://usegalaxy.eu/published/workflow?id=d967194ca51ff11e', 'name': 'SARS CoV-2 ILLUMINA AMPLICON PIPELINE-SANBI-V1.0'}, {'create_time': '2023-04-08', 'latest_version': '12', 'link': 'https://usegalaxy.org.au/published/workflow?id=25f65a29ce3c3ee0', 'name': 'Cleaning'}]	bbtools	bbmap	2021-10-04	iuc	https://github.com/galaxyproject/tools-iuc/tree/master/tools/bbtools	25287	134	10487	3537	39445	25287	134	10487	3537	39445	https://github.com/galaxyproject/tools-iuc/tree/main/tools/bbtools	413	5	562	172	1152	413	5	562	172	1152	39.08	To update	['Sequence Analysis']	['bbtools_bbduk', 'bbtools_bbmap', 'bbtools_bbmerge', 'bbtools_bbnorm', 'bbtools_callvariants', 'bbtools_tadpole']	['fastqsanger', 'tabular', 'fasta', 'txt', 'bam', 'fastq', 'vcf']		bbmap	BBMap is a fast splice-aware aligner for RNA and DNA.  It is faster than almost all short-read aligners, yet retains unrivaled sensitivity and specificity, particularly for reads with many errors and indels.	BBMap	False
binette	Binning refinement tool	['Read binning']	['Read binning']	['Metagenomics']	['Metagenomics']	https://github.com/genotoul-bioinfo/Binette	1.2.1	0	0	0	0	0	0	0	1	0	0	0	0	0	0	0	0	0	0	1	1	1	1	0	1	1	0	['https://training.galaxyproject.org/training-material/topics/microbiome/tutorials/metagenomics-binning/tutorial.html']	[{'create_time': '2026-03-10', 'latest_version': '2', 'link': 'https://workflowhub.eu/workflows/2100?version=2', 'name': 'binning-evaluation/main'}, {'create_time': '2025-12-08', 'latest_version': '1', 'link': 'https://workflowhub.eu/workflows/2028?version=1', 'name': 'Metagenomic Binning'}, {'create_time': '2025-11-22', 'latest_version': '4', 'link': 'https://workflowhub.eu/workflows/1352?version=4', 'name': 'mags-building/main'}, {'create_time': '2025-08-26', 'latest_version': '12', 'link': 'https://usegalaxy.eu/published/workflow?id=00f15824c7a9b196', 'name': 'FAIRyMAGs taxonomic binning evaluation '}, {'create_time': '2025-02-24', 'latest_version': '15', 'link': 'https://usegalaxy.eu/published/workflow?id=ce5c9287a67e6085', 'name': 'FAIRyMAGs binning evaluation'}, {'create_time': '2024-09-27', 'latest_version': '37', 'link': 'https://usegalaxy.eu/published/workflow?id=7ecd92cb382d8168', 'name': 'MAGs individual workflow v1.9'}, {'create_time': '2025-05-29', 'latest_version': '34', 'link': 'https://usegalaxy.org/published/workflow?id=7251c6e0dad8f927', 'name': 'Metagenomic Análisys'}]	binette	binette	2025-01-14	iuc	https://github.com/galaxyproject/tools-iuc/tree/master/tools/binette	359	49	17	0	425	359	49	17	0	425	https://github.com/galaxyproject/tools-iuc/tree/main/tools/binette	11	1	8	0	20	11	1	8	0	20	@TOOL_VERSION@+galaxy@VERSION_SUFFIX@	To update	['Metagenomics']	['binette']	['tabular']		binette	Binette is a fast and accurate binning refinement tool to constructs high quality MAGs from the output of multiple binning tools.	Binette	False
binning_refiner	Reconciles the outputs of different binning programs with the aim to improve the quality of genome bins,especially with respect to contamination levels.	['Read binning', 'Sequence clustering']	['Read binning', 'Sequence clustering']	['Metagenomics', 'Sequence assembly', 'Microbial ecology']	['Metagenomics', 'Sequence assembly', 'Microbial ecology']	https://github.com/songweizhi/Binning_refiner	1.4.3	0	0	0	0	0	0	0	1	0	0	0	0	0	0	0	0	0	0	0	1	1	1	0	0	0	0	[]	[]	binning_refiner	binning_refiner	2022-02-18	iuc	https://github.com/galaxyproject/tools-iuc/tree/master/tools/binning_refiner	236	0	0	0	236	236	0	0	0	236	https://github.com/galaxyproject/tools-iuc/tree/main/tools/binning_refiner	64	0	0	0	64	64	0	0	0	64	1.4.3	Up-to-date	['Metagenomics']	['bin_refiner']	['tabular']		binning_refiner	Improving genome bins through the combination of different binning programs	Binning_refiner	False
bmtagger	remove contaminant reads	['Data filtering', 'Read pre-processing']	['Read pre-processing']	['Metagenomics']	['Metagenomics']	https://ftp.ncbi.nlm.nih.gov/pub/agarwala/bmtagger/	3.101	0	0	0	0	0	0	0	1	0	0	0	0	0	0	0	0	0	0	0	0	1	0	0	0	0	0	[]	[]	bmtagger	bmtagger	2025-11-12	iuc	https://github.com/galaxyproject/tools-iuc/tree/master/tools/bmtagger	0	0	0	0	0	0	0	0	0	0	https://github.com/galaxyproject/tools-iuc/tree/main/tools/bmtagger	0	0	0	0	0	0	0	0	0	0	@TOOL_VERSION@+galaxy@VERSION_SUFFIX@	To update	['Metagenomics']	['bmtagger']	[]		bmtagger	Best Match Tagger for removing contaminant reads from metagenomics datasets	bmtagger	False
bracken	Bayesian Reestimation of Abundance with KrakEN	['Statistical calculation']	['Statistical calculation']	['Metagenomics', 'Microbial ecology']	['Metagenomics', 'Microbial ecology']	https://github.com/jenniferlu717/Bracken/releases	3.1p1	0	0	0	0	0	1	0	1	0	0	0	0	0	0	0	0	0	0	1	1	1	1	1	1	1	0	['https://training.galaxyproject.org/training-material/topics/ecology/tutorials/bacterial-isolate-species-contamination-checking/tutorial.html', 'https://training.galaxyproject.org/training-material/topics/microbiome/tutorials/taxonomic-profiling/tutorial.html', 'https://training.galaxyproject.org/training-material/topics/sequence-analysis/tutorials/quality-contamination-control/tutorial.html']	[{'create_time': '2025-12-22', 'latest_version': '1', 'link': 'https://workflowhub.eu/workflows/2043?version=1', 'name': 'Quality and contamination control in bacterial isolate using Illumina MiSeq Data'}, {'create_time': '2025-12-22', 'latest_version': '2', 'link': 'https://workflowhub.eu/workflows/1470?version=2', 'name': 'Taxonomic Profiling and Visualization of Metagenomic Data'}, {'create_time': '2025-12-22', 'latest_version': '2', 'link': 'https://workflowhub.eu/workflows/1674?version=2', 'name': 'Checking expected species and contamination in bacterial isolate'}, {'create_time': '2025-12-04', 'latest_version': '3', 'link': 'https://workflowhub.eu/workflows/1882?version=3', 'name': 'bacterial-quality-and-contamination-control-post-assembly/main'}, {'create_time': '2025-12-04', 'latest_version': '2', 'link': 'https://workflowhub.eu/workflows/1881?version=2', 'name': 'quality-and-contamination-control-raw-reads/main'}, {'create_time': '2025-06-02', 'latest_version': '1', 'link': 'https://workflowhub.eu/workflows/1644?version=1', 'name': 'Quality and contamination control in bacterial isolate using Illumina MiSeq Data'}, {'create_time': '2024-12-10', 'latest_version': '2', 'link': 'https://workflowhub.eu/workflows/1199?version=2', 'name': 'Taxonomy classification using Kraken2 and Bracken'}, {'create_time': '2025-06-19', 'latest_version': '11', 'link': 'https://workflowhub.eu/workflows/1052?version=11', 'name': 'quality-and-contamination-control/main'}, {'create_time': '2024-01-29', 'latest_version': '8', 'link': 'https://usegalaxy.fr/published/workflow?id=3d3b40398d1cd1ae', 'name': 'Checking expected species and contamination in bacterial isolate'}, {'create_time': '2025-11-28', 'latest_version': '3', 'link': 'https://usegalaxy.eu/published/workflow?id=7491883694fff308', 'name': 'Metagenomic Taxonomy Analysis '}, {'create_time': '2024-12-20', 'latest_version': '18', 'link': 'https://usegalaxy.eu/published/workflow?id=cb2df493f5e334f7', 'name': 'Metagenomic Taxonomy and Functional Analysis'}, {'create_time': '2025-10-23', 'latest_version': '12', 'link': 'https://usegalaxy.eu/published/workflow?id=6f878d8b43ef1521', 'name': 'Raw Nanopores files to Krona Pie Charts for Metagenomic Diversity Analysis'}, {'create_time': '2025-06-19', 'latest_version': '1', 'link': 'https://usegalaxy.eu/published/workflow?id=c930a54a30dcc7e3', 'name': 'Quality and Contamination Control For Genome Assembly (release v1.1.9)'}, {'create_time': '2025-05-15', 'latest_version': '1', 'link': 'https://usegalaxy.eu/published/workflow?id=bb63b5bb983fd49c', 'name': 'Quality and Contamination Control For Genome Assembly (release v1.1.8)'}, {'create_time': '2024-09-19', 'latest_version': '1', 'link': 'https://usegalaxy.eu/published/workflow?id=0a82eb8b44d9d502', 'name': 'Quality and Contamination Control For Genome Assembly (release v1.1.2)'}, {'create_time': '2024-09-19', 'latest_version': '1', 'link': 'https://usegalaxy.eu/published/workflow?id=0c47571d20535426', 'name': 'Quality and Contamination Control For Genome Assembly (release v1.1.1)'}, {'create_time': '2024-09-19', 'latest_version': '1', 'link': 'https://usegalaxy.eu/published/workflow?id=aafcfcb585c5ca75', 'name': 'Quality and Contamination Control For Genome Assembly (release v1.1)'}, {'create_time': '2024-09-19', 'latest_version': '1', 'link': 'https://usegalaxy.eu/published/workflow?id=884a4415b669690c', 'name': 'Quality and Contamination Control For Genome Assembly (release v1.0)'}, {'create_time': '2024-10-17', 'latest_version': '1', 'link': 'https://usegalaxy.eu/published/workflow?id=ebb131f2a6172081', 'name': 'Quality and Contamination Control For Genome Assembly (release v1.1.4)'}, {'create_time': '2024-10-17', 'latest_version': '1', 'link': 'https://usegalaxy.eu/published/workflow?id=47e14222073e7192', 'name': 'Quality and Contamination Control For Genome Assembly (release v1.1.3)'}, {'create_time': '2024-10-31', 'latest_version': '1', 'link': 'https://usegalaxy.eu/published/workflow?id=0abd32dbc5207b88', 'name': 'Quality and Contamination Control For Genome Assembly (release v1.1.5)'}, {'create_time': '2024-11-28', 'latest_version': '1', 'link': 'https://usegalaxy.eu/published/workflow?id=2fa2f67603772413', 'name': 'Quality and Contamination Control For Genome Assembly (release v1.1.6)'}, {'create_time': '2025-04-24', 'latest_version': '1', 'link': 'https://usegalaxy.eu/published/workflow?id=c14d2e8b3c191bc4', 'name': 'Quality and Contamination Control For Genome Assembly (release v1.1.7)'}, {'create_time': '2025-03-29', 'latest_version': '8', 'link': 'https://usegalaxy.eu/published/workflow?id=39d36a7ce0ef268d', 'name': 'Taxonomic Profiling and Visualization of Metagenomic Data (Updated)'}, {'create_time': '2024-11-21', 'latest_version': '1', 'link': 'https://usegalaxy.eu/published/workflow?id=b14845359b702444', 'name': 'Metagenomic_Workflow-Taxonomy_and_functional_analysis_with_alpha_diversity_mesure'}, {'create_time': '2023-12-14', 'latest_version': '0', 'link': 'https://usegalaxy.eu/published/workflow?id=4f0daf8e9dd54127', 'name': 'Taxonomic Profiling and Visualization of Metagenomic Data'}, {'create_time': '2026-05-11', 'latest_version': '17', 'link': 'https://usegalaxy.org/published/workflow?id=5308dc1278cef0b5', 'name': 'Metagenómica'}, {'create_time': '2026-04-10', 'latest_version': '3', 'link': 'https://usegalaxy.org/published/workflow?id=074a0b1bc8273c16', 'name': 'kerfir_metagenomic'}, {'create_time': '2026-03-26', 'latest_version': '14', 'link': 'https://usegalaxy.org/published/workflow?id=2572128d91500ba1', 'name': 'Ovary-chievers (single dataset)'}, {'create_time': '2026-04-04', 'latest_version': '5', 'link': 'https://usegalaxy.org/published/workflow?id=1643187038d1ff86', 'name': 'Ovary-achievers (dataset collections)'}, {'create_time': '2025-12-19', 'latest_version': '9', 'link': 'https://usegalaxy.org/published/workflow?id=bdd7011a908bc1aa', 'name': '16S Nanopore_taxonomy workflow'}, {'create_time': '2024-11-19', 'latest_version': '11', 'link': 'https://usegalaxy.org/published/workflow?id=9ba6da7dae465d3e', 'name': 'Metagenomics assembly illumina workflow'}, {'create_time': '2025-06-19', 'latest_version': '1', 'link': 'https://usegalaxy.org/published/workflow?id=323c651ca583c9e5', 'name': 'Quality and Contamination Control For Genome Assembly (release v1.1.9)'}, {'create_time': '2025-05-15', 'latest_version': '1', 'link': 'https://usegalaxy.org/published/workflow?id=de9bf4c1024f8d53', 'name': 'Quality and Contamination Control For Genome Assembly (release v1.1.8)'}, {'create_time': '2024-10-03', 'latest_version': '1', 'link': 'https://usegalaxy.org/published/workflow?id=9f68718f025bed30', 'name': 'Quality and Contamination Control For Genome Assembly (release v1.1.3)'}, {'create_time': '2024-10-17', 'latest_version': '1', 'link': 'https://usegalaxy.org/published/workflow?id=b6a795834009ce06', 'name': 'Quality and Contamination Control For Genome Assembly (release v1.1.4)'}, {'create_time': '2024-10-31', 'latest_version': '1', 'link': 'https://usegalaxy.org/published/workflow?id=623fc80c7f91a33a', 'name': 'Quality and Contamination Control For Genome Assembly (release v1.1.5)'}, {'create_time': '2024-11-28', 'latest_version': '1', 'link': 'https://usegalaxy.org/published/workflow?id=1be5c982c2d36a6c', 'name': 'Quality and Contamination Control For Genome Assembly (release v1.1.6)'}, {'create_time': '2025-03-20', 'latest_version': '1', 'link': 'https://usegalaxy.org/published/workflow?id=f378960ee55f567e', 'name': 'Quality and Contamination Control For Genome Assembly (release v1.1.2)'}, {'create_time': '2025-03-20', 'latest_version': '1', 'link': 'https://usegalaxy.org/published/workflow?id=dfd73857c0eb2a21', 'name': 'Quality and Contamination Control For Genome Assembly (release v1.1.1)'}, {'create_time': '2025-03-20', 'latest_version': '1', 'link': 'https://usegalaxy.org/published/workflow?id=2a782ad24271f570', 'name': 'Quality and Contamination Control For Genome Assembly (release v1.1)'}, {'create_time': '2025-04-24', 'latest_version': '1', 'link': 'https://usegalaxy.org/published/workflow?id=4f698eaeef30e364', 'name': 'Quality and Contamination Control For Genome Assembly (release v1.1.7)'}, {'create_time': '2026-04-21', 'latest_version': '15', 'link': 'https://usegalaxy.org.au/published/workflow?id=41331c03339e2b19', 'name': 'Genomic Assembly and analysis - RDH version 4'}, {'create_time': '2025-04-14', 'latest_version': '37', 'link': 'https://usegalaxy.org.au/published/workflow?id=2120112358db8e01', 'name': 'Genomic Assembly and analysis - RDH version 2'}, {'create_time': '2025-02-12', 'latest_version': '58', 'link': 'https://usegalaxy.org.au/published/workflow?id=92fcdd490831c6c5', 'name': 'Genomic Assembly and analysis - RDH'}, {'create_time': '2023-10-02', 'latest_version': '130', 'link': 'https://usegalaxy.org.au/published/workflow?id=a335b9c9103b57ad', 'name': 'Taxonomy classification using Kraken2 and Bracken'}]	bracken	bracken	2019-10-15	iuc	https://github.com/galaxyproject/tools-iuc/tree/master/tools/bracken	108307	12432	27569	8873	157181	108307	12432	27569	8873	157181	https://github.com/galaxyproject/tools-iuc/tree/main/tools/bracken	1714	59	804	265	2842	1714	59	804	265	2842	3.1	To update	['Sequence Analysis', 'Metagenomics']	['est_abundance']	['tabular', 'txt']		bracken	Bracken is a companion program to Kraken 1, KrakenUniq, or Kraken 2 While Kraken classifies reads to multiple levels in the taxonomic tree, Bracken allows estimation of abundance at a single level using those classifications (e.g. Bracken can estimate abundance of species within a sample).	Bracken	False
cami_amber	Evaluation package for the comparative assessment of genome reconstructions and taxonomic assignments	['Read binning']	['Read binning']	['Metagenomics']	['Metagenomics']	https://github.com/CAMI-challenge/AMBER	2.0.7	0	0	0	0	0	0	0	0	0	0	0	0	0	0	0	0	0	0	0	3	4	3	0	4	4	0	[]	[{'create_time': '2026-03-10', 'latest_version': '2', 'link': 'https://workflowhub.eu/workflows/2100?version=2', 'name': 'binning-evaluation/main'}, {'create_time': '2025-08-26', 'latest_version': '12', 'link': 'https://usegalaxy.eu/published/workflow?id=00f15824c7a9b196', 'name': 'FAIRyMAGs taxonomic binning evaluation '}, {'create_time': '2025-02-24', 'latest_version': '15', 'link': 'https://usegalaxy.eu/published/workflow?id=ce5c9287a67e6085', 'name': 'FAIRyMAGs binning evaluation'}, {'create_time': '2025-04-23', 'latest_version': '17', 'link': 'https://usegalaxy.eu/published/workflow?id=17d2e76147fc940c', 'name': 'FAIRyMAGs GTDB-Tk subworkflow'}, {'create_time': '2024-10-18', 'latest_version': '16', 'link': 'https://usegalaxy.eu/published/workflow?id=43098b8afe78b071', 'name': 'MAGs taxonomic binning evaluation'}, {'create_time': '2024-10-18', 'latest_version': '1', 'link': 'https://usegalaxy.eu/published/workflow?id=e4dabaf57668dbd1', 'name': 'GTDB-TK subworkflow'}]	cami_amber	cami-amber	2024-05-20	iuc	https://github.com/galaxyproject/tools-iuc/tree/master/tools/cami_amber	10522	0	0	0	10522	10522	0	0	0	10522	https://github.com/galaxyproject/tools-iuc/tree/main/tools/cami_amber	8	0	0	0	8	8	0	0	0	8	2.0.7	Up-to-date	['Metagenomics']	['biobox_add_taxid', 'cami_amber', 'cami_amber_add', 'cami_amber_convert']	['tabular', 'html']		cami-amber	AMBER is an evaluation package for the comparative assessment of genome reconstructions and taxonomic assignments from metagenome benchmark datasets. It provides performance metrics, results rankings, and comparative visualizations for assessing multiple programs or parameter effects. The provided metrics were used in the first community benchmarking challenge of the initiative for the Critical Assessment of Metagenomic Interpretation.	AMBER	False
checkm	Assess the quality of microbial genomes recovered from isolates, single cells, and metagenomes	['Sequence assembly validation', 'Validation', 'Sequence composition calculation', 'Sequencing quality control', 'Statistical calculation']	['Sequence assembly validation', 'Sequence composition calculation', 'Statistical calculation']	['Phylogenomics', 'Phylogenetics', 'Taxonomy', 'Metagenomics', 'Data quality management']	['Genomics', 'Phylogenomics', 'Phylogenetics', 'Taxonomy', 'Metagenomics', 'Data quality management']	https://github.com/Ecogenomics/CheckM	1.2.5	0	0	0	0	0	0	0	10	0	0	0	0	0	0	0	0	0	0	1	10	10	10	0	10	10	0	['https://training.galaxyproject.org/training-material/topics/microbiome/tutorials/mags-building/tutorial.html', 'https://training.galaxyproject.org/training-material/topics/microbiome/tutorials/metagenomics-binning/tutorial.html']	[{'create_time': '2025-11-22', 'latest_version': '4', 'link': 'https://workflowhub.eu/workflows/1352?version=4', 'name': 'mags-building/main'}, {'create_time': '2025-10-01', 'latest_version': '0', 'link': 'https://usegalaxy.eu/published/workflow?id=8c91345ed468e22d', 'name': 'MetaG_extended'}, {'create_time': '2025-12-18', 'latest_version': '0', 'link': 'https://usegalaxy.eu/published/workflow?id=5b940b283d91d99d', 'name': 'AMRid_SR - FFCGI '}, {'create_time': '2025-01-10', 'latest_version': '0', 'link': 'https://usegalaxy.eu/published/workflow?id=1e5f1d9a51032e44', 'name': 'MAGs co-assembly workflow 1.7'}, {'create_time': '2024-09-30', 'latest_version': '14', 'link': 'https://usegalaxy.eu/published/workflow?id=667bac8d7453e5f1', 'name': 'MetaG: Preparation, Building and Annotation of Metagenomics Assembled Genomes '}, {'create_time': '2024-12-20', 'latest_version': '1', 'link': 'https://usegalaxy.eu/published/workflow?id=0563f58718be932d', 'name': 'MAGs building with individual assembly'}, {'create_time': '2023-11-15', 'latest_version': '14', 'link': 'https://usegalaxy.eu/published/workflow?id=97312d273b6e8bd9', 'name': 'MAGs workflow'}, {'create_time': '2024-04-25', 'latest_version': '1', 'link': 'https://usegalaxy.eu/published/workflow?id=8deb08d4f228e198', 'name': 'Metawin'}, {'create_time': '2023-12-14', 'latest_version': '1', 'link': 'https://usegalaxy.eu/published/workflow?id=d57d41e306241396', 'name': 'MetaG_extended'}, {'create_time': '2023-03-29', 'latest_version': '13', 'link': 'https://usegalaxy.eu/published/workflow?id=3eaa913306c16146', 'name': 'MetaG_Galaxy_workshop'}, {'create_time': '2023-04-12', 'latest_version': '1', 'link': 'https://usegalaxy.eu/published/workflow?id=6416cfdbd5273063', 'name': 'Multi-omics Workshop Workflow'}, {'create_time': '2023-02-10', 'latest_version': '22', 'link': 'https://usegalaxy.eu/published/workflow?id=6158c3b5fc12044e', 'name': 'MetaG_extended'}, {'create_time': '2025-11-03', 'latest_version': '13', 'link': 'https://usegalaxy.org/published/workflow?id=80565301ada0d3eb', 'name': 'Automated Bacterial Pangenome Pipeline (V1.0)'}, {'create_time': '2025-05-29', 'latest_version': '34', 'link': 'https://usegalaxy.org/published/workflow?id=7251c6e0dad8f927', 'name': 'Metagenomic Análisys'}, {'create_time': '2026-04-21', 'latest_version': '15', 'link': 'https://usegalaxy.org.au/published/workflow?id=41331c03339e2b19', 'name': 'Genomic Assembly and analysis - RDH version 4'}, {'create_time': '2025-04-14', 'latest_version': '37', 'link': 'https://usegalaxy.org.au/published/workflow?id=2120112358db8e01', 'name': 'Genomic Assembly and analysis - RDH version 2'}, {'create_time': '2025-02-12', 'latest_version': '58', 'link': 'https://usegalaxy.org.au/published/workflow?id=92fcdd490831c6c5', 'name': 'Genomic Assembly and analysis - RDH'}]	checkm	checkm-genome	2022-07-29	iuc	https://github.com/galaxyproject/tools-iuc/tree/master/tools/checkm	12189	1469	1510	2254	17422	12189	1469	1510	2254	17422	https://github.com/galaxyproject/tools-iuc/tree/main/tools/checkm	717	50	179	96	1042	717	50	179	96	1042	1.2.5	Up-to-date	['Metagenomics']	['checkm_analyze', 'checkm_lineage_set', 'checkm_lineage_wf', 'checkm_plot', 'checkm_qa', 'checkm_taxon_set', 'checkm_taxonomy_wf', 'checkm_tetra', 'checkm_tree', 'checkm_tree_qa']	['tabular', 'zip', 'fasta', 'phyloxml', 'json', 'newick']		checkm	CheckM provides a set of tools for assessing the quality of genomes recovered from isolates, single cells, or metagenomes.	CheckM	False
checkm2	Rapid assessment of genome bin quality using machine learning	['Sequence assembly validation', 'Validation', 'Sequence composition calculation', 'Sequencing quality control', 'Statistical calculation']	['Sequence assembly validation', 'Sequence composition calculation', 'Statistical calculation']	['Phylogenomics', 'Phylogenetics', 'Taxonomy', 'Metagenomics', 'Data quality management']	['Genomics', 'Phylogenomics', 'Phylogenetics', 'Taxonomy', 'Metagenomics', 'Data quality management']	https://github.com/chklovski/CheckM2	1.1.0	0	0	0	0	0	1	0	1	0	0	0	0	0	0	0	0	0	0	0	1	1	1	0	1	1	0	['https://training.galaxyproject.org/training-material/topics/genome-annotation/tutorials/bacterial-genome-quality-control/tutorial.html']	[{'create_time': '2025-12-04', 'latest_version': '3', 'link': 'https://workflowhub.eu/workflows/1882?version=3', 'name': 'bacterial-quality-and-contamination-control-post-assembly/main'}, {'create_time': '2025-11-22', 'latest_version': '4', 'link': 'https://workflowhub.eu/workflows/1352?version=4', 'name': 'mags-building/main'}, {'create_time': '2025-12-08', 'latest_version': '1', 'link': 'https://usegalaxy.fr/published/workflow?id=f0776f7a890b523a', 'name': 'Quality control of bins generated by MetaBAT2, MaxBin2, SemiBin, and CONCOCT'}, {'create_time': '2025-09-03', 'latest_version': '10', 'link': 'https://usegalaxy.eu/published/workflow?id=c62d65832377e376', 'name': 'PHI Toolkit'}, {'create_time': '2026-03-23', 'latest_version': '4', 'link': 'https://usegalaxy.eu/published/workflow?id=2a1dc58e51d5f01a', 'name': 'Matériels et Méthodes TP OMICS Delafont'}, {'create_time': '2025-12-18', 'latest_version': '5', 'link': 'https://usegalaxy.eu/published/workflow?id=368d1ac0150ea0b6', 'name': 'AMRid_LR - FFCGI'}, {'create_time': '2025-12-01', 'latest_version': '16', 'link': 'https://usegalaxy.eu/published/workflow?id=7371b6918e895e0c', 'name': 'Quality control of bins generated by MetaBAT2, MaxBin2, SemiBin, and CONCOCT'}, {'create_time': '2025-07-31', 'latest_version': '1', 'link': 'https://usegalaxy.eu/published/workflow?id=ba1fda2318046543', 'name': 'Bacterial Genome Assembly using Shov (release v1.1.8)'}, {'create_time': '2025-06-19', 'latest_version': '1', 'link': 'https://usegalaxy.eu/published/workflow?id=e532d98f4b368666', 'name': 'Bacterial Genome Assembly using Shov (release v1.1.7)'}, {'create_time': '2025-05-22', 'latest_version': '1', 'link': 'https://usegalaxy.eu/published/workflow?id=3303a04887a47675', 'name': 'Bacterial Genome Assembly using Shov (release v1.1.6)'}, {'create_time': '2024-09-27', 'latest_version': '37', 'link': 'https://usegalaxy.eu/published/workflow?id=7ecd92cb382d8168', 'name': 'MAGs individual workflow v1.9'}, {'create_time': '2025-12-08', 'latest_version': '1', 'link': 'https://usegalaxy.org/published/workflow?id=a8aee61c2cbaf6ea', 'name': 'Quality control of bins generated by MetaBAT2, MaxBin2, SemiBin, and CONCOCT'}, {'create_time': '2025-07-31', 'latest_version': '1', 'link': 'https://usegalaxy.org/published/workflow?id=b76a9ce44ea019f1', 'name': 'Bacterial Genome Assembly using Shov (release v1.1.8)'}, {'create_time': '2025-06-19', 'latest_version': '1', 'link': 'https://usegalaxy.org/published/workflow?id=524602abe59b18f7', 'name': 'Bacterial Genome Assembly using Shov (release v1.1.7)'}, {'create_time': '2025-05-22', 'latest_version': '1', 'link': 'https://usegalaxy.org/published/workflow?id=5cd56232e873beab', 'name': 'Bacterial Genome Assembly using Shov (release v1.1.6)'}, {'create_time': '2025-12-08', 'latest_version': '1', 'link': 'https://usegalaxy.org.au/published/workflow?id=f05ed1e5c5dfffa9', 'name': 'Quality control of bins generated by MetaBAT2, MaxBin2, SemiBin, and CONCOCT'}]	checkm2	checkm2	2024-11-08	iuc	https://github.com/galaxyproject/tools-iuc/tree/master/tools/checkm2	1602	1268	1322	0	4192	1602	1268	1322	0	4192	https://github.com/galaxyproject/tools-iuc/tree/main/tools/checkm2	228	15	187	0	430	228	15	187	0	430	@TOOL_VERSION@+galaxy@VERSION_SUFFIX@	To update	['Metagenomics']	['checkm2']	['tabular']		checkm	CheckM provides a set of tools for assessing the quality of genomes recovered from isolates, single cells, or metagenomes.	CheckM	False
checkv	Assess quality of single-contig viral genomes	['Sequence assembly', 'Validation', 'Read mapping']	['Sequence assembly', 'Validation', 'Read mapping']	['Metagenomics', 'Sequence assembly', 'Metagenomic sequencing', 'Mapping']	['Metagenomics', 'Sequence assembly', 'Metagenomic sequencing', 'Mapping']	https://bitbucket.org/berkeleylab/checkv/	1.1.1	0	0	0	0	0	0	0	0	0	0	0	0	0	0	0	0	0	0	0	0	1	0	0	0	1	0	[]	[{'create_time': '2025-09-03', 'latest_version': '10', 'link': 'https://usegalaxy.eu/published/workflow?id=c62d65832377e376', 'name': 'PHI Toolkit'}, {'create_time': '2025-11-25', 'latest_version': '77', 'link': 'https://usegalaxy.eu/published/workflow?id=62392daea25a3980', 'name': 'Virus detection and analysis'}, {'create_time': '2025-05-16', 'latest_version': '29', 'link': 'https://usegalaxy.eu/published/workflow?id=87231a6a7938cb95', 'name': 'Metagenome (1 Sample run)'}, {'create_time': '2025-04-22', 'latest_version': '0', 'link': 'https://usegalaxy.eu/published/workflow?id=36de05d50c703164', 'name': 'Prophage Detection V2 (imported from uploaded file)'}]	checkv	checkv	2024-09-13	ufz	https://github.com/Helmholtz-UFZ/galaxy-tools/tree/master/tools/checkv	4527	0	21	0	4548	4527	0	21	0	4548	https://github.com/Helmholtz-UFZ/ufz-galaxy-tools/blob/main/tools/checkv/	83	0	1	0	84	83	0	1	0	84	@TOOL_VERSION@+galaxy@VERSION_SUFFIX@	To update	['Metagenomics']	['checkv_end_to_end']	['tabular', 'fasta']		checkv	CheckV is a fully automated command-line pipeline for assessing the quality of single-contig viral genomes, including identification of host contamination for integrated proviruses, estimating completeness for genome fragments, and identification of closed genomes.	CheckV	False
chromap	Fast alignment and preprocessing of chromatin profiles.	[]	[]	[]	[]	https://github.com/haowenz/chromap	0.3.2	0	0	0	0	0	0	0	0	0	0	0	0	0	0	0	0	0	0	0	0	1	0	0	0	0	0	[]	[{'create_time': '2024-11-04', 'latest_version': '2', 'link': 'https://workflowhub.eu/workflows/1104?version=2', 'name': 'Galaxy Workflow ERGA-BGE Genome Report ASM analyses (one-asm Long Reads + HiC)'}]	chromap	chromap	2026-02-17	iuc	https://github.com/galaxyproject/tools-iuc/tree/master/tools/chromap	0	0	0	0	0	0	0	0	0	0	https://github.com/galaxyproject/tools-iuc/tree/main/tools/chromap	0	0	0	0	0	0	0	0	0	0	0.3.2	Up-to-date	['Sequence Analysis', 'Next Gen Mappers']	['chromap']	['bed', 'txt']					False
colabfold	Protein prediction based on AlphaFold2	['Database search', 'Protein structure prediction', 'Fold recognition']	['Database search', 'Protein structure prediction', 'Fold recognition']	['Protein folds and structural domains', 'Protein folding, stability and design', 'Structure prediction', 'Sequence sites, features and motifs', 'Metagenomics']	['Protein folds and structural domains', 'Protein folding, stability and design', 'Structure prediction', 'Sequence sites, features and motifs', 'Metagenomics']	https://github.com/sokrypton/ColabFold		0	0	0	0	0	0	0	0	0	0	0	0	0	0	0	0	0	0	1	0	2	0	0	0	2	0	[]	[]	colabfold		2024-03-24	iuc	https://github.com/galaxyproject/tools-iuc/tree/master/tools/colabfold	0	0	10606	0	10606	0	0	10606	0	10606	https://github.com/galaxyproject/tools-iuc/tree/main/tools/colabfold	0	0	233	0	233	0	0	233	0	233	1.5.5	To update	['Proteomics', 'Graphics']	['colabfold_alphafold', 'colabfold_msa']	['colab.tar']		Colabfold	ColabFold databases are MMseqs2 expandable profile databases to generate diverse multiple sequence alignments to predict protein structures.	ColabFold	False
combine_metaphlan2_humann2	Combine MetaPhlAn2 and HUMAnN2 outputs to relate genus/species abundances and gene families/pathways abundances	['Aggregation']	['Aggregation']	['Metagenomics', 'Molecular interactions, pathways and networks']	['Metagenomics', 'Molecular interactions, pathways and networks']			0	0	0	0	0	0	0	0	0	0	0	0	0	0	0	0	0	0	1	1	1	1	0	0	1	0	['https://training.galaxyproject.org/training-material/topics/microbiome/tutorials/metatranscriptomics/tutorial.html']	"[{'create_time': '2025-06-23', 'latest_version': '2', 'link': 'https://workflowhub.eu/workflows/1466?version=2', 'name': 'Metatranscriptomics analysis using microbiome RNA-seq data'}, {'create_time': '2025-06-16', 'latest_version': '4', 'link': 'https://usegalaxy.fr/published/workflow?id=c4f6062e51d0f45e', 'name': 'Metatranscriptomics analysis using microbiome RNA-seq data'}, {'create_time': '2026-05-14', 'latest_version': '5', 'link': 'https://usegalaxy.eu/published/workflow?id=69eddfde874af35b', 'name': 'Metatranscriptomics analysis using microbiome RNA-seq data'}, {'create_time': '2025-01-28', 'latest_version': '0', 'link': 'https://usegalaxy.eu/published/workflow?id=9472be79da012999', 'name': ""Workflow constructed from history 'Data Analysis Presentation'""}]"	combine_metaphlan2_humann2	python	2023-07-20	bebatut	https://github.com/bgruening/galaxytools/tree/master/tools/combine_metaphlan_humann	1972	25	128	0	2125	1972	25	128	0	2125	https://github.com/bgruening/galaxytools/tree/master/tools/combine_metaphlan2_humann2	112	12	31	0	155	112	12	31	0	155	0.3.0	To update	['Metagenomics']	['combine_metaphlan_humann']	['tabular']		combine_metaphlan_and_humann	This tool combine MetaPhlAn outputs and HUMANnN outputs	Combine Metaphlan and HUMAnN	False
comebin	Binning of metagenomic contigs using COntrastive Multi-viEw representation learning	[]	[]	[]	[]	https://github.com/ziyewang/COMEBin	1.0.4	0	0	0	0	0	0	0	1	0	0	0	0	0	0	0	0	0	0	0	0	1	1	0	0	0	0	[]	[]	comebin	comebin	2025-07-03	iuc	https://github.com/galaxyproject/tools-iuc/tree/master/tools/comebin	2	0	0	0	2	2	0	0	0	2	https://github.com/galaxyproject/tools-iuc/tree/main/tools/comebin	1	0	0	0	1	1	0	0	0	1	1.0.4	Up-to-date	['Metagenomics']	['comebin']	[]					False
compare_humann2_output	Compare outputs of HUMAnN2 for several samples and extract similar and specific information	['Comparison']	['Comparison']	['Metagenomics', 'Gene and protein families']	['Metagenomics', 'Gene and protein families']			0	0	0	0	0	0	0	0	0	0	0	0	0	0	0	0	0	0	0	1	0	0	1	0	0	0	[]	[]	compare_humann2_output		2022-10-19	bebatut	https://github.com/bgruening/galaxytools/tree/master/tools/compare_humann2_output	248	0	0	0	248	332	0	0	0	332	https://github.com/bgruening/galaxytools/tree/master/tools/compare_humann2_output	23	0	0	0	23	32	0	0	0	32	0.2.0	To update	['Metagenomics']	['compare_humann2_output']	['tabular', 'txt']		compare_humann2_outputs	This tool compare HUMANnN2 outputs with gene families or pathways and their relative abundances between several samples	Compare HUMAnN2 outputs	False
concoct	CONCOCT (Clustering cONtigs with COverage and ComposiTion) does unsupervised binning of metagenomic contigs byusing nucleotide composition - kmer frequencies - and coverage data for multiple samples. CONCOCT can accurately(up to species level) bin metagenomic contigs.	['Sequence clustering', 'Read binning']	['Sequence clustering', 'Read binning']	['Metagenomics']	['Metagenomics']	https://github.com/BinPro/CONCOCT	1.1.0	0	0	0	0	0	0	0	5	0	0	0	0	0	0	0	0	0	0	5	5	5	5	0	5	5	0	['https://training.galaxyproject.org/training-material/topics/microbiome/tutorials/metagenomics-binning/tutorial.html']	[{'create_time': '2026-03-10', 'latest_version': '2', 'link': 'https://workflowhub.eu/workflows/2100?version=2', 'name': 'binning-evaluation/main'}, {'create_time': '2025-12-08', 'latest_version': '1', 'link': 'https://workflowhub.eu/workflows/2028?version=1', 'name': 'Metagenomic Binning'}, {'create_time': '2025-11-22', 'latest_version': '4', 'link': 'https://workflowhub.eu/workflows/1352?version=4', 'name': 'mags-building/main'}, {'create_time': '2025-08-26', 'latest_version': '12', 'link': 'https://usegalaxy.eu/published/workflow?id=00f15824c7a9b196', 'name': 'FAIRyMAGs taxonomic binning evaluation '}, {'create_time': '2025-02-24', 'latest_version': '15', 'link': 'https://usegalaxy.eu/published/workflow?id=ce5c9287a67e6085', 'name': 'FAIRyMAGs binning evaluation'}, {'create_time': '2024-09-27', 'latest_version': '37', 'link': 'https://usegalaxy.eu/published/workflow?id=7ecd92cb382d8168', 'name': 'MAGs individual workflow v1.9'}, {'create_time': '2024-10-18', 'latest_version': '16', 'link': 'https://usegalaxy.eu/published/workflow?id=43098b8afe78b071', 'name': 'MAGs taxonomic binning evaluation'}, {'create_time': '2025-01-10', 'latest_version': '0', 'link': 'https://usegalaxy.eu/published/workflow?id=1e5f1d9a51032e44', 'name': 'MAGs co-assembly workflow 1.7'}, {'create_time': '2024-12-20', 'latest_version': '1', 'link': 'https://usegalaxy.eu/published/workflow?id=0563f58718be932d', 'name': 'MAGs building with individual assembly'}, {'create_time': '2023-11-15', 'latest_version': '14', 'link': 'https://usegalaxy.eu/published/workflow?id=97312d273b6e8bd9', 'name': 'MAGs workflow'}, {'create_time': '2023-08-23', 'latest_version': '2', 'link': 'https://usegalaxy.eu/published/workflow?id=58f779d238d569dc', 'name': 'CONCOCT'}]	concoct	concoct	2022-02-18	iuc	https://github.com/galaxyproject/tools-iuc/tree/master/tools/concoct	9955	3085	187	0	13227	9955	3085	187	0	13227	https://github.com/galaxyproject/tools-iuc/tree/main/tools/concoct	107	4	19	0	130	107	4	19	0	130	1.1.0	Up-to-date	['Metagenomics']	['concoct', 'concoct_coverage_table', 'concoct_cut_up_fasta', 'concoct_extract_fasta_bins', 'concoct_merge_cut_up_clustering']	['csv', 'txt', 'tabular', 'fasta', 'bed']		concoct	A program for unsupervised binning of metagenomic contigs by using nucleotide composition, coverage data in multiple samples and linkage data from paired end reads.	CONCOCT	False
contig_annotation_tool	Contig Annotation Tool (CAT)	['Taxonomic classification', 'Sequence assembly', 'Coding region prediction']	['Taxonomic classification', 'Sequence assembly', 'Coding region prediction']	['Metagenomics', 'Metagenomic sequencing', 'Taxonomy', 'Sequence assembly']	['Metagenomics', 'Metagenomic sequencing', 'Taxonomy', 'Sequence assembly']	https://github.com/dutilh/CAT	6.0.1	0	0	0	0	0	0	0	0	0	0	0	0	0	0	0	0	0	0	5	5	5	5	5	2	5	0	[]	[{'create_time': '2026-02-10', 'latest_version': '1', 'link': 'https://usegalaxy.eu/published/workflow?id=7be08f99f83c927e', 'name': 'Sadowsky_MetaG-DBgen_02102026'}, {'create_time': '2025-10-01', 'latest_version': '0', 'link': 'https://usegalaxy.eu/published/workflow?id=8c91345ed468e22d', 'name': 'MetaG_extended'}, {'create_time': '2025-09-23', 'latest_version': '1', 'link': 'https://usegalaxy.eu/published/workflow?id=9a97c6eb4fe015e7', 'name': 'MetaG_noCAzyme'}, {'create_time': '2024-09-30', 'latest_version': '14', 'link': 'https://usegalaxy.eu/published/workflow?id=667bac8d7453e5f1', 'name': 'MetaG: Preparation, Building and Annotation of Metagenomics Assembled Genomes '}, {'create_time': '2024-04-25', 'latest_version': '1', 'link': 'https://usegalaxy.eu/published/workflow?id=8deb08d4f228e198', 'name': 'Metawin'}, {'create_time': '2023-12-14', 'latest_version': '1', 'link': 'https://usegalaxy.eu/published/workflow?id=d57d41e306241396', 'name': 'MetaG_extended'}, {'create_time': '2023-03-29', 'latest_version': '13', 'link': 'https://usegalaxy.eu/published/workflow?id=3eaa913306c16146', 'name': 'MetaG_Galaxy_workshop'}, {'create_time': '2023-04-12', 'latest_version': '1', 'link': 'https://usegalaxy.eu/published/workflow?id=6416cfdbd5273063', 'name': 'Multi-omics Workshop Workflow'}, {'create_time': '2023-02-10', 'latest_version': '22', 'link': 'https://usegalaxy.eu/published/workflow?id=6158c3b5fc12044e', 'name': 'MetaG_extended'}, {'create_time': '2019-12-11', 'latest_version': '27', 'link': 'https://usegalaxy.eu/published/workflow?id=02631612a43a4d9b', 'name': 'MetaG'}, {'create_time': '2021-01-04', 'latest_version': '12', 'link': 'https://usegalaxy.org/published/workflow?id=33d90e718ce500ef', 'name': 'metagenomics'}]	contig_annotation_tool	cat	2019-11-27	iuc	https://github.com/galaxyproject/tools-iuc/tree/master/tools/cat	17418	0	1590	848	19856	17676	0	1750	875	20301	https://github.com/galaxyproject/tools-iuc/tree/main/tools/cat	257	0	216	84	557	267	0	231	85	583	5.2.3	To update	['Metagenomics']	['cat_add_names', 'cat_bins', 'cat_contigs', 'cat_prepare', 'cat_summarise']	['tabular', 'txt']		cat_bins	Contig Annotation Tool (CAT) and Bin Annotation Tool (BAT) are pipelines for the taxonomic classification of long DNA sequences and metagenome assembled genomes (MAGs/bins) of both known and (highly) unknown microorganisms, as generated by contemporary metagenomics studies. The core algorithm of both programs involves gene calling, mapping of predicted ORFs against the nr protein database, and voting-based classification of the entire contig / MAG based on classification of the individual ORFs.	CAT and BAT	False
control_freec	Control-FREEC is a tool for detection of copy-number changes and allelic imbalances (including LOH) using deep-sequencing data originally developed by the Bioinformatics Laboratory of Institut Curie (Paris). It automatically computes, normalizes, segments copy number and beta allele frequency (BAF) profiles, then calls copy number alterations and LOH.	['Copy number estimation', 'Variant calling', 'Genome alignment']	['Copy number estimation', 'Variant calling', 'Genome alignment']	['Oncology', 'Human genetics', 'Data mining']	['DNA structural variation', 'Oncology', 'Human genetics', 'Data mining']	http://boevalab.inf.ethz.ch/FREEC/		0	0	0	0	0	0	0	0	0	0	0	0	0	0	0	0	0	0	1	1	1	1	1	1	0	0	['https://training.galaxyproject.org/training-material/topics/variant-analysis/tutorials/somatic-variant-discovery/tutorial.html']	[{'create_time': '2025-06-02', 'latest_version': '1', 'link': 'https://workflowhub.eu/workflows/1651?version=1', 'name': 'Somatic-Variant-Discovery-from-WES-Data-Using-Control-FREEC'}, {'create_time': '2023-11-23', 'latest_version': '1', 'link': 'https://workflowhub.eu/workflows/676?version=1', 'name': 'Somatic-Variant-Discovery-from-WES-Data-Using-Control-FREEC'}, {'create_time': '2025-11-30', 'latest_version': '0', 'link': 'https://usegalaxy.eu/published/workflow?id=d17839eaeac6c4c8', 'name': 'Somatic Variant Discovery'}, {'create_time': '2023-11-22', 'latest_version': '18', 'link': 'https://usegalaxy.eu/published/workflow?id=75e88603745e069e', 'name': 'Somatic-Variant-Discovery-from-WES-Data-Using-Control-FREEC'}, {'create_time': '2023-06-16', 'latest_version': '11', 'link': 'https://usegalaxy.eu/published/workflow?id=2c3d05023c02113e', 'name': 'Somatic variant discovery from WES tumor/normal sample pairs (hg38)'}, {'create_time': '2022-10-15', 'latest_version': '1', 'link': 'https://usegalaxy.eu/published/workflow?id=5ed38d8114bcd6f7', 'name': 'MIRACUM - somatic variant discovery from WES data (hg38 version)'}, {'create_time': '2022-06-23', 'latest_version': '0', 'link': 'https://usegalaxy.eu/published/workflow?id=b1d1694b95ed10e1', 'name': ' Control-FREEC/MIRACUM - somatic variant discovery from WES data'}, {'create_time': '2021-11-10', 'latest_version': '4', 'link': 'https://usegalaxy.eu/published/workflow?id=6ed1016dfdf9f928', 'name': 'MIRACUM - somatic variant discovery from WES data (imported from uploaded file)'}, {'create_time': '2022-01-19', 'latest_version': '35', 'link': 'https://usegalaxy.eu/published/workflow?id=7cc253b53379b727', 'name': 'EU Galaxy pipeline conversion of the DxNextflowWGS pipeline'}, {'create_time': '2021-04-15', 'latest_version': '2', 'link': 'https://usegalaxy.eu/published/workflow?id=220961d803697f54', 'name': 'MIRACUM - somatic variant discovery from WES data'}]	control_freec	gawk	2020-07-22	iuc	https://github.com/galaxyproject/tools-iuc/tree/master/tools/freec	1565	17	0	201	1783	1575	17	0	201	1793	https://github.com/galaxyproject/tools-iuc/tree/main/tools/freec	118	1	0	4	123	118	1	0	4	123	11.6	To update	['Variant Analysis']	['control_freec']	['tabular', 'txt', 'bed', 'png']		freec	A tool for control-free copy number alteration (CNA) and allelic imbalances (LOH) detection using deep-sequencing data, particularly useful for cancer studies.	FREEC	False
coverm	CoverM genome and contig wrappers	['Local alignment']	['Local alignment']	['Metagenomics', 'Sequence analysis']	['Metagenomics', 'Sequence analysis']	https://github.com/wwood/CoverM	0.7.0	0	0	0	0	0	0	0	2	0	0	0	0	0	0	0	0	0	0	1	2	2	2	0	2	2	0	['https://training.galaxyproject.org/training-material/topics/assembly/tutorials/metagenomics-assembly/tutorial.html', 'https://training.galaxyproject.org/training-material/topics/microbiome/tutorials/metagenomics-assembly/tutorial.html']	[{'create_time': '2026-02-25', 'latest_version': '4', 'link': 'https://workflowhub.eu/workflows/2024?version=4', 'name': 'metagenomic-genes-catalogue/main'}, {'create_time': '2025-06-16', 'latest_version': '2', 'link': 'https://workflowhub.eu/workflows/1390?version=2', 'name': 'Assembly of metagenomic sequencing data'}, {'create_time': '2025-11-22', 'latest_version': '4', 'link': 'https://workflowhub.eu/workflows/1352?version=4', 'name': 'mags-building/main'}, {'create_time': '2025-11-25', 'latest_version': '77', 'link': 'https://usegalaxy.eu/published/workflow?id=62392daea25a3980', 'name': 'Virus detection and analysis'}, {'create_time': '2025-10-01', 'latest_version': '0', 'link': 'https://usegalaxy.eu/published/workflow?id=8c91345ed468e22d', 'name': 'MetaG_extended'}, {'create_time': '2024-11-24', 'latest_version': '74', 'link': 'https://usegalaxy.eu/published/workflow?id=2ee0eb74e839b476', 'name': 'Microbial-genes-recovery'}, {'create_time': '2024-09-27', 'latest_version': '37', 'link': 'https://usegalaxy.eu/published/workflow?id=7ecd92cb382d8168', 'name': 'MAGs individual workflow v1.9'}, {'create_time': '2025-01-10', 'latest_version': '0', 'link': 'https://usegalaxy.eu/published/workflow?id=1e5f1d9a51032e44', 'name': 'MAGs co-assembly workflow 1.7'}, {'create_time': '2024-09-30', 'latest_version': '14', 'link': 'https://usegalaxy.eu/published/workflow?id=667bac8d7453e5f1', 'name': 'MetaG: Preparation, Building and Annotation of Metagenomics Assembled Genomes '}, {'create_time': '2024-12-20', 'latest_version': '1', 'link': 'https://usegalaxy.eu/published/workflow?id=0563f58718be932d', 'name': 'MAGs building with individual assembly'}, {'create_time': '2023-11-15', 'latest_version': '14', 'link': 'https://usegalaxy.eu/published/workflow?id=97312d273b6e8bd9', 'name': 'MAGs workflow'}, {'create_time': '2024-04-25', 'latest_version': '1', 'link': 'https://usegalaxy.eu/published/workflow?id=8deb08d4f228e198', 'name': 'Metawin'}, {'create_time': '2023-12-14', 'latest_version': '1', 'link': 'https://usegalaxy.eu/published/workflow?id=d57d41e306241396', 'name': 'MetaG_extended'}, {'create_time': '2023-02-10', 'latest_version': '22', 'link': 'https://usegalaxy.eu/published/workflow?id=6158c3b5fc12044e', 'name': 'MetaG_extended'}]	coverm	coverm	2022-04-26	iuc	https://github.com/galaxyproject/tools-iuc/tree/master/tools/coverm	3594	565	414	125	4698	3594	565	414	125	4698	https://github.com/galaxyproject/tools-iuc/tree/main/tools/coverm	147	7	14	11	179	147	7	14	11	179	0.7.0	Up-to-date	['Sequence Analysis']	['coverm_contig', 'coverm_genome']	['tabular']		coverm	Read coverage calculator for metagenomics	CoverM	False
dada2	DADA2 wrappers	['Variant calling', 'DNA barcoding']	['Variant calling', 'DNA barcoding']	['Sequencing', 'Genetic variation', 'Microbial ecology', 'Metagenomics']	['Sequencing', 'Genetic variation', 'Microbial ecology', 'Metagenomics']	https://benjjneb.github.io/dada2/index.html	1.38.0	0	0	0	0	0	10	10	0	0	0	0	0	0	0	0	0	0	0	10	10	11	11	10	10	10	0	['https://training.galaxyproject.org/training-material/topics/microbiome/tutorials/dada-16S/tutorial.html']	"[{'create_time': '2025-07-07', 'latest_version': '2', 'link': 'https://workflowhub.eu/workflows/1395?version=2', 'name': 'Building an amplicon sequence variant (ASV) table from 16S data using DADA2'}, {'create_time': '2025-03-26', 'latest_version': '3', 'link': 'https://workflowhub.eu/workflows/790?version=3', 'name': 'dada2/main'}, {'create_time': '2023-02-11', 'latest_version': '1', 'link': 'https://usegalaxy.fr/published/workflow?id=b5d86d505c09d170', 'name': ""Workflow constructed from history 'ASVs Trematodes in Bulinus (Senegal)'""}, {'create_time': '2026-05-06', 'latest_version': '6', 'link': 'https://usegalaxy.eu/published/workflow?id=9cc870e892779f87', 'name': 'Analysis of metabarcoded Illumina paired-end data'}, {'create_time': '2026-05-04', 'latest_version': '5', 'link': 'https://usegalaxy.eu/published/workflow?id=791f3d7434433715', 'name': 'Analysis of metabarcoded ONT data'}, {'create_time': '2025-05-04', 'latest_version': '7', 'link': 'https://usegalaxy.eu/published/workflow?id=e3918808605cf8cd', 'name': 'khóa microbiome'}, {'create_time': '2024-03-14', 'latest_version': '1', 'link': 'https://usegalaxy.eu/published/workflow?id=b483cf6a138d2372', 'name': 'dada2 amplicon analysis pipeline - for paired en (release v0.1)'}, {'create_time': '2024-09-19', 'latest_version': '1', 'link': 'https://usegalaxy.eu/published/workflow?id=642f4c47028031d7', 'name': 'dada2 amplicon analysis pipeline - for paired en (release v0.2)'}, {'create_time': '2025-03-06', 'latest_version': '1', 'link': 'https://usegalaxy.eu/published/workflow?id=7b557efda89bb998', 'name': 'dada2 amplicon analysis pipeline - for paired en (release v0.3)'}, {'create_time': '2022-02-11', 'latest_version': '5', 'link': 'https://usegalaxy.eu/published/workflow?id=e132370adf8f2838', 'name': 'NPDN 2022 DADA2'}, {'create_time': '2022-01-11', 'latest_version': '6', 'link': 'https://usegalaxy.eu/published/workflow?id=48d0dc424e71d8c2', 'name': 'dada2 main pipeline (16S/18S)'}, {'create_time': '2025-03-06', 'latest_version': '3', 'link': 'https://usegalaxy.org/published/workflow?id=0942f2f3386e6b41', 'name': 'dada2 amplicon analysis pipeline - for paired en (release v0.3)'}, {'create_time': '2025-12-05', 'latest_version': '1', 'link': 'https://usegalaxy.org/published/workflow?id=38f9fc867c4d1f40', 'name': 'METABARCODING Lopez'}, {'create_time': '2024-03-14', 'latest_version': '1', 'link': 'https://usegalaxy.org/published/workflow?id=ecf3a7f9da7409ef', 'name': 'dada2 amplicon analysis pipeline - for paired en (release v0.1)'}, {'create_time': '2024-09-19', 'latest_version': '1', 'link': 'https://usegalaxy.org/published/workflow?id=78e60413358273bc', 'name': 'dada2 amplicon analysis pipeline - for paired en (release v0.2)'}, {'create_time': '2024-07-19', 'latest_version': '0', 'link': 'https://usegalaxy.org/published/workflow?id=4faff660f6defa10', 'name': 'Building an amplicon sequence variant (ASV) table from 16S data using DADA2'}, {'create_time': '2023-08-14', 'latest_version': '1', 'link': 'https://usegalaxy.org/published/workflow?id=5df593510c7d944d', 'name': 'DADA2 (Multiplexed reads to phyloseq tables)'}, {'create_time': '2022-04-10', 'latest_version': '3', 'link': 'https://usegalaxy.org/published/workflow?id=e067c4e66f0af362', 'name': 'Sample Workflow for 16s Bacterial Sequencing'}, {'create_time': '2022-02-22', 'latest_version': '0', 'link': 'https://usegalaxy.org/published/workflow?id=806ef8816168916f', 'name': 'NPDN 2022 DADA2 (imported from uploaded file)'}, {'create_time': '2024-03-21', 'latest_version': '1', 'link': 'https://usegalaxy.org.au/published/workflow?id=400fbd96fb04c60e', 'name': 'dada2 amplicon analysis pipeline - for paired en (release v0.1)'}, {'create_time': '2024-09-19', 'latest_version': '1', 'link': 'https://usegalaxy.org.au/published/workflow?id=1016f17b77a8216d', 'name': 'dada2 amplicon analysis pipeline - for paired en (release v0.2)'}, {'create_time': '2025-03-06', 'latest_version': '1', 'link': 'https://usegalaxy.org.au/published/workflow?id=2d05f15a9616cc47', 'name': 'dada2 amplicon analysis pipeline - for paired en (release v0.3)'}]"	dada2	bioconductor-dada2	2019-07-05	iuc	https://github.com/galaxyproject/tools-iuc/tree/master/tools/dada2	205808	38131	254475	52639	551053	209081	38131	270135	52639	569986	https://github.com/galaxyproject/tools-iuc/tree/main/tools/dada2	865	72	1301	179	2417	885	72	1344	179	2480	1.38.0	Up-to-date	['Metagenomics']	['dada2_assignTaxonomyAddspecies', 'dada2_dada', 'dada2_filterAndTrim', 'dada2_learnErrors', 'dada2_makeSequenceTable', 'dada2_mergePairs', 'dada2_plotComplexity', 'dada2_plotQualityProfile', 'dada2_primerCheck', 'dada2_removeBimeraDenovo', 'dada2_seqCounts']	['tabular', 'dada2_dada', 'dada2_errorrates', 'pdf', 'dada2_sequencetable', 'dada2_mergepairs', 'dada2_uniques']		dada2	This package infers exact sequence variants (SVs) from amplicon data, replacing the commonly used and coarser OTU clustering approach. This pipeline inputs demultiplexed fastq files, and outputs the sequence variants and their sample-wise abundances after removing substitution and chimera errors. Taxonomic classification is available via a native implementation of the RDP naive Bayesian classifier.	dada2	False
das_tool	DAS Tool for genome resolved metagenomics	['Read binning']	['Read binning']	['Metagenomics']	['Metagenomics']	https://github.com/cmks/DAS_Tool	1.1.7	0	0	0	0	0	0	0	2	0	0	0	0	0	0	0	0	0	0	2	2	2	2	0	2	2	0	['https://training.galaxyproject.org/training-material/topics/microbiome/tutorials/metagenomics-binning/tutorial.html']	[{'create_time': '2026-03-10', 'latest_version': '2', 'link': 'https://workflowhub.eu/workflows/2100?version=2', 'name': 'binning-evaluation/main'}, {'create_time': '2025-12-08', 'latest_version': '1', 'link': 'https://workflowhub.eu/workflows/2028?version=1', 'name': 'Metagenomic Binning'}, {'create_time': '2025-11-22', 'latest_version': '4', 'link': 'https://workflowhub.eu/workflows/1352?version=4', 'name': 'mags-building/main'}, {'create_time': '2025-08-26', 'latest_version': '12', 'link': 'https://usegalaxy.eu/published/workflow?id=00f15824c7a9b196', 'name': 'FAIRyMAGs taxonomic binning evaluation '}, {'create_time': '2025-02-24', 'latest_version': '15', 'link': 'https://usegalaxy.eu/published/workflow?id=ce5c9287a67e6085', 'name': 'FAIRyMAGs binning evaluation'}, {'create_time': '2024-09-27', 'latest_version': '37', 'link': 'https://usegalaxy.eu/published/workflow?id=7ecd92cb382d8168', 'name': 'MAGs individual workflow v1.9'}, {'create_time': '2024-10-18', 'latest_version': '16', 'link': 'https://usegalaxy.eu/published/workflow?id=43098b8afe78b071', 'name': 'MAGs taxonomic binning evaluation'}, {'create_time': '2025-01-10', 'latest_version': '0', 'link': 'https://usegalaxy.eu/published/workflow?id=1e5f1d9a51032e44', 'name': 'MAGs co-assembly workflow 1.7'}, {'create_time': '2024-12-20', 'latest_version': '1', 'link': 'https://usegalaxy.eu/published/workflow?id=0563f58718be932d', 'name': 'MAGs building with individual assembly'}, {'create_time': '2023-11-15', 'latest_version': '14', 'link': 'https://usegalaxy.eu/published/workflow?id=97312d273b6e8bd9', 'name': 'MAGs workflow'}]	das_tool	das_tool	2022-06-23	iuc	https://github.com/galaxyproject/tools-iuc/tree/master/tools/das_tool	6906	1185	283	0	8374	6906	1185	283	0	8374	https://github.com/galaxyproject/tools-iuc/tree/main/tools/das_tool	77	3	12	0	92	77	3	12	0	92	1.1.7	Up-to-date	['Metagenomics']	['Fasta_to_Contig2Bin', 'das_tool']	['tabular', 'txt', 'fasta']		dastool	DAS Tool is an automated method that integrates the results of a flexible number of binning algorithms to calculate an optimized, non-redundant set of bins from a single assembly.	dastool	False
data_manager_pima_pv_downloader	Data manager to download the PIMA plasmids_and_vectors.fasta files for use by the PIMA pipeline tools.	[]	[]	[]	[]	https://github.com/appliedbinf/pima_md		0	0	0	0	0	0	0	0	0	0	0	0	0	0	0	0	0	0	0	0	0	0	0	0	0	0	[]	[]	data_manager_pima_pv_downloader		2022-12-13	greg	https://github.com/gregvonkuster/galaxy_tools/tree/master/tools/data_managers/data_manager_pima_pv_downloader	0	0	0	0	0	0	0	0	0	0	https://github.com/gregvonkuster/galaxy_tools/tree/master/tools/data_managers/data_manager_pima_pv_downloader	0	0	0	0	0	0	0	0	0	0		To update	['Data Managers']	[]	[]					False
decontam	Removes decontamination features (ASVs/OTUs) using control samples	['Classification']	['Classification']	['Metagenomics', 'Microbial ecology', 'Sequencing']	['Metagenomics', 'Microbial ecology', 'Sequencing']	https://github.com/benjjneb/decontam	1.30.0	0	0	0	0	0	0	0	0	0	0	0	0	0	0	0	0	0	0	0	0	1	0	0	0	0	0	[]	[{'create_time': '2023-06-30', 'latest_version': '193', 'link': 'https://usegalaxy.eu/published/workflow?id=466bdd8ba7b67264', 'name': 'pAllori Amplicon 16S Pre-Processing and Taxonomy Classification'}]	decontam	bioconductor-decontam	2024-09-13	iuc	https://github.com/galaxyproject/tools-iuc/tree/master/tools/decontam	32	0	0	0	32	32	0	0	0	32	https://github.com/galaxyproject/tools-iuc/tree/main/tools/decontam	8	0	0	0	8	8	0	0	0	8	1.22.0	To update	['Metagenomics']	['decontam']	['png', 'tabular', 'phyloseq']		decontam	Simple statistical identification of contaminating sequence features in marker-gene or metagenomics data. Works on any kind of feature derived from environmental sequencing data. Requires DNA quantitation data or sequenced negative control samples.	decontam	False
decontaminator	Deep Learning method for novel virus detection in sequencing data	['Filtering']	['Filtering']	['Metagenomics']	['Metagenomics']	https://github.com/cbib/decontaminator		0	0	0	0	0	0	0	0	0	0	0	0	0	0	0	0	0	0	0	1	1	0	0	0	0	0	[]	[]	decontaminator	numpy	2023-01-09	iuc	https://github.com/galaxyproject/tools-iuc/tree/master/tools/decontaminator	349	0	0	0	349	349	0	0	0	349	https://github.com/galaxyproject/tools-iuc/tree/main/tools/decontaminator	41	0	0	0	41	41	0	0	0	41	1.0.0	To update	['Machine Learning']	['decontaminator']	['tabular', 'fasta']		decontaminator	Decontaminator is a deep learning helping tool that filters out phage or fungi contigs from plant virome RNAseq assemblies.	decontaminator	False
deeparg	A deep learning based approach to predict Antibiotic Resistance Genes (ARGs) from metagenomes	['Antimicrobial resistance prediction', 'Antimicrobial resistance prediction']	['Antimicrobial resistance prediction', 'Antimicrobial resistance prediction']	['Microbiology']	['Microbiology']	https://github.com/gaarangoa/deeparg	1.0.4	0	0	0	0	0	0	0	2	0	0	0	0	0	0	0	0	0	0	0	1	2	2	0	0	1	0	[]	[{'create_time': '2026-02-26', 'latest_version': '2', 'link': 'https://workflowhub.eu/workflows/2068?version=2', 'name': 'metagenomic-raw-reads-amr-analysis/main'}]	deeparg	deeparg	2024-10-07	iuc	https://github.com/galaxyproject/tools-iuc/tree/master/tools/deeparg	108	65	0	0	173	108	65	0	0	173	https://github.com/galaxyproject/tools-iuc/tree/main/tools/deeparg	20	4	0	0	24	20	4	0	0	24	1.0.4	Up-to-date	['Sequence Analysis']	['deeparg_predict', 'deeparg_short_reads']	['tabular']		deeparg	A deep learning based approach to predict Antibiotic Resistance Genes (ARGs) from metagenomes.	DeepARG	False
disco	DISCO is a overlap-layout-consensus (OLC) metagenome assembler	['Protein sequence analysis']	['Protein sequence analysis']	['Structure determination']	['Structure determination']	http://disco.omicsbio.org/	1.3	0	0	0	0	0	0	0	0	0	0	0	0	0	0	0	0	0	0	0	1	1	0	1	0	1	0	[]	[]	disco	disco	2017-10-26	iuc	https://github.com/galaxyproject/tools-iuc/tree/master/tools/disco	280	0	1525	0	1805	453	0	1690	0	2143	https://github.com/galaxyproject/tools-iuc/tree/main/tools/disco	127	0	406	0	533	163	0	435	0	598	@WRAPPER_VERSION@.1	To update	['Metagenomics', 'Assembly']	['disco']	['txt', 'fasta']		disco	DISCO is software to perform structure determination of protein homo-oligomers with cyclic symmetry.DISCO computes oligomeric protein structures using geometric constraints derived from RDCs and intermolecular distance restraints such as NOEs or disulfide bonds. When a reliable subunit structure can be calculated from intramolecular restraints, DISCO guarantees that all satisfying oligomer structures will be discovered, yet can run in minutes to hours on only a single desktop-class computer.	DISCO	False
dram	DRAM for distilling microbial metabolism to automate the curation of microbiome function	['Gene functional annotation']	['Gene functional annotation']	['Metagenomics', 'Biological databases', 'Molecular genetics']	['Metagenomics', 'Biological databases', 'Molecular genetics']	https://github.com/WrightonLabCSU/DRAM	1.5.0	0	0	0	0	0	0	0	0	0	0	0	0	0	0	0	0	0	0	0	5	5	0	0	0	0	0	[]	[]	dram	dram	2022-09-01	iuc	https://github.com/galaxyproject/tools-iuc/tree/master/tools/dram	13633	0	0	0	13633	13633	0	0	0	13633	https://github.com/galaxyproject/tools-iuc/tree/main/tools/dram	120	0	0	0	120	120	0	0	0	120	1.5.0	Up-to-date	['Metagenomics']	['dram_annotate', 'dram_distill', 'dram_merge_annotations', 'dram_neighborhoods', 'dram_strainer']	['fasta', 'gff3', 'tabular', 'genbank', 'xlsx', 'html']		dram	Distilled and Refined Annotation of Metabolism: A tool for the annotation and curation of function for microbial and viral genomes	DRAM	False
draw_amr_matrix	Accepts a collection of best AMR feature hits, an optional AMR deletions BED file, an optional AMR mutations TSV file and a AMR gene drug mappings file and draws an AMR matrix.	[]	[]	[]	[]	https://github.com/gregvonkuster/galaxy_tools	2.31.1	0	0	0	0	0	0	0	0	0	0	0	0	0	0	0	0	0	0	0	0	0	0	0	0	0	0	[]	[]	draw_amr_matrix	bedtools	2023-02-10	greg	https://github.com/gregvonkuster/galaxy_tools/tree/master/tools/pima/draw_amr_matrix	0	0	0	0	0	0	0	0	0	0	https://github.com/gregvonkuster/galaxy_tools/tree/master/tools/pima/draw_amr_matrix	0	0	0	0	0	0	0	0	0	0	1.0.0	To update	['Visualization']	['draw_amr_matrix']	['txt']					False
drep	dRep compares and dereplicates genome sets	['Genome comparison']	['Genome comparison']	['Metagenomics', 'Sequence analysis']	['Metagenomics', 'Genomics', 'Sequence analysis']	https://github.com/MrOlm/drep	3.7.1	0	0	0	0	0	0	0	2	0	0	0	0	0	0	0	0	0	0	2	2	2	2	2	2	2	0	['https://training.galaxyproject.org/training-material/topics/genome-annotation/tutorials/bacterial-genome-quality-control/tutorial.html', 'https://training.galaxyproject.org/training-material/topics/microbiome/tutorials/mags-building/tutorial.html', 'https://training.galaxyproject.org/training-material/topics/microbiome/tutorials/metagenomics-binning/tutorial.html']	[{'create_time': '2025-11-22', 'latest_version': '4', 'link': 'https://workflowhub.eu/workflows/1352?version=4', 'name': 'mags-building/main'}, {'create_time': '2025-09-03', 'latest_version': '10', 'link': 'https://usegalaxy.eu/published/workflow?id=c62d65832377e376', 'name': 'PHI Toolkit'}, {'create_time': '2024-09-27', 'latest_version': '37', 'link': 'https://usegalaxy.eu/published/workflow?id=7ecd92cb382d8168', 'name': 'MAGs individual workflow v1.9'}, {'create_time': '2025-01-10', 'latest_version': '0', 'link': 'https://usegalaxy.eu/published/workflow?id=1e5f1d9a51032e44', 'name': 'MAGs co-assembly workflow 1.7'}, {'create_time': '2024-12-20', 'latest_version': '1', 'link': 'https://usegalaxy.eu/published/workflow?id=0563f58718be932d', 'name': 'MAGs building with individual assembly'}, {'create_time': '2023-11-15', 'latest_version': '14', 'link': 'https://usegalaxy.eu/published/workflow?id=97312d273b6e8bd9', 'name': 'MAGs workflow'}]	drep	drep	2020-01-06	iuc	https://github.com/galaxyproject/tools-iuc/tree/master/tools/drep	1708	1273	47	0	3028	1749	1273	47	0	3069	https://github.com/galaxyproject/tools-iuc/tree/main/tools/drep	113	38	13	0	164	115	38	13	0	166	3.6.2	To update	['Metagenomics']	['drep_compare', 'drep_dereplicate']	[]		drep	Fast and accurate genomic comparisons that enables improved genome recovery from metagenomes through de-replication.	dRep	False
eggnog_mapper	eggnog-mapper fast functional annotation of novel sequences	['Homology-based gene prediction', 'Genome annotation', 'Fold recognition', 'Information extraction', 'Query and retrieval']	['Homology-based gene prediction', 'Genome annotation', 'Fold recognition', 'Information extraction', 'Query and retrieval']	['Metagenomics', 'Phylogeny', 'Transcriptomics', 'Workflows', 'Sequence analysis']	['Metagenomics', 'Phylogeny', 'Transcriptomics', 'Workflows', 'Sequence analysis']	https://github.com/eggnogdb/eggnog-mapper	2.1.13	0	0	0	0	0	0	0	0	0	0	0	0	0	0	0	0	0	0	3	3	3	3	3	3	3	0	['https://training.galaxyproject.org/training-material/topics/genome-annotation/tutorials/funannotate/tutorial.html', 'https://training.galaxyproject.org/training-material/topics/genome-annotation/tutorials/functional/tutorial.html']	"[{'create_time': '2026-02-25', 'latest_version': '4', 'link': 'https://workflowhub.eu/workflows/2024?version=4', 'name': 'metagenomic-genes-catalogue/main'}, {'create_time': '2025-01-31', 'latest_version': '1', 'link': 'https://workflowhub.eu/workflows/1262?version=1', 'name': 'functional-annotation-protein-sequences/main'}, {'create_time': '2025-06-02', 'latest_version': '1', 'link': 'https://workflowhub.eu/workflows/1525?version=1', 'name': 'Funannotate'}, {'create_time': '2025-06-02', 'latest_version': '1', 'link': 'https://workflowhub.eu/workflows/1521?version=1', 'name': 'Functional annotation'}, {'create_time': '2024-02-15', 'latest_version': '1', 'link': 'https://workflowhub.eu/workflows/755?version=1', 'name': 'Functional protein annotation using EggNOG-mapper and InterProScan'}, {'create_time': '2024-02-15', 'latest_version': '1', 'link': 'https://workflowhub.eu/workflows/754?version=1', 'name': 'Genome annotation with Funannotate'}, {'create_time': '2024-10-17', 'latest_version': '0', 'link': 'https://usegalaxy.cz/published/workflow?id=932f4901960a595a', 'name': 'Funannotate'}, {'create_time': '2026-02-10', 'latest_version': '1', 'link': 'https://usegalaxy.eu/published/workflow?id=7be08f99f83c927e', 'name': 'Sadowsky_MetaG-DBgen_02102026'}, {'create_time': '2026-04-01', 'latest_version': '11', 'link': 'https://usegalaxy.eu/published/workflow?id=cb81e7e2c0afd90a', 'name': 'Protein Annotation and Mapping - KL'}, {'create_time': '2025-11-11', 'latest_version': '1', 'link': 'https://usegalaxy.eu/published/workflow?id=6b79f4974f73593a', 'name': 'Genome assembly and gene annotation'}, {'create_time': '2025-11-14', 'latest_version': '2', 'link': 'https://usegalaxy.eu/published/workflow?id=e5becc6d66b2568c', 'name': 'Genome annotation (Funannotate), comparison (OrthoFinder) and visualization (JBrowse2 &amp; Circos) [Galaxy Training Material]'}, {'create_time': '2025-05-16', 'latest_version': '29', 'link': 'https://usegalaxy.eu/published/workflow?id=87231a6a7938cb95', 'name': 'Metagenome (1 Sample run)'}, {'create_time': '2024-11-24', 'latest_version': '74', 'link': 'https://usegalaxy.eu/published/workflow?id=2ee0eb74e839b476', 'name': 'Microbial-genes-recovery'}, {'create_time': '2025-02-06', 'latest_version': '1', 'link': 'https://usegalaxy.eu/published/workflow?id=2d2862b48918b22f', 'name': 'Functional annotation of protein sequences (release v0.1)'}, {'create_time': '2025-03-26', 'latest_version': '3', 'link': 'https://usegalaxy.eu/published/workflow?id=a448400f69594135', 'name': 'Metagenomic Genome annotation_Prokka'}, {'create_time': '2025-03-12', 'latest_version': '3', 'link': 'https://usegalaxy.eu/published/workflow?id=cc59ae1a9878942c', 'name': 'Metagenomic Genome Annotation_Bakta'}, {'create_time': '2024-04-14', 'latest_version': '0', 'link': 'https://usegalaxy.eu/published/workflow?id=c5e6047b3b256b06', 'name': ""Workflow constructed from history 'Copy of 'Hexe bleomycin''""}, {'create_time': '2021-11-01', 'latest_version': '72', 'link': 'https://usegalaxy.eu/published/workflow?id=9b9e1e28f3683f92', 'name': 'Cloud-Aerosole MT-MG Reference Gene Catalog Building'}, {'create_time': '2026-06-26', 'latest_version': '6', 'link': 'https://usegalaxy.org/published/workflow?id=84233173d92fa506', 'name': 'Genome assembly and annotation for LAB'}, {'create_time': '2026-01-07', 'latest_version': '1', 'link': 'https://usegalaxy.org/published/workflow?id=d3c400275889ce4b', 'name': 'Example_for_COGs_definition'}, {'create_time': '2025-11-03', 'latest_version': '13', 'link': 'https://usegalaxy.org/published/workflow?id=80565301ada0d3eb', 'name': 'Automated Bacterial Pangenome Pipeline (V1.0)'}, {'create_time': '2025-02-06', 'latest_version': '1', 'link': 'https://usegalaxy.org/published/workflow?id=92613e1e0b13aa0a', 'name': 'Functional annotation of protein sequences (release v0.1)'}, {'create_time': '2026-03-19', 'latest_version': '0', 'link': 'https://usegalaxy.org.au/published/workflow?id=a07809974079a317', 'name': ""Copy of Workflow constructed from history 'Unnamed history'""}, {'create_time': '2023-06-01', 'latest_version': '19', 'link': 'https://usegalaxy.org.au/published/workflow?id=4e161a8f5098cc49', 'name': 'Genome annotation with Funannotate, EggNog, Aegean Parseval, Busco, JBrowse'}, {'create_time': '2025-02-06', 'latest_version': '1', 'link': 'https://usegalaxy.org.au/published/workflow?id=876163677f1cccc4', 'name': 'Functional annotation of protein sequences (release v0.1)'}, {'create_time': '2023-12-18', 'latest_version': '6', 'link': 'https://usegalaxy.org.au/published/workflow?id=35f39173f0ac9179', 'name': 'CSBL-PGAP'}]"	eggnog_mapper	eggnog-mapper	2019-11-11	galaxyp	https://github.com/galaxyproteomics/tools-galaxyp/tree/master/tools/eggnog_mapper/eggnog_mapper	64994	66224	9634	25986	166838	65580	66224	9634	25986	167424	https://github.com/galaxyproteomics/tools-galaxyp/tree/master/tools/eggnog_mapper/eggnog_mapper	1977	144	518	541	3180	2018	144	518	541	3221	2.1.13	Up-to-date	['Proteomics']	['eggnog_mapper', 'eggnog_mapper_annotate', 'eggnog_mapper_search']	[]		eggnog-mapper-v2	EggNOG-mapper is a tool for fast functional annotation of novel sequences. It uses precomputed orthologous groups and phylogenies from the eggNOG database (http://eggnog5.embl.de) to transfer functional information from fine-grained orthologs only.	eggNOG-mapper v2	False
eukcc	Galaxy wrapper for EukCC	['Sequence assembly validation']	['Sequence assembly validation']	['Metagenomics']	['Metagenomics']	https://github.com/EBI-Metagenomics/EukCC	2.1.3	0	0	0	0	0	0	0	0	0	0	0	0	0	0	0	0	0	0	0	0	0	0	0	0	0	0	[]	[]	eukcc	eukcc	2025-07-25	ufz	https://github.com/Helmholtz-UFZ/galaxy-tools/tree/master/tools/eukcc	0	0	0	0	0	0	0	0	0	0	https://github.com/Helmholtz-UFZ/galaxy-tools/tree/main/tools/eukcc	0	0	0	0	0	0	0	0	0	0	2.1.3	Up-to-date	['Metagenomics']	['eukcc_single']	['tabular']		eukcc	EukCC is a completeness and contamination estimator for metagenomic assembled microbial eukaryotic genomes.	EukCC	False
eukrep	Classification of Eukaryotic and Prokaryotic sequences from metagenomic datasets	['Nucleic acid sequence analysis']	['Nucleic acid sequence analysis']	['Metagenomics']	['Metagenomics']	https://github.com/patrickwest/EukRep	0.6.7	0	0	0	0	0	0	0	0	0	0	0	0	0	0	0	0	0	0	0	0	1	0	0	0	0	0	[]	[]	eukrep	eukrep	2025-07-30	iuc	https://github.com/galaxyproject/tools-iuc/tree/master/tools/eukrep	0	0	0	0	0	0	0	0	0	0	https://github.com/galaxyproject/tools-iuc/tree/main/tools/eukrep	0	0	0	0	0	0	0	0	0	0	@TOOL_VERSION@+galaxy@VERSION_SUFFIX@	To update	['Metagenomics']	['eukrep']	['fasta', 'txt']		eukrep	Classification of Eukaryotic and Prokaryotic sequences from metagenomic datasets	EukRep	False
fairy	Fast approximate contig coverage for metagenomic binning	['Read binning', 'Sequence assembly validation']	['Read binning', 'Sequence assembly validation']	['Metagenomics']	['Metagenomics']	https://github.com/bluenote-1577/fairy	0.5.8	0	0	0	0	0	0	0	0	0	0	0	0	0	0	0	0	0	0	0	0	2	0	0	0	0	0	[]	[]	fairy	fairy	2024-12-20	iuc	https://github.com/galaxyproject/tools-iuc/tree/master/tools/fairy	148	0	0	0	148	148	0	0	0	148	https://github.com/galaxyproject/tools-iuc/tree/main/tools/fairy	5	0	0	0	5	5	0	0	0	5	0.5.8	Up-to-date	['Metagenomics']	['fairy_cov', 'fairy_sketch']	['tabular', 'bcsp']		fairy	fast approximate contig coverage for metagenomic binningFairy computes multi-sample contig coverage for metagenome-assembled genome (MAG) binning.Fairy is used after metagenomic assembly and before binning. It can- Calculate coverage 100x-1000x faster than read alignment (e.g. BWA)- Give comparable bins for multi-sample binning (short read or nanopore reads)- Output formats that are compatible with MetaBAT2, MaxBin2, SemiBin2, and more	fairy	False
fargene	fARGene (Fragmented Antibiotic Resistance Gene iENntifiEr )	['Antimicrobial resistance prediction']	['Antimicrobial resistance prediction']	['Metagenomics', 'Microbiology', 'Public health and epidemiology']	['Metagenomics', 'Microbiology', 'Public health and epidemiology', 'Antimicrobial resistance']	https://github.com/fannyhb/fargene	0.1	0	0	0	0	0	0	0	1	0	0	0	0	0	0	0	0	0	0	1	1	1	1	1	0	1	0	[]	[]	fargene	fargene	2019-08-30	iuc	https://github.com/galaxyproject/tools-iuc/tree/master/tools/fargene	895	2	1203	0	2100	1011	2	1346	0	2359	https://github.com/galaxyproject/tools-iuc/tree/main/tools/fargene	150	2	262	0	414	159	2	287	0	448	0.1	Up-to-date	['Sequence Analysis']	['fargene']	['txt', 'tar.gz']		fargene	fARGene (Fragmented Antibiotic Resistance Gene iENntifiEr ) is a tool that takes either fragmented metagenomic data or longer sequences as input and predicts and delivers full-length antiobiotic resistance genes as output.	fARGene	False
fastspar	Tool for rapid and scalable correlation estimation for compositional data.	[]	[]	['Metagenomics', 'Microbial ecology']	['Metagenomics', 'Microbial ecology']	https://github.com/scwatts/fastspar/	1.0.0	0	0	0	0	0	0	0	0	0	0	0	0	0	0	0	0	0	0	0	0	3	0	0	0	0	0	[]	[]	fastspar	fastspar	2025-06-16	iuc	https://github.com/galaxyproject/tools-iuc/tree/master/tools/fastspar	2	0	0	0	2	2	0	0	0	2	https://github.com/galaxyproject/tools-iuc/tree/main/tools/fastspar	1	0	0	0	1	1	0	0	0	1	1.0.0	Up-to-date	['Metagenomics', 'Statistics']	['fastspar', 'fastspar_pvalues', 'fastspar_reduce']	['tabular']		FastSpar	FastSpar is a C++ implementation of the SparCC algorithm for fast correlation estimation from compositional count data such as microbiome OTU tables.	FastSpar	False
flye	Assembly of long and error-prone reads.	['Genome assembly', 'De-novo assembly', 'Mapping assembly', 'Cross-assembly']	['Genome assembly', 'De-novo assembly', 'Mapping assembly', 'Cross-assembly']	['Sequence assembly', 'Metagenomics', 'Whole genome sequencing']	['Sequence assembly', 'Metagenomics', 'Whole genome sequencing', 'Genomics']	https://github.com/fenderglass/Flye/	2.9.6	0	0	0	0	0	1	1	1	0	0	0	0	0	0	0	0	0	0	1	1	1	1	1	1	1	0	['https://training.galaxyproject.org/training-material/topics/assembly/tutorials/chloroplast-assembly/tutorial.html', 'https://training.galaxyproject.org/training-material/topics/assembly/tutorials/hifi-assembly/tutorial.html', 'https://training.galaxyproject.org/training-material/topics/assembly/tutorials/hybrid_denovo_assembly/tutorial.html', 'https://training.galaxyproject.org/training-material/topics/assembly/tutorials/largegenome/tutorial.html', 'https://training.galaxyproject.org/training-material/topics/assembly/tutorials/mrsa-nanopore/tutorial.html', 'https://training.galaxyproject.org/training-material/topics/microbiome/tutorials/pathogen-detection-from-nanopore-foodborne-data/tutorial.html']	"[{'create_time': '2026-01-05', 'latest_version': '2', 'link': 'https://workflowhub.eu/workflows/1613?version=2', 'name': 'Genome Assembly of MRSA using Oxford Nanopore MinION (and Illumina data if available)'}, {'create_time': '2025-11-03', 'latest_version': '1', 'link': 'https://workflowhub.eu/workflows/2011?version=1', 'name': 'Hybrid Genome Assembly Tutorial Workflow'}, {'create_time': '2025-06-02', 'latest_version': '1', 'link': 'https://workflowhub.eu/workflows/1621?version=1', 'name': 'Genome Assembly using PacBio data'}, {'create_time': '2025-06-02', 'latest_version': '1', 'link': 'https://workflowhub.eu/workflows/1617?version=1', 'name': 'Chloroplast-genome-assembly-and-annotation'}, {'create_time': '2025-06-02', 'latest_version': '1', 'link': 'https://workflowhub.eu/workflows/1595?version=1', 'name': 'Assembly with Flye - upgraded'}, {'create_time': '2025-06-02', 'latest_version': '1', 'link': 'https://workflowhub.eu/workflows/1495?version=1', 'name': 'Gene-based Pathogen Identification'}, {'create_time': '2024-09-03', 'latest_version': '1', 'link': 'https://workflowhub.eu/workflows/1114?version=1', 'name': 'Genome assembly workflow for nanopore reads, for TSI'}, {'create_time': '2024-06-26', 'latest_version': '1', 'link': 'https://workflowhub.eu/workflows/1062?version=1', 'name': 'gene-based-pathogen-identification/main'}, {'create_time': '2024-03-11', 'latest_version': '1', 'link': 'https://workflowhub.eu/workflows/788?version=1', 'name': 'ERGA ONT+Illumina Assembly+QC Flye+HyPo v2403 (WF2)'}, {'create_time': '2026-02-20', 'latest_version': '4', 'link': 'https://workflowhub.eu/workflows/750?version=4', 'name': 'assembly-with-flye/main'}, {'create_time': '2021-11-08', 'latest_version': '1', 'link': 'https://workflowhub.eu/workflows/225?version=1', 'name': 'Assembly with Flye'}, {'create_time': '2020-08-05', 'latest_version': '1', 'link': 'https://workflowhub.eu/workflows/51?version=1', 'name': 'ONT -- Assembly-Flye-AhrensLab'}, {'create_time': '2026-06-22', 'latest_version': '4', 'link': 'https://usegalaxy.eu/published/workflow?id=5cd71f9a190cae1b', 'name': '(EU) SSP 2026 — MRSA QC, Assembly and Mapping Pipeline'}, {'create_time': '2026-04-10', 'latest_version': '57', 'link': 'https://usegalaxy.eu/published/workflow?id=d0339e4a794f4922', 'name': 'Unnamed Workflow'}, {'create_time': '2025-11-11', 'latest_version': '1', 'link': 'https://usegalaxy.eu/published/workflow?id=6b79f4974f73593a', 'name': 'Genome assembly and gene annotation'}, {'create_time': '2025-12-23', 'latest_version': '1', 'link': 'https://usegalaxy.eu/published/workflow?id=1c4c2eaaf177ba2c', 'name': 'hybrid assembly-update'}, {'create_time': '2026-02-27', 'latest_version': '5', 'link': 'https://usegalaxy.eu/published/workflow?id=2c992e509aa5dd9d', 'name': 'Hybrid-Assembly'}, {'create_time': '2026-02-26', 'latest_version': '1', 'link': 'https://usegalaxy.eu/published/workflow?id=36cba3f275da3f70', 'name': 'Genome assembly with Fly (release v0.4)'}, {'create_time': '2025-12-18', 'latest_version': '5', 'link': 'https://usegalaxy.eu/published/workflow?id=368d1ac0150ea0b6', 'name': 'AMRid_LR - FFCGI'}, {'create_time': '2024-08-06', 'latest_version': '14', 'link': 'https://usegalaxy.eu/published/workflow?id=eb5ab8bc82569eee', 'name': 'Nanopore AMR Workflow'}, {'create_time': '2025-07-31', 'latest_version': '1', 'link': 'https://usegalaxy.eu/published/workflow?id=b1d9e56aef03672b', 'name': 'Genome assembly with Fly (release v0.3)'}, {'create_time': '2025-07-01', 'latest_version': '6', 'link': 'https://usegalaxy.eu/published/workflow?id=968f0ac2617aa524', 'name': 'Complete Genome Assembly '}, {'create_time': '2025-06-28', 'latest_version': '28', 'link': 'https://usegalaxy.eu/published/workflow?id=c9ef2d2ce92e2dfb', 'name': 'Genome Assembly of V. natriegens using Oxford Nanopore MinION'}, {'create_time': '2022-04-19', 'latest_version': '9', 'link': 'https://usegalaxy.eu/published/workflow?id=83a1b8949d87e3da', 'name': 'ORG.one_Workflow_v1.0'}, {'create_time': '2024-02-15', 'latest_version': '1', 'link': 'https://usegalaxy.eu/published/workflow?id=0ebfab0e957b7267', 'name': 'Genome assembly with Fly (release v0.1)'}, {'create_time': '2024-04-04', 'latest_version': '1', 'link': 'https://usegalaxy.eu/published/workflow?id=9ddb703e1db13504', 'name': 'Genome assembly with Fly (release v0.2)'}, {'create_time': '2024-09-19', 'latest_version': '1', 'link': 'https://usegalaxy.eu/published/workflow?id=77e5bbd317750915', 'name': 'Gene-based Pathogen Identification (release v0.1)'}, {'create_time': '2023-04-13', 'latest_version': '142', 'link': 'https://usegalaxy.eu/published/workflow?id=585c21b7b1d864fc', 'name': 'Gene-based Pathogen Identification'}, {'create_time': '2021-08-14', 'latest_version': '15', 'link': 'https://usegalaxy.eu/published/workflow?id=34a07bf6407510ef', 'name': 'Nanopore genome sequencing'}, {'create_time': '2023-12-14', 'latest_version': '0', 'link': 'https://usegalaxy.eu/published/workflow?id=152223c8aed27357', 'name': 'Flye-AMR workflow EMC/WMDI - v3.5  (imported from URL)'}, {'create_time': '2022-08-24', 'latest_version': '10', 'link': 'https://usegalaxy.eu/published/workflow?id=cf8591391a17a914', 'name': 'ONT genome assembly (prokaryote)'}, {'create_time': '2023-01-10', 'latest_version': '20', 'link': 'https://usegalaxy.eu/published/workflow?id=2b888e200dfd91bc', 'name': 'Pathogen-Detection-Nanopore-Gene-based-pathogenic-Identification'}, {'create_time': '2022-03-27', 'latest_version': '3', 'link': 'https://usegalaxy.eu/published/workflow?id=86cf02cc0868d238', 'name': '02_Assembly'}, {'create_time': '2022-03-21', 'latest_version': '8', 'link': 'https://usegalaxy.eu/published/workflow?id=bf48b0eb15e8ff75', 'name': '27255_matinnu'}, {'create_time': '2021-12-03', 'latest_version': '1', 'link': 'https://usegalaxy.eu/published/workflow?id=8b2f53745e720d0f', 'name': 'Metagenome of water samples'}, {'create_time': '2021-10-14', 'latest_version': '8', 'link': 'https://usegalaxy.eu/published/workflow?id=30b514cfb9cce524', 'name': 'Genome Assembly'}, {'create_time': '2020-09-15', 'latest_version': '2', 'link': 'https://usegalaxy.eu/published/workflow?id=d2f75f70c33394ee', 'name': 'Lumpy Skin Disease virus de novo assembly v 0.6'}, {'create_time': '2020-12-03', 'latest_version': '6', 'link': 'https://usegalaxy.eu/published/workflow?id=4ddbffe4b3fef275', 'name': 'Genome Assembly of MRSA using Oxford Nanopore MinION Data'}, {'create_time': '2019-07-05', 'latest_version': '7', 'link': 'https://usegalaxy.eu/published/workflow?id=b2dfa74f55a73409', 'name': 'nanopolish_variants_with-flye-unicycler'}, {'create_time': '2020-01-31', 'latest_version': '4', 'link': 'https://usegalaxy.eu/published/workflow?id=a337bfb2eb1e583f', 'name': 'MetaGalaxy (4x polishing w Racon)'}, {'create_time': '2020-01-24', 'latest_version': '8', 'link': 'https://usegalaxy.eu/published/workflow?id=a84bac86ec183d46', 'name': 'MetaGalaxy'}, {'create_time': '2018-10-01', 'latest_version': '2', 'link': 'https://usegalaxy.eu/published/workflow?id=5500de2961f7470c', 'name': 'ONT -- Assembly-Flye-AhrensLab'}, {'create_time': '2026-06-22', 'latest_version': '2', 'link': 'https://usegalaxy.org/published/workflow?id=87045af52d500e91', 'name': 'SSP 2026- MRSA QC, Assembly and Mapping Pipeline'}, {'create_time': '2026-06-22', 'latest_version': '1', 'link': 'https://usegalaxy.org/published/workflow?id=8421cbcadcbc8b79', 'name': 'SSP 2026 - MRSA QC, Assembly and Mapping Pipeline'}, {'create_time': '2026-06-22', 'latest_version': '2', 'link': 'https://usegalaxy.org/published/workflow?id=a4543d00cdbede5f', 'name': 'SSP 2026 -- MRSA QC, Assembly and Mapping Pipeline'}, {'create_time': '2026-02-26', 'latest_version': '1', 'link': 'https://usegalaxy.org/published/workflow?id=80a989d0bf4723ac', 'name': 'Genome assembly with Fly (release v0.4)'}, {'create_time': '2026-03-10', 'latest_version': '5', 'link': 'https://usegalaxy.org/published/workflow?id=03671490a9fc0453', 'name': 'Updated Project'}, {'create_time': '2026-03-04', 'latest_version': '7', 'link': 'https://usegalaxy.org/published/workflow?id=9b589bc76208fb1e', 'name': 'pacbio-assemble-bin-classify2'}, {'create_time': '2025-07-22', 'latest_version': '1', 'link': 'https://usegalaxy.org/published/workflow?id=562bcaa9b4d2e8a4', 'name': 'Vnat_WorkFlow_Basic'}, {'create_time': '2025-07-31', 'latest_version': '1', 'link': 'https://usegalaxy.org/published/workflow?id=cdcf91a8ddb5dcd1', 'name': 'Genome assembly with Fly (release v0.3)'}, {'create_time': '2025-07-22', 'latest_version': '3', 'link': 'https://usegalaxy.org/published/workflow?id=00596e862edb23f2', 'name': 'Bioinformatics Pipeline for Nanopore Sequencing Analysis'}, {'create_time': '2025-07-22', 'latest_version': '0', 'link': 'https://usegalaxy.org/published/workflow?id=69d8863d40524120', 'name': 'Vnat_20250721'}, {'create_time': '2025-07-22', 'latest_version': '4', 'link': 'https://usegalaxy.org/published/workflow?id=80ac6adead9f97d8', 'name': 'Workflow without bowtie quality=10'}, {'create_time': '2025-07-24', 'latest_version': '3', 'link': 'https://usegalaxy.org/published/workflow?id=7dd6e4150bb81ad1', 'name': 'Bioinformatics workflow-Ava Kuey'}, {'create_time': '2025-01-15', 'latest_version': '3', 'link': 'https://usegalaxy.org/published/workflow?id=547f86db467bf620', 'name': 'Genome Assembly of MRSA using Oxford Nanopore MinION Data (imported from uploaded file)'}, {'create_time': '2024-02-15', 'latest_version': '1', 'link': 'https://usegalaxy.org/published/workflow?id=0602c14704dbe1ff', 'name': 'Genome assembly with Fly (release v0.1)'}, {'create_time': '2024-03-28', 'latest_version': '1', 'link': 'https://usegalaxy.org/published/workflow?id=c8d74054c1820087', 'name': 'Genome assembly with Fly (release v0.2)'}, {'create_time': '2024-09-19', 'latest_version': '1', 'link': 'https://usegalaxy.org/published/workflow?id=3f252e077e0bcce5', 'name': 'Gene-based Pathogen Identification (release v0.1)'}, {'create_time': '2025-04-02', 'latest_version': '8', 'link': 'https://usegalaxy.org/published/workflow?id=48dafc35989f13b1', 'name': 'Nanopore Denovo Genome Assembly'}, {'create_time': '2024-08-26', 'latest_version': '1', 'link': 'https://usegalaxy.org/published/workflow?id=e12324f5e3b930fd', 'name': 'Copy of Malawi Workflow (imported from URL)'}, {'create_time': '2024-10-28', 'latest_version': '20', 'link': 'https://usegalaxy.org/published/workflow?id=2ded909e7e3a9962', 'name': 'Influenza Quality, Assembly, Alignment, and Variant Calling NANOPORE'}, {'create_time': '2024-06-25', 'latest_version': '1', 'link': 'https://usegalaxy.org/published/workflow?id=cce88bc57b180d09', 'name': 'Gene-based Pathogen Identification'}, {'create_time': '2023-12-18', 'latest_version': '4', 'link': 'https://usegalaxy.org/published/workflow?id=c451e4dca9981ed0', 'name': 'CSBL-GAA-ONT'}, {'create_time': '2023-05-21', 'latest_version': '2', 'link': 'https://usegalaxy.org/published/workflow?id=5626a440a5798458', 'name': ""Workflow constructed from history 'Fungal targeted sequencing analysis Barcode_2'""}, {'create_time': '2022-11-03', 'latest_version': '1', 'link': 'https://usegalaxy.org/published/workflow?id=bff206b4625375bc', 'name': 'sweet potato'}, {'create_time': '2022-05-27', 'latest_version': '12', 'link': 'https://usegalaxy.org/published/workflow?id=7fc8b2398b6f093f', 'name': 'BIOL106_Sp22_Workflow'}, {'create_time': '2026-02-26', 'latest_version': '1', 'link': 'https://usegalaxy.org.au/published/workflow?id=6899f7948673d277', 'name': 'Genome assembly with Fly (release v0.4)'}, {'create_time': '2025-07-31', 'latest_version': '1', 'link': 'https://usegalaxy.org.au/published/workflow?id=68f5c371adbe5490', 'name': 'Genome assembly with Fly (release v0.3)'}, {'create_time': '2024-08-02', 'latest_version': '20', 'link': 'https://usegalaxy.org.au/published/workflow?id=8a40059343cf4b87', 'name': 'Long read genome assembly training '}, {'create_time': '2025-05-20', 'latest_version': '15', 'link': 'https://usegalaxy.org.au/published/workflow?id=fc664a96d8099652', 'name': 'Genome Assembly of AP using Oxford Nanopore MinION long reads'}, {'create_time': '2025-05-06', 'latest_version': '8', 'link': 'https://usegalaxy.org.au/published/workflow?id=b6bad1f167257248', 'name': 'DMarkGlasgow Genome Assembly Annotation'}, {'create_time': '2024-02-15', 'latest_version': '1', 'link': 'https://usegalaxy.org.au/published/workflow?id=d832905fbaf2ca31', 'name': 'Genome assembly with Fly (release v0.1)'}, {'create_time': '2024-03-28', 'latest_version': '1', 'link': 'https://usegalaxy.org.au/published/workflow?id=1ad4c47cee851dda', 'name': 'Genome assembly with Fly (release v0.2)'}, {'create_time': '2024-09-19', 'latest_version': '1', 'link': 'https://usegalaxy.org.au/published/workflow?id=084bb76cf47d7060', 'name': 'Gene-based Pathogen Identification (release v0.1)'}, {'create_time': '2022-09-15', 'latest_version': '0', 'link': 'https://usegalaxy.org.au/published/workflow?id=2e29b21cdec7d0cc', 'name': 'Genome Assembly of MRSA using Oxford Nanopore MinION Data (imported from uploaded file)'}, {'create_time': '2024-07-16', 'latest_version': '50', 'link': 'https://usegalaxy.org.au/published/workflow?id=479c6b0a96ea1610', 'name': '(older version) Genome assembly workflow for nanopore reads, for TSI'}, {'create_time': '2024-10-17', 'latest_version': '5', 'link': 'https://usegalaxy.org.au/published/workflow?id=c4d23297f6fbf5f3', 'name': 'Fungi: Nanopore assembly (from TSI workflow) - Version 1'}, {'create_time': '2024-11-21', 'latest_version': '1', 'link': 'https://usegalaxy.org.au/published/workflow?id=803ef29108e36e58', 'name': 'Genome assembly workflow for nanopore reads, for TSI - imported from WorkflowHub - Version 1'}, {'create_time': '2024-06-25', 'latest_version': '1', 'link': 'https://usegalaxy.org.au/published/workflow?id=ef8c22c2525063a2', 'name': 'Gene-based Pathogen Identification'}, {'create_time': '2023-12-18', 'latest_version': '6', 'link': 'https://usegalaxy.org.au/published/workflow?id=35f39173f0ac9179', 'name': 'CSBL-PGAP'}, {'create_time': '2023-03-22', 'latest_version': '2', 'link': 'https://usegalaxy.org.au/published/workflow?id=59618ed15510f531', 'name': 'DAMG ONT Genome Assembly (no filt)'}, {'create_time': '2022-12-21', 'latest_version': '4', 'link': 'https://usegalaxy.org.au/published/workflow?id=c997a34b55425155', 'name': 'DAMG ONT Genome Assembly'}, {'create_time': '2021-05-26', 'latest_version': '33', 'link': 'https://usegalaxy.org.au/published/workflow?id=5b32e2f0d390a4ba', 'name': 'Assembly with Flye'}, {'create_time': '2020-09-07', 'latest_version': '18', 'link': 'https://usegalaxy.org.au/published/workflow?id=02c74095a7128c9d', 'name': 'Hybrid assembly - nanopore draft, illumina polishing'}, {'create_time': '2020-12-09', 'latest_version': '20', 'link': 'https://usegalaxy.org.au/published/workflow?id=7c343e5b55474d19', 'name': 'Chloroplast-genome-assembly-and-annotation'}, {'create_time': '2021-03-19', 'latest_version': '0', 'link': 'https://usegalaxy.org.au/published/workflow?id=b5403e4fff2961f9', 'name': 'Chloroplast-genome-assembly-and-annotation'}, {'create_time': '2020-12-08', 'latest_version': '4', 'link': 'https://usegalaxy.org.au/published/workflow?id=22bd45f60c60a338', 'name': 'combined-workflows-sweet-potato-assembly-to-annotation'}, {'create_time': '2020-01-10', 'latest_version': '10', 'link': 'https://usegalaxy.org.au/published/workflow?id=2cb16d321a804b1a', 'name': 'workflow-sweet-potato-assembly'}]"	flye	flye	2018-09-22	bgruening	https://github.com/bgruening/galaxytools/tree/master/tools/flye	49679	1088	36053	13882	100702	51133	1088	36053	14419	102693	https://github.com/bgruening/galaxytools/tree/master/tools/flye	4818	185	4110	2250	11363	4961	185	4110	2274	11530	2.9.6	Up-to-date	['Assembly']	['flye']	['fasta', 'graph_dot', 'gfa1', 'tabular', 'txt']		Flye	Flye is a de novo assembler for single molecule sequencing reads, such as those produced by PacBio and Oxford Nanopore Technologies. It is designed for a wide range of datasets, from small bacterial projects to large mammalian-scale assemblies. The package represents a complete pipeline: it takes raw PB / ONT reads as input and outputs polished contigs.	Flye	False
format_metaphlan2_output	Format MetaPhlAn2 output to extract abundance at different taxonomic levels	['Formatting']	['Formatting']	['Taxonomy', 'Metagenomics']	['Taxonomy', 'Metagenomics']			0	0	0	0	0	0	0	0	0	0	0	0	0	0	0	0	0	0	1	1	1	0	1	0	0	0	[]	[{'create_time': '2020-07-16', 'latest_version': '1', 'link': 'https://usegalaxy.eu/published/workflow?id=f9175e670d8dfaa1', 'name': 'Metatranscriptomics (full workflow) - GTN (imported from uploaded file)'}, {'create_time': '2024-10-15', 'latest_version': '2', 'link': 'https://usegalaxy.eu/published/workflow?id=c01ef8354b585a1f', 'name': 'Metaphlan_step4_start'}, {'create_time': '2024-12-20', 'latest_version': '3', 'link': 'https://usegalaxy.eu/published/workflow?id=096b75501c8e0888', 'name': 'ASaiM-MT: Metatranscriptomics Analysis of Microbes'}, {'create_time': '2024-11-21', 'latest_version': '28', 'link': 'https://usegalaxy.eu/published/workflow?id=d05c6f0f3205fbd2', 'name': 'Metatranscriptomics Analysis of Microbes'}, {'create_time': '2023-05-17', 'latest_version': '3', 'link': 'https://usegalaxy.eu/published/workflow?id=ed0ad728cf21702b', 'name': 'ASaiM-MT:metaphlan'}, {'create_time': '2021-06-22', 'latest_version': '14', 'link': 'https://usegalaxy.eu/published/workflow?id=a8f829deb69b30ab', 'name': 'Taxonomic and functional community profiling of raw metagenomic shotgun data workflow'}, {'create_time': '2020-12-04', 'latest_version': '1', 'link': 'https://usegalaxy.eu/published/workflow?id=dfc2c53ac3103eff', 'name': 'ASaiM-MT'}, {'create_time': '2019-06-21', 'latest_version': '5', 'link': 'https://usegalaxy.eu/published/workflow?id=7ab70660e6235cf0', 'name': 'Complete_Workflow: ASaiM_GCC2019'}, {'create_time': '2019-06-21', 'latest_version': '2', 'link': 'https://usegalaxy.eu/published/workflow?id=994e5ff1df7d6c9e', 'name': 'Workflow_1: WF1_ASaiM_GCC2019'}, {'create_time': '2019-02-22', 'latest_version': '3', 'link': 'https://usegalaxy.eu/published/workflow?id=2cf09adb1ed6c3ec', 'name': '2/22 Pilot ASAIM'}, {'create_time': '2018-09-04', 'latest_version': '0', 'link': 'https://usegalaxy.eu/published/workflow?id=9cbba5de2cbeeb0f', 'name': 'ASaiM - Shotgun workflow'}, {'create_time': '2018-01-16', 'latest_version': '4', 'link': 'https://usegalaxy.eu/published/workflow?id=c3aa516e78ca4191', 'name': 'ASaiM - Shotgun workflow'}]	format_metaphlan2_output		2022-10-19	bebatut	https://github.com/bgruening/galaxytools/tree/master/tools/format_metaphlan2_output	6485	0	0	0	6485	7678	0	0	0	7678	https://github.com/bgruening/galaxytools/tree/master/tools/format_metaphlan2_output/	555	0	0	0	555	731	0	0	0	731	0.2.0	To update	['Metagenomics']	['format_metaphlan2_output']	['tabular']		format_metaphlan2_output	This tool format output file of MetaPhlan2 containing community content (abundance) at all taxonomic levels (from kingdom to strains).	Format metaphlan2 output	False
freyja	lineage abundances estimation	['RNA-Seq quantification']	['RNA-Seq quantification']	['Metagenomics']	['Metagenomics']	https://github.com/andersen-lab/Freyja	2.0.3	0	0	0	0	0	0	0	4	0	0	0	0	0	0	0	0	0	0	0	4	4	0	0	0	2	0	[]	[{'create_time': '2022-11-02', 'latest_version': '9', 'link': 'https://usegalaxy.eu/published/workflow?id=4a764275d4bf9f31', 'name': 'WW-SARS-CoV-2: lineages analysis on Metatranscriptomics PE data'}, {'create_time': '2022-10-21', 'latest_version': '33', 'link': 'https://usegalaxy.eu/published/workflow?id=d88145e7475e0b7b', 'name': 'WW-SARS-CoV-2: lineages analysis on ARTIC PE data'}]	freyja	freyja	2022-07-05	iuc	https://github.com/galaxyproject/tools-iuc/tree/master/tools/freyja	24576	0	327	0	24903	24576	0	327	0	24903	https://github.com/galaxyproject/tools-iuc/tree/main/tools/freyja	58	0	15	0	73	58	0	15	0	73	2.0.1	To update	['Metagenomics', 'Sequence Analysis']	['freyja_aggregate_plot', 'freyja_boot', 'freyja_demix', 'freyja_variants']	['tabular', 'html', 'pdf', 'csv']		freyja	Recover relative lineage abundances from mixed SARS-CoV-2 samples from a sequencing dataset	Freyja	False
frogs_core	Suite for metabarcoding analysis	[]	[]	[]	[]	http://frogs.inrae.fr/		0	0	0	0	0	0	0	0	0	0	0	0	0	0	0	0	0	0	0	0	0	2	0	0	0	0	[]	[]	frogs_core		2025-07-25	frogs	https://github.com/geraldinepascal/FROGS-wrappers/tree/master/tools/frogs_core	0	0	0	0	0	0	0	0	0	0	https://github.com/geraldinepascal/FROGS-wrappers/	0	0	0	0	0	0	0	0	0	0	5.1.0	To update	['Metagenomics']	['FROGS_Core_Companion', 'FROGS_Core_Main']	[]					False
frogs_func	Suite for metabarcoding analysis	[]	[]	[]	[]	http://frogs.inrae.fr/		0	0	0	0	0	0	0	0	0	0	0	0	0	0	0	0	0	0	0	0	0	1	0	0	0	0	[]	[]	frogs_func		2025-08-27	frogs	https://github.com/geraldinepascal/FROGS-wrappers/tree/master/tools/frogs_func	0	0	0	0	0	0	0	0	0	0	https://github.com/geraldinepascal/FROGS-wrappers/	0	0	0	0	0	0	0	0	0	0	5.1.0	To update	['Metagenomics']	['FROGS_Func']	[]					False
frogs_stat	Suite for metabarcoding analysis	[]	[]	[]	[]	http://frogs.inrae.fr/		0	0	0	0	0	0	0	0	0	0	0	0	0	0	0	0	0	0	0	0	0	1	0	0	0	0	[]	[]	frogs_stat		2025-07-23	frogs	https://github.com/geraldinepascal/FROGS-wrappers/tree/master/tools/frogs_stat	0	0	0	0	0	0	0	0	0	0	https://github.com/geraldinepascal/FROGS-wrappers/	0	0	0	0	0	0	0	0	0	0	5.1.0	To update	['Metagenomics']	['FROGS_Stat']	[]					False
genomad	Identify virus and plasmid genomes from nucleotide sequences	['Sequence annotation', 'Taxonomic classification']	['Sequence annotation', 'Taxonomic classification']	['Sequence analysis']	['Sequence analysis']	https://github.com/apcamargo/genomad/	1.12.0	0	0	0	0	0	0	0	1	0	0	0	0	0	0	0	0	0	0	0	0	1	1	0	0	1	0	[]	"[{'create_time': '2025-09-03', 'latest_version': '10', 'link': 'https://usegalaxy.eu/published/workflow?id=c62d65832377e376', 'name': 'PHI Toolkit'}, {'create_time': '2026-04-10', 'latest_version': '57', 'link': 'https://usegalaxy.eu/published/workflow?id=d0339e4a794f4922', 'name': 'Unnamed Workflow'}, {'create_time': '2025-11-25', 'latest_version': '77', 'link': 'https://usegalaxy.eu/published/workflow?id=62392daea25a3980', 'name': 'Virus detection and analysis'}, {'create_time': '2025-04-22', 'latest_version': '0', 'link': 'https://usegalaxy.eu/published/workflow?id=36de05d50c703164', 'name': 'Prophage Detection V2 (imported from uploaded file)'}, {'create_time': '2026-05-21', 'latest_version': '0', 'link': 'https://usegalaxy.org/published/workflow?id=5729beda978a9c8e', 'name': ""Workflow constructed from history 'BPC(EXCEPT Bpseudomallei)'""}, {'create_time': '2026-05-03', 'latest_version': '1', 'link': 'https://usegalaxy.org/published/workflow?id=e0bd6b062a2239ae', 'name': 'ORG_geNomad'}]"	genomad	genomad	2024-06-17	ufz	https://github.com/Helmholtz-UFZ/galaxy-tools/tree/master/tools/genomad	2576	0	71	0	2647	2576	0	71	0	2647	https://github.com/Helmholtz-UFZ/ufz-galaxy-tools/blob/main/tools/genomad/	119	0	20	0	139	119	0	20	0	139	@TOOL_VERSION@+galaxy@VERSION_SUFFIX@	To update	['Metagenomics']	['genomad_end_to_end']	[]		genomad	geNomad is a tool that identifies virus and plasmid genomes from nucleotide sequences. It provides state-of-the-art classification performance and can be used to quickly find mobile genetic elements from genomes, metagenomes, or metatranscriptomes.	geNomad	False
graphlan	GraPhlAn is a software tool for producing high-quality circular representations of taxonomic and phylogenetic trees	['Phylogenetic inference', 'Phylogenetic tree visualisation', 'Phylogenetic tree editing', 'Taxonomic classification']	['Phylogenetic inference', 'Phylogenetic tree visualisation', 'Phylogenetic tree editing', 'Taxonomic classification']	['Metagenomics', 'Phylogenetics', 'Phylogenomics', 'Cladistics']	['Metagenomics', 'Phylogenetics', 'Phylogenomics', 'Cladistics']	https://github.com/biobakery/graphlan	1.1.3	0	0	0	0	0	2	0	2	0	0	0	0	0	0	0	0	0	0	2	2	2	2	2	2	2	0	['https://training.galaxyproject.org/training-material/topics/microbiome/tutorials/metatranscriptomics/tutorial.html', 'https://training.galaxyproject.org/training-material/topics/microbiome/tutorials/metatranscriptomics-short/tutorial.html']	"[{'create_time': '2025-06-23', 'latest_version': '2', 'link': 'https://workflowhub.eu/workflows/1466?version=2', 'name': 'Metatranscriptomics analysis using microbiome RNA-seq data'}, {'create_time': '2025-06-23', 'latest_version': '2', 'link': 'https://workflowhub.eu/workflows/1451?version=2', 'name': 'Metatranscriptomics analysis using microbiome RNA-seq data - Workflow 2: Community profile'}, {'create_time': '2025-06-16', 'latest_version': '4', 'link': 'https://usegalaxy.fr/published/workflow?id=c4f6062e51d0f45e', 'name': 'Metatranscriptomics analysis using microbiome RNA-seq data'}, {'create_time': '2025-06-16', 'latest_version': '1', 'link': 'https://usegalaxy.fr/published/workflow?id=09e8293456ee6d99', 'name': 'Metatranscriptomics analysis using microbiome RNA-seq data - Workflow 2: Community profile'}, {'create_time': '2026-05-14', 'latest_version': '5', 'link': 'https://usegalaxy.eu/published/workflow?id=69eddfde874af35b', 'name': 'Metatranscriptomics analysis using microbiome RNA-seq data'}, {'create_time': '2020-07-16', 'latest_version': '1', 'link': 'https://usegalaxy.eu/published/workflow?id=f9175e670d8dfaa1', 'name': 'Metatranscriptomics (full workflow) - GTN (imported from uploaded file)'}, {'create_time': '2024-10-15', 'latest_version': '2', 'link': 'https://usegalaxy.eu/published/workflow?id=c01ef8354b585a1f', 'name': 'Metaphlan_step4_start'}, {'create_time': '2023-06-30', 'latest_version': '16', 'link': 'https://usegalaxy.eu/published/workflow?id=05f5f040337786bf', 'name': ' pAllori ASiam Community Profile MT'}, {'create_time': '2025-01-24', 'latest_version': '0', 'link': 'https://usegalaxy.eu/published/workflow?id=87cc0cd143a12c41', 'name': 'metatranscriptomics and RNA-seq'}, {'create_time': '2025-01-22', 'latest_version': '7', 'link': 'https://usegalaxy.eu/published/workflow?id=5f0faac42b0a5062', 'name': 'metatranscriptomics and RNA-seq'}, {'create_time': '2024-12-20', 'latest_version': '3', 'link': 'https://usegalaxy.eu/published/workflow?id=096b75501c8e0888', 'name': 'ASaiM-MT: Metatranscriptomics Analysis of Microbes'}, {'create_time': '2024-11-21', 'latest_version': '28', 'link': 'https://usegalaxy.eu/published/workflow?id=d05c6f0f3205fbd2', 'name': 'Metatranscriptomics Analysis of Microbes'}, {'create_time': '2024-08-11', 'latest_version': '0', 'link': 'https://usegalaxy.eu/published/workflow?id=79b4ae4403772098', 'name': 'Microbiome workflow'}, {'create_time': '2024-08-15', 'latest_version': '0', 'link': 'https://usegalaxy.eu/published/workflow?id=ec50dd6d56f50db1', 'name': ""Workflow constructed from history 'EboV Phylogenetic tree'""}, {'create_time': '2024-01-23', 'latest_version': '0', 'link': 'https://usegalaxy.eu/published/workflow?id=fdca6c9d394986bf', 'name': ""Workflow constructed from history 'metatranscriptomics and rna seq'""}, {'create_time': '2023-05-17', 'latest_version': '3', 'link': 'https://usegalaxy.eu/published/workflow?id=ed0ad728cf21702b', 'name': 'ASaiM-MT:metaphlan'}, {'create_time': '2022-03-30', 'latest_version': '3', 'link': 'https://usegalaxy.eu/published/workflow?id=4f21205e71cabd37', 'name': '2.Community Profile'}, {'create_time': '2022-05-10', 'latest_version': '4', 'link': 'https://usegalaxy.eu/published/workflow?id=b5f848dc8e96663c', 'name': '5.taxon_viz'}, {'create_time': '2022-05-24', 'latest_version': '1', 'link': 'https://usegalaxy.eu/published/workflow?id=4d32b1b3ac0a7161', 'name': 'metatranscriptmoics'}, {'create_time': '2022-05-24', 'latest_version': '2', 'link': 'https://usegalaxy.eu/published/workflow?id=713a5485e2007f90', 'name': 'merged results'}, {'create_time': '2021-06-22', 'latest_version': '14', 'link': 'https://usegalaxy.eu/published/workflow?id=a8f829deb69b30ab', 'name': 'Taxonomic and functional community profiling of raw metagenomic shotgun data workflow'}, {'create_time': '2021-05-25', 'latest_version': '2', 'link': 'https://usegalaxy.eu/published/workflow?id=19de5cbae7f48103', 'name': 'Metatranscriptomcis-WF2: Community Profile'}, {'create_time': '2020-12-04', 'latest_version': '1', 'link': 'https://usegalaxy.eu/published/workflow?id=dfc2c53ac3103eff', 'name': 'ASaiM-MT'}, {'create_time': '2019-06-21', 'latest_version': '5', 'link': 'https://usegalaxy.eu/published/workflow?id=7ab70660e6235cf0', 'name': 'Complete_Workflow: ASaiM_GCC2019'}, {'create_time': '2019-06-21', 'latest_version': '2', 'link': 'https://usegalaxy.eu/published/workflow?id=994e5ff1df7d6c9e', 'name': 'Workflow_1: WF1_ASaiM_GCC2019'}, {'create_time': '2019-02-22', 'latest_version': '3', 'link': 'https://usegalaxy.eu/published/workflow?id=2cf09adb1ed6c3ec', 'name': '2/22 Pilot ASAIM'}, {'create_time': '2018-09-04', 'latest_version': '0', 'link': 'https://usegalaxy.eu/published/workflow?id=9cbba5de2cbeeb0f', 'name': 'ASaiM - Shotgun workflow'}, {'create_time': '2018-01-16', 'latest_version': '4', 'link': 'https://usegalaxy.eu/published/workflow?id=c3aa516e78ca4191', 'name': 'ASaiM - Shotgun workflow'}]"	graphlan	graphlan	2017-03-03	iuc	https://github.com/galaxyproject/tools-iuc/tree/master/tools/graphlan	11872	90	1773	1432	15167	13928	90	1773	1470	17261	https://github.com/galaxyproject/tools-iuc/tree/main/tools/graphlan	799	21	325	202	1347	940	21	325	207	1493	1.1.3	Up-to-date	['Metagenomics', 'Graphics', 'Phylogenetics']	['graphlan', 'graphlan_annotate']	['png', 'pdf', 'ps', 'eps', 'svg', 'phyloxml']		graphlan	GraPhlAn is a software tool for producing high-quality circular representations of taxonomic and phylogenetic trees. GraPhlAn focuses on concise, integrative, informative, and publication-ready representations of phylogenetically- and taxonomically-driven investigation.	GraPhlAn	False
groot	GROOT is a tool to type Antibiotic Resistance Genes (ARGs) in metagenomic samples	['Antimicrobial resistance prediction']	['Antimicrobial resistance prediction']	['Metagenomics', 'Microbiology']	['Metagenomics', 'Microbiology', 'Genomics']	https://github.com/will-rowe/groot	1.1.2	0	0	0	0	0	0	0	0	0	0	0	0	0	0	0	0	0	0	0	1	1	1	0	0	1	0	[]	[{'create_time': '2026-02-26', 'latest_version': '2', 'link': 'https://workflowhub.eu/workflows/2068?version=2', 'name': 'metagenomic-raw-reads-amr-analysis/main'}]	groot	groot	2024-05-14	iuc	https://github.com/galaxyproject/tools-iuc/tree/master/tools/groot	7	37	0	0	44	7	37	0	0	44	https://github.com/galaxyproject/tools-iuc/tree/main/tools/groot	5	3	0	0	8	5	3	0	0	8	@TOOL_VERSION@+galaxy@VERSION_SUFFIX@	To update	['Metagenomics']	['groot']	['tabular']		groot	Indexed variation graphs for efficient and accurate resistome profiling.	GROOT	False
gtdbtk	GTDB-Tk is a software tool kit for assigning objective taxonomic classifications to bacterial and archaeal genomesbased on the Genome Database Taxonomy GTDB. It is designed to work with recent advances that allow hundreds orthousands of metagenome-assembled genomes (MAGs) to be obtained directly from environmental samples. It can alsobe applied to isolate and single-cell genomes. 	['Genome alignment', 'Taxonomic classification', 'Sequence assembly', 'Query and retrieval']	['Genome alignment', 'Taxonomic classification', 'Sequence assembly', 'Query and retrieval']	['Metagenomics', 'Taxonomy', 'Phylogenetics', 'Database management', 'Proteins']	['Metagenomics', 'Taxonomy', 'Phylogenetics', 'Database management', 'Proteins']	https://github.com/Ecogenomics/GTDBTk	2.7.2	0	0	0	0	0	0	0	1	0	0	0	0	0	0	0	0	0	0	0	1	1	1	1	1	1	0	[]	[{'create_time': '2026-05-29', 'latest_version': '2', 'link': 'https://workflowhub.eu/workflows/2099?version=2', 'name': 'mags-taxonomy-annotation/main'}, {'create_time': '2025-11-22', 'latest_version': '4', 'link': 'https://workflowhub.eu/workflows/1352?version=4', 'name': 'mags-building/main'}, {'create_time': '2025-09-03', 'latest_version': '10', 'link': 'https://usegalaxy.eu/published/workflow?id=c62d65832377e376', 'name': 'PHI Toolkit'}, {'create_time': '2026-02-27', 'latest_version': '5', 'link': 'https://usegalaxy.eu/published/workflow?id=2c992e509aa5dd9d', 'name': 'Hybrid-Assembly'}, {'create_time': '2025-04-23', 'latest_version': '17', 'link': 'https://usegalaxy.eu/published/workflow?id=17d2e76147fc940c', 'name': 'FAIRyMAGs GTDB-Tk subworkflow'}, {'create_time': '2024-09-27', 'latest_version': '37', 'link': 'https://usegalaxy.eu/published/workflow?id=7ecd92cb382d8168', 'name': 'MAGs individual workflow v1.9'}, {'create_time': '2025-01-10', 'latest_version': '0', 'link': 'https://usegalaxy.eu/published/workflow?id=1e5f1d9a51032e44', 'name': 'MAGs co-assembly workflow 1.7'}, {'create_time': '2024-12-20', 'latest_version': '1', 'link': 'https://usegalaxy.eu/published/workflow?id=0563f58718be932d', 'name': 'MAGs building with individual assembly'}, {'create_time': '2024-10-18', 'latest_version': '1', 'link': 'https://usegalaxy.eu/published/workflow?id=e4dabaf57668dbd1', 'name': 'GTDB-TK subworkflow'}, {'create_time': '2026-06-26', 'latest_version': '6', 'link': 'https://usegalaxy.org/published/workflow?id=84233173d92fa506', 'name': 'Genome assembly and annotation for LAB'}, {'create_time': '2026-03-04', 'latest_version': '7', 'link': 'https://usegalaxy.org/published/workflow?id=9b589bc76208fb1e', 'name': 'pacbio-assemble-bin-classify2'}, {'create_time': '2025-04-19', 'latest_version': '9', 'link': 'https://usegalaxy.org/published/workflow?id=8d229c0f58a07ebe', 'name': 'WGS Analysis (Bacteria)'}, {'create_time': '2021-01-04', 'latest_version': '12', 'link': 'https://usegalaxy.org/published/workflow?id=33d90e718ce500ef', 'name': 'metagenomics'}]	gtdbtk	gtdbtk	2022-12-13	iuc	https://github.com/galaxyproject/tools-iuc/tree/master/tools/gtdbtk	3982	1439	1566	1095	8082	3982	1439	1566	1095	8082	https://github.com/galaxyproject/tools-iuc/tree/main/tools/gtdbtk	462	15	305	177	959	462	15	305	177	959	2.7.2	Up-to-date	['Metagenomics']	['gtdbtk_classify_wf']	['txt']		GTDB-Tk	a toolkit to classify genomes with the Genome Taxonomy Database.GTDB-Tk: a toolkit for assigning objective taxonomic classifications to bacterial and archaeal genomes.GTDB-Tk is a software toolkit for assigning objective taxonomic classifications to bacterial and archaeal genomes based on the Genome Database Taxonomy GTDB. It is designed to work with recent advances that allow hundreds or thousands of metagenome-assembled genomes (MAGs) to be obtained directly from environmental samples. It can also be applied to isolate and single-cell genomes. The GTDB-Tk is open source and released under the GNU General Public License (Version 3).	GTDB-Tk	False
hamronization	Convert AMR gene detection tool output to hAMRonization specification format.	['Data handling', 'Antimicrobial resistance prediction', 'Parsing']	['Antimicrobial resistance prediction', 'Parsing']	['Public health and epidemiology', 'Microbiology', 'Bioinformatics']	['Public health and epidemiology', 'Microbiology', 'Bioinformatics']	https://github.com/pha4ge/hAMRonization	1.2.1	0	0	0	0	0	2	0	0	0	0	0	0	0	0	0	0	0	0	0	2	2	2	0	0	0	0	[]	[{'create_time': '2024-11-14', 'latest_version': '2', 'link': 'https://workflowhub.eu/workflows/1189?version=2', 'name': 'AMR-Pathfinder'}, {'create_time': '2022-11-24', 'latest_version': '1', 'link': 'https://workflowhub.eu/workflows/407?version=1', 'name': 'Workflow 3: AMR - SeqSero2/SISTR'}, {'create_time': '2023-05-11', 'latest_version': '1', 'link': 'https://workflowhub.eu/workflows/470?version=1', 'name': 'Workflow 4: Staramr'}, {'create_time': '2024-08-06', 'latest_version': '14', 'link': 'https://usegalaxy.eu/published/workflow?id=eb5ab8bc82569eee', 'name': 'Nanopore AMR Workflow'}]	hamronization	hamronization	2021-02-02	iuc	https://github.com/galaxyproject/tools-iuc/tree/master/tools/hamronization	18459	191	20	21	18691	18459	191	20	21	18691	https://github.com/galaxyproject/tools-iuc/tree/main/tools/hamronization	254	6	1	1	262	254	6	1	1	262	1.1.4	To update	['Sequence Analysis']	['hamronize_summarize', 'hamronize_tool']	['tabular']		hamronization	Parse multiple Antimicrobial Resistance Analysis Reports into a common data structure	hAMRonization	False
hifiasm_meta	A hifiasm fork for metagenome assembly using Hifi reads.	['Sequence assembly']	['Sequence assembly']	['Sequence assembly', 'Metagenomics']	['Sequence assembly', 'Metagenomics']	https://github.com/xfengnefx/hifiasm-meta	hamtv0.3.1	0	0	0	0	0	0	0	1	0	0	0	0	0	0	0	0	0	0	0	1	1	0	0	1	0	0	[]	[]	hifiasm_meta	hifiasm_meta	2023-01-18	galaxy-australia	https://github.com/galaxyproject/tools-iuc/tree/master/tools/hifiasm_meta	229	0	0	368	597	229	0	0	368	597	https://github.com/galaxyproject/tools-iuc/tree/main/tools/hifiasm_meta	40	0	0	16	56	40	0	0	16	56	0.3.1	To update	['Metagenomics']	['hifiasm_meta']	[]		hifiasm-meta	Hifiasm_meta - de novo metagenome assembler, based on hifiasm, a haplotype-resolved de novo assembler for PacBio Hifi reads.	Hifiasm-meta	False
hmmer3	HMMER is used for searching sequence databases for homologs of proteinsequences, and for making protein sequence alignments. It implementsmethods using probabilistic models called profile hidden Markov models(profile HMMs).	['Formatting', 'Multiple sequence alignment', 'Sequence profile generation', 'Format validation', 'Conversion', 'Sequence generation', 'Data retrieval', 'Statistical calculation', 'Database search', 'Formatting', 'Database search', 'Database search', 'Probabilistic sequence generation', 'Statistical calculation', 'Statistical calculation', 'Sequence database search', 'Formatting', 'Sequence database search', 'Database search', 'Sequence database search']	['Formatting', 'Multiple sequence alignment', 'Sequence profile generation', 'Format validation', 'Conversion', 'Data retrieval', 'Statistical calculation', 'Formatting', 'Probabilistic sequence generation', 'Statistical calculation', 'Statistical calculation', 'Sequence database search', 'Formatting', 'Sequence database search', 'Sequence database search']	['Sequence analysis', 'Sequence sites, features and motifs', 'Gene and protein families']	['Sequence analysis', 'Sequence sites, features and motifs', 'Gene and protein families']	http://hmmer.org/	3.4	0	0	0	0	0	12	12	0	0	0	0	0	0	0	0	0	0	0	12	12	12	12	12	12	12	0	[]	[{'create_time': '2021-02-04', 'latest_version': '1', 'link': 'https://workflowhub.eu/workflows/100?version=1', 'name': '0: View complete virus identification'}, {'create_time': '2020-06-18', 'latest_version': '1', 'link': 'https://workflowhub.eu/workflows/37?version=1', 'name': 'Assembly using Tophat2 and annotation (alternate)'}, {'create_time': '2020-06-18', 'latest_version': '1', 'link': 'https://workflowhub.eu/workflows/38?version=1', 'name': 'Unicycler assembly and annotation'}, {'create_time': '2020-06-18', 'latest_version': '1', 'link': 'https://workflowhub.eu/workflows/39?version=1', 'name': 'StringTie assembly and annotation'}, {'create_time': '2020-06-18', 'latest_version': '1', 'link': 'https://workflowhub.eu/workflows/40?version=1', 'name': 'Assembly using Tophat2 and annotation'}, {'create_time': '2024-03-13', 'latest_version': '4', 'link': 'https://usegalaxy.fr/published/workflow?id=7ebb54181b404733', 'name': 'Genfam_introgrice_wf_2.1_cds_build_33_species'}, {'create_time': '2023-11-22', 'latest_version': '5', 'link': 'https://usegalaxy.fr/published/workflow?id=5ec6d378e60f7ccc', 'name': 'Genfam_introgrice_wf_1.1_prot_build_13_species'}, {'create_time': '2023-11-22', 'latest_version': '2', 'link': 'https://usegalaxy.fr/published/workflow?id=d425a77157cae2ee', 'name': 'Genfam_introgrice_wf_2.1_cds_build_6_species'}, {'create_time': '2023-11-22', 'latest_version': '4', 'link': 'https://usegalaxy.fr/published/workflow?id=b131218bec7eacb4', 'name': 'Genfam_introgrice_wf_1.1_prot_build_8_species'}, {'create_time': '2025-10-01', 'latest_version': '0', 'link': 'https://usegalaxy.eu/published/workflow?id=8c91345ed468e22d', 'name': 'MetaG_extended'}, {'create_time': '2024-09-30', 'latest_version': '14', 'link': 'https://usegalaxy.eu/published/workflow?id=667bac8d7453e5f1', 'name': 'MetaG: Preparation, Building and Annotation of Metagenomics Assembled Genomes '}, {'create_time': '2024-04-25', 'latest_version': '1', 'link': 'https://usegalaxy.eu/published/workflow?id=8deb08d4f228e198', 'name': 'Metawin'}, {'create_time': '2023-12-14', 'latest_version': '1', 'link': 'https://usegalaxy.eu/published/workflow?id=d57d41e306241396', 'name': 'MetaG_extended'}, {'create_time': '2023-03-29', 'latest_version': '13', 'link': 'https://usegalaxy.eu/published/workflow?id=3eaa913306c16146', 'name': 'MetaG_Galaxy_workshop'}, {'create_time': '2023-04-12', 'latest_version': '1', 'link': 'https://usegalaxy.eu/published/workflow?id=6416cfdbd5273063', 'name': 'Multi-omics Workshop Workflow'}, {'create_time': '2023-02-10', 'latest_version': '22', 'link': 'https://usegalaxy.eu/published/workflow?id=6158c3b5fc12044e', 'name': 'MetaG_extended'}, {'create_time': '2020-05-02', 'latest_version': '14', 'link': 'https://usegalaxy.eu/published/workflow?id=5be158931abca947', 'name': 'COVID-19: assembly using Tophat2 and annotation (alternate)'}, {'create_time': '2020-04-16', 'latest_version': '26', 'link': 'https://usegalaxy.eu/published/workflow?id=24eaa682897379c8', 'name': 'COVID-19: Unicycler assembly and annotation'}, {'create_time': '2020-04-13', 'latest_version': '7', 'link': 'https://usegalaxy.eu/published/workflow?id=9a60ecf98d4f8134', 'name': 'COVID-19: StringTie assembly and annotation'}, {'create_time': '2020-04-18', 'latest_version': '13', 'link': 'https://usegalaxy.eu/published/workflow?id=0ab3e47ebd3b520e', 'name': 'COVID-19: assembly using Tophat2 and annotation'}, {'create_time': '2019-12-11', 'latest_version': '27', 'link': 'https://usegalaxy.eu/published/workflow?id=02631612a43a4d9b', 'name': 'MetaG'}, {'create_time': '2018-01-17', 'latest_version': '0', 'link': 'https://usegalaxy.eu/published/workflow?id=58955868b504c60d', 'name': 'EBI Metagenomics workflow (3.0) (imported from uploaded file)'}, {'create_time': '2026-04-24', 'latest_version': '52', 'link': 'https://usegalaxy.org/published/workflow?id=84b447be2f1c5870', 'name': 'Reference-Guided Eukaryotic Pathogen Annotation'}]	hmmer3	hmmer	2015-02-16	iuc	https://github.com/galaxyproject/tools-iuc/tree/master/tools/hmmer3	36302	540	0	4731	41573	43262	543	0	4887	48692	https://github.com/galaxyproject/tools-iuc/tree/main/tools/hmmer3	380	97	0	83	560	403	97	0	84	584	3.4	Up-to-date	['Sequence Analysis']	['hmmer_alimask', 'hmmer_hmmalign', 'hmmer_hmmbuild', 'hmmer_hmmconvert', 'hmmer_hmmemit', 'hmmer_hmmfetch', 'hmmer_hmmscan', 'hmmer_hmmsearch', 'hmmer_jackhmmer', 'hmmer_nhmmer', 'hmmer_nhmmscan', 'hmmer_phmmer']	['stockholm', 'hmm3', 'fasta']		hmmer3	This tool is used for searching sequence databases for homologs of protein sequences, and for making protein sequence alignments. It implements methods using probabilistic models called profile hidden Markov models. The new HMMER3 project, HMMER is now as fast as BLAST for protein search.	HMMER3	False
humann	HUMAnN for functionally profiling metagenomes and metatranscriptomes at species-level resolution	['Species frequency estimation', 'Taxonomic classification', 'Phylogenetic analysis']	['Species frequency estimation', 'Taxonomic classification', 'Phylogenetic analysis']	['Metagenomics', 'Phylogenomics']	['Metagenomics', 'Phylogenomics']	http://huttenhower.sph.harvard.edu/humann	3.9	0	0	0	0	0	10	0	9	0	0	0	0	0	0	0	0	0	0	6	10	10	10	10	10	6	0	['https://training.galaxyproject.org/training-material/topics/microbiome/tutorials/metatranscriptomics/tutorial.html', 'https://training.galaxyproject.org/training-material/topics/microbiome/tutorials/metatranscriptomics-short/tutorial.html']	"[{'create_time': '2025-07-14', 'latest_version': '2', 'link': 'https://workflowhub.eu/workflows/1447?version=2', 'name': 'Workflow 3: Functional Information (quick)'}, {'create_time': '2025-06-23', 'latest_version': '2', 'link': 'https://workflowhub.eu/workflows/1466?version=2', 'name': 'Metatranscriptomics analysis using microbiome RNA-seq data'}, {'create_time': '2025-06-23', 'latest_version': '2', 'link': 'https://workflowhub.eu/workflows/1456?version=2', 'name': 'Metatranscriptomics analysis using microbiome RNA-seq data - Workflow 3: Functional Information'}, {'create_time': '2025-06-16', 'latest_version': '2', 'link': 'https://usegalaxy.fr/published/workflow?id=fd733565098d76c9', 'name': 'Metatranscriptomics analysis using microbiome RNA-seq data - Workflow 3: Functional Information'}, {'create_time': '2025-06-16', 'latest_version': '4', 'link': 'https://usegalaxy.fr/published/workflow?id=c4f6062e51d0f45e', 'name': 'Metatranscriptomics analysis using microbiome RNA-seq data'}, {'create_time': '2026-05-14', 'latest_version': '5', 'link': 'https://usegalaxy.eu/published/workflow?id=69eddfde874af35b', 'name': 'Metatranscriptomics analysis using microbiome RNA-seq data'}, {'create_time': '2026-04-17', 'latest_version': '0', 'link': 'https://usegalaxy.eu/published/workflow?id=d7e532d13a7f1ea6', 'name': 'Workflow Shotgun Metagenomics Data Tutorial'}, {'create_time': '2024-12-20', 'latest_version': '18', 'link': 'https://usegalaxy.eu/published/workflow?id=cb2df493f5e334f7', 'name': 'Metagenomic Taxonomy and Functional Analysis'}, {'create_time': '2023-07-07', 'latest_version': '6', 'link': 'https://usegalaxy.eu/published/workflow?id=a7a6d8ecc2795f58', 'name': 'pAllori ASiam Functional Information MT'}, {'create_time': '2025-01-28', 'latest_version': '0', 'link': 'https://usegalaxy.eu/published/workflow?id=9472be79da012999', 'name': ""Workflow constructed from history 'Data Analysis Presentation'""}, {'create_time': '2025-01-24', 'latest_version': '0', 'link': 'https://usegalaxy.eu/published/workflow?id=87cc0cd143a12c41', 'name': 'metatranscriptomics and RNA-seq'}, {'create_time': '2025-01-22', 'latest_version': '7', 'link': 'https://usegalaxy.eu/published/workflow?id=5f0faac42b0a5062', 'name': 'metatranscriptomics and RNA-seq'}, {'create_time': '2024-11-21', 'latest_version': '1', 'link': 'https://usegalaxy.eu/published/workflow?id=b14845359b702444', 'name': 'Metagenomic_Workflow-Taxonomy_and_functional_analysis_with_alpha_diversity_mesure'}, {'create_time': '2024-01-23', 'latest_version': '0', 'link': 'https://usegalaxy.eu/published/workflow?id=fdca6c9d394986bf', 'name': ""Workflow constructed from history 'metatranscriptomics and rna seq'""}, {'create_time': '2022-03-30', 'latest_version': '5', 'link': 'https://usegalaxy.eu/published/workflow?id=21a17d6c473a88c0', 'name': '6.merged_samples_functional_analysis'}, {'create_time': '2022-05-10', 'latest_version': '1', 'link': 'https://usegalaxy.eu/published/workflow?id=3118d383c81cf805', 'name': '4 Functional Information'}, {'create_time': '2022-05-24', 'latest_version': '1', 'link': 'https://usegalaxy.eu/published/workflow?id=4d32b1b3ac0a7161', 'name': 'metatranscriptmoics'}, {'create_time': '2022-05-24', 'latest_version': '2', 'link': 'https://usegalaxy.eu/published/workflow?id=713a5485e2007f90', 'name': 'merged results'}, {'create_time': '2021-05-25', 'latest_version': '8', 'link': 'https://usegalaxy.eu/published/workflow?id=5ce8a472e6e95c60', 'name': 'Metatranscriptomics-WF3: Functional Information (quick)'}, {'create_time': '2021-05-25', 'latest_version': '6', 'link': 'https://usegalaxy.eu/published/workflow?id=23dd2253da51e22e', 'name': 'Metatranscriptomics-WF3: Functional Information'}, {'create_time': '2021-06-22', 'latest_version': '14', 'link': 'https://usegalaxy.eu/published/workflow?id=a8f829deb69b30ab', 'name': 'Taxonomic and functional community profiling of raw metagenomic shotgun data workflow'}]"	humann	humann	2021-05-12	iuc	https://github.com/galaxyproject/tools-iuc/tree/master/tools/humann	52483	987	3171	4812	61453	52483	987	3171	4812	61453	https://github.com/galaxyproject/tools-iuc/tree/main/tools/humann	795	17	123	122	1057	795	17	123	122	1057	3.9	Up-to-date	['Metagenomics']	['humann', 'humann_barplot', 'humann_join_tables', 'humann_reduce_table', 'humann_regroup_table', 'humann_rename_table', 'humann_renorm_table', 'humann_split_stratified_table', 'humann_split_table', 'humann_unpack_pathways']	['tabular', 'biom1', 'txt', 'sam', 'fasta', 'png', 'pdf', 'svg']		humann	HUMAnN is a pipeline for efficiently and accurately profiling the presence/absence and abundance of microbial pathways in a community from metagenomic or metatranscriptomic sequencing data (typically millions of short DNA/RNA reads). This process, referred to as functional profiling, aims to describe the metabolic potential of a microbial community and its members. More generally, functional profiling answers the question “What are the microbes in my community-of-interest doing (or are capable of doing)?”	humann	False
instagraal	Large genome reassembly based on Hi-C data	['Genome assembly', 'Mapping assembly', 'Genetic mapping', 'Scaffolding']	['Genome assembly', 'Mapping assembly', 'Genetic mapping', 'Scaffolding']	['Sequence assembly', 'Mapping', 'Metagenomics', 'Statistics and probability', 'DNA binding sites']	['Sequence assembly', 'Mapping', 'Metagenomics', 'Statistics and probability', 'DNA binding sites']	https://github.com/koszullab/instaGRAAL		0	0	0	0	0	0	0	0	0	0	0	0	0	0	0	0	0	0	1	1	1	0	0	0	0	0	[]	[]	instagraal		2022-11-10	bgruening	https://github.com/bgruening/galaxytools/tree/master/tools/instagraal	160	0	0	0	160	160	0	0	0	160	https://github.com/bgruening/galaxytools/tree/master/tools/instagraal	16	0	0	0	16	16	0	0	0	16	@TOOL_VERSION@+galaxy@VERSION_SUFFIX@	To update	['Assembly']	['instagraal']	['fasta', 'tabular']		instagraal	Chromosome-level quality scaffolding of brown algal genomes using InstaGRAAL.Large genome reassembly based on Hi-C data, continuation of GRAAL.Large genome reassembly based on Hi-C data (continuation and partial rewrite of GRAAL) and post-scaffolding polishing libraries.This work is under continuous development/improvement - see GRAAL for information about the basic principles.sudo pip3 install -e git+https://github.com/koszullab/instagraal.git@master#egg=instagraal.Note to OS X users: There is currently no CUDA support on Mojave (10.14) and it is unclear when it is going to be added, if it is to be added at all. This means instaGRAAL (or indeed any CUDA-based application) will not work on Mojave. If you wish to run it on OS X, the only solution for now is to downgrade to High Sierra (10.13)	instaGRAAL	False
instrain	InStrain is a tool for analysis of co-occurring genome populations from metagenomes	['SNP detection', 'Genome comparison']	['SNP detection', 'Genome comparison']	['Mapping', 'Metagenomics']	['Mapping', 'Metagenomics']	https://instrain.readthedocs.io/	1.10.0	0	0	0	0	0	0	0	2	0	0	0	0	0	0	0	0	0	0	0	2	2	0	0	0	0	0	[]	[]	instrain	instrain	2021-08-11	iuc	https://github.com/galaxyproject/tools-iuc/tree/master/tools/instrain	208	0	0	0	208	208	0	0	0	208	https://github.com/galaxyproject/tools-iuc/tree/main/tools/instrain	22	0	0	0	22	22	0	0	0	22	1.5.3	To update	['Metagenomics']	['instrain_compare', 'instrain_profile']	['tabular', 'pdf', 'zip']		instrain	InStrain is a tool for analysis of co-occurring genome populations from metagenomes that allows highly accurate genome comparisons, analysis of coverage, microdiversity, and linkage, and sensitive SNP detection with gene localization and synonymous non-synonymous identification	InStrain	False
integronfinder	"""IntegronFinder identify integrons with high accuracy and sensitivity.It searches for attC sites using covariance models, for integron-integrases using HMM profiles, and for other features (promoters, attI site) using pattern matching"""	['Nucleic acid feature detection', 'Sequence motif recognition', 'Protein feature detection', 'Genome annotation']	['Nucleic acid feature detection', 'Sequence motif recognition', 'Protein feature detection', 'Genome annotation']	['Functional genomics', 'Mobile genetic elements', 'Molecular biology', 'Sequence analysis']	['Functional genomics', 'Mobile genetic elements', 'Molecular biology', 'Sequence analysis']	https://github.com/gem-pasteur/Integron_Finder	2.0.6	0	0	0	0	0	1	1	1	0	0	0	0	0	0	0	0	0	0	1	1	1	1	0	1	1	0	['https://training.galaxyproject.org/training-material/topics/genome-annotation/tutorials/bacterial-genome-annotation/tutorial.html']	"[{'create_time': '2025-06-02', 'latest_version': '1', 'link': 'https://workflowhub.eu/workflows/1513?version=1', 'name': 'Bacterial Genome Annotation'}, {'create_time': '2025-12-06', 'latest_version': '13', 'link': 'https://workflowhub.eu/workflows/1050?version=13', 'name': 'bacterial_genome_annotation/main'}, {'create_time': '2024-01-25', 'latest_version': '6', 'link': 'https://usegalaxy.fr/published/workflow?id=7964ddc68853458f', 'name': 'Bacterial genome annotation'}, {'create_time': '2026-05-02', 'latest_version': '0', 'link': 'https://usegalaxy.eu/published/workflow?id=dfe43396a3fd94bc', 'name': 'EU_IntegronFinder'}, {'create_time': '2026-04-30', 'latest_version': '0', 'link': 'https://usegalaxy.eu/published/workflow?id=ffd365c037373673', 'name': ""Workflow constructed from history 'BPC(EXCEPT Bpseudomallei)'""}, {'create_time': '2025-12-11', 'latest_version': '1', 'link': 'https://usegalaxy.eu/published/workflow?id=1306ed083d91a852', 'name': 'Bacterial Genome Annotation (release v1.2.0)'}, {'create_time': '2025-07-31', 'latest_version': '1', 'link': 'https://usegalaxy.eu/published/workflow?id=fd63b9884fda75b6', 'name': 'bacterial_genome_annotation (release v1.1.11)'}, {'create_time': '2025-07-17', 'latest_version': '1', 'link': 'https://usegalaxy.eu/published/workflow?id=2c1a6da84d891cf2', 'name': 'bacterial_genome_annotation (release v1.1.10)'}, {'create_time': '2025-06-19', 'latest_version': '1', 'link': 'https://usegalaxy.eu/published/workflow?id=b1afc8d1e81fc904', 'name': 'bacterial_genome_annotation (release v1.1.9)'}, {'create_time': '2024-09-19', 'latest_version': '1', 'link': 'https://usegalaxy.eu/published/workflow?id=4a218fb93d78ba67', 'name': 'bacterial_genome_annotation (release v1.1.3)'}, {'create_time': '2024-09-19', 'latest_version': '1', 'link': 'https://usegalaxy.eu/published/workflow?id=bcd50e655809cfcb', 'name': 'bacterial_genome_annotation (release v1.1.2)'}, {'create_time': '2024-09-19', 'latest_version': '1', 'link': 'https://usegalaxy.eu/published/workflow?id=36ea584e0f60893e', 'name': 'bacterial_genome_annotation (release v1.1.1)'}, {'create_time': '2024-09-19', 'latest_version': '1', 'link': 'https://usegalaxy.eu/published/workflow?id=8792eaecb69fbc26', 'name': 'bacterial_genome_annotation (release v1.1)'}, {'create_time': '2024-09-19', 'latest_version': '1', 'link': 'https://usegalaxy.eu/published/workflow?id=61948fcaefa1418a', 'name': 'bacterial_genome_annotation (release v1.0)'}, {'create_time': '2024-09-26', 'latest_version': '1', 'link': 'https://usegalaxy.eu/published/workflow?id=d8db0b2e30370b84', 'name': 'bacterial_genome_annotation (release v1.1.4)'}, {'create_time': '2024-10-17', 'latest_version': '1', 'link': 'https://usegalaxy.eu/published/workflow?id=a18aed4b03ffd27e', 'name': 'bacterial_genome_annotation (release v1.1.6)'}, {'create_time': '2024-10-17', 'latest_version': '1', 'link': 'https://usegalaxy.eu/published/workflow?id=dfb8e0f3c534000e', 'name': 'bacterial_genome_annotation (release v1.1.5)'}, {'create_time': '2024-10-31', 'latest_version': '1', 'link': 'https://usegalaxy.eu/published/workflow?id=6b69ab27c565257b', 'name': 'bacterial_genome_annotation (release v1.1.7)'}, {'create_time': '2024-01-25', 'latest_version': '3', 'link': 'https://usegalaxy.eu/published/workflow?id=3f5fe28793ed0c6c', 'name': 'Bacterial genome annotation (imported from uploaded file)'}, {'create_time': '2025-12-11', 'latest_version': '1', 'link': 'https://usegalaxy.org/published/workflow?id=67ca17ab34b10772', 'name': 'Bacterial Genome Annotation (release v1.2.0)'}, {'create_time': '2025-07-31', 'latest_version': '1', 'link': 'https://usegalaxy.org/published/workflow?id=49da012e2839c046', 'name': 'bacterial_genome_annotation (release v1.1.11)'}, {'create_time': '2025-07-17', 'latest_version': '1', 'link': 'https://usegalaxy.org/published/workflow?id=649cdc14757e5755', 'name': 'bacterial_genome_annotation (release v1.1.10)'}, {'create_time': '2025-06-19', 'latest_version': '1', 'link': 'https://usegalaxy.org/published/workflow?id=3940186d02245b1d', 'name': 'bacterial_genome_annotation (release v1.1.9)'}, {'create_time': '2024-09-26', 'latest_version': '1', 'link': 'https://usegalaxy.org/published/workflow?id=8cb8a588a0495cfa', 'name': 'bacterial_genome_annotation (release v1.1.4)'}, {'create_time': '2024-09-26', 'latest_version': '1', 'link': 'https://usegalaxy.org/published/workflow?id=04c5ea133de3204c', 'name': 'bacterial_genome_annotation (release v1.1.3)'}, {'create_time': '2024-10-03', 'latest_version': '1', 'link': 'https://usegalaxy.org/published/workflow?id=993534c11310a207', 'name': 'bacterial_genome_annotation (release v1.1.5)'}, {'create_time': '2024-10-17', 'latest_version': '1', 'link': 'https://usegalaxy.org/published/workflow?id=d2a5f6a5181aada5', 'name': 'bacterial_genome_annotation (release v1.1.6)'}, {'create_time': '2024-10-31', 'latest_version': '1', 'link': 'https://usegalaxy.org/published/workflow?id=4f8bdd61c524b901', 'name': 'bacterial_genome_annotation (release v1.1.7)'}, {'create_time': '2026-04-02', 'latest_version': '1', 'link': 'https://usegalaxy.org.au/published/workflow?id=09ec031656620fb5', 'name': 'Bacterial Genome Annotation (release v1.2.0)'}]"	integronfinder	integron_finder	2022-09-22	iuc	https://github.com/galaxyproject/tools-iuc/tree/master/tools/integron_finder	64428	2504	7167	12061	86160	64428	2504	7167	12061	86160	https://github.com/galaxyproject/tools-iuc/tree/main/tools/integron_finder	390	34	252	132	808	390	34	252	132	808	2.0.5	To update	['Sequence Analysis']	['integron_finder']	['txt', 'tsv']		integron_finder	A tool to detect Integron in DNA sequences.	Integron Finder	False
isescan	"""ISEScan is a pipeline to identify IS (Insertion Sequence) elements in genome and metagenomebased on profile hidden Markov models constructed from manually curated IS elements."""	['Structural variation detection']	['Structural variation detection']	['Genomics', 'Sequence analysis', 'Genetic variation']	['Genomics', 'DNA structural variation', 'Sequence analysis', 'Genetic variation']	https://github.com/xiezhq/ISEScan	1.7.3	0	0	0	0	0	1	0	1	0	0	0	0	0	0	0	0	0	0	1	1	1	1	0	1	1	0	['https://training.galaxyproject.org/training-material/topics/genome-annotation/tutorials/bacterial-genome-annotation/tutorial.html']	[{'create_time': '2025-06-02', 'latest_version': '1', 'link': 'https://workflowhub.eu/workflows/1513?version=1', 'name': 'Bacterial Genome Annotation'}, {'create_time': '2025-12-06', 'latest_version': '13', 'link': 'https://workflowhub.eu/workflows/1050?version=13', 'name': 'bacterial_genome_annotation/main'}, {'create_time': '2024-01-25', 'latest_version': '6', 'link': 'https://usegalaxy.fr/published/workflow?id=7964ddc68853458f', 'name': 'Bacterial genome annotation'}, {'create_time': '2025-12-11', 'latest_version': '1', 'link': 'https://usegalaxy.eu/published/workflow?id=1306ed083d91a852', 'name': 'Bacterial Genome Annotation (release v1.2.0)'}, {'create_time': '2025-07-31', 'latest_version': '1', 'link': 'https://usegalaxy.eu/published/workflow?id=fd63b9884fda75b6', 'name': 'bacterial_genome_annotation (release v1.1.11)'}, {'create_time': '2025-07-17', 'latest_version': '1', 'link': 'https://usegalaxy.eu/published/workflow?id=2c1a6da84d891cf2', 'name': 'bacterial_genome_annotation (release v1.1.10)'}, {'create_time': '2025-06-19', 'latest_version': '1', 'link': 'https://usegalaxy.eu/published/workflow?id=b1afc8d1e81fc904', 'name': 'bacterial_genome_annotation (release v1.1.9)'}, {'create_time': '2024-09-19', 'latest_version': '1', 'link': 'https://usegalaxy.eu/published/workflow?id=4a218fb93d78ba67', 'name': 'bacterial_genome_annotation (release v1.1.3)'}, {'create_time': '2024-09-19', 'latest_version': '1', 'link': 'https://usegalaxy.eu/published/workflow?id=bcd50e655809cfcb', 'name': 'bacterial_genome_annotation (release v1.1.2)'}, {'create_time': '2024-09-19', 'latest_version': '1', 'link': 'https://usegalaxy.eu/published/workflow?id=36ea584e0f60893e', 'name': 'bacterial_genome_annotation (release v1.1.1)'}, {'create_time': '2024-09-19', 'latest_version': '1', 'link': 'https://usegalaxy.eu/published/workflow?id=8792eaecb69fbc26', 'name': 'bacterial_genome_annotation (release v1.1)'}, {'create_time': '2024-09-19', 'latest_version': '1', 'link': 'https://usegalaxy.eu/published/workflow?id=61948fcaefa1418a', 'name': 'bacterial_genome_annotation (release v1.0)'}, {'create_time': '2024-09-26', 'latest_version': '1', 'link': 'https://usegalaxy.eu/published/workflow?id=d8db0b2e30370b84', 'name': 'bacterial_genome_annotation (release v1.1.4)'}, {'create_time': '2024-10-17', 'latest_version': '1', 'link': 'https://usegalaxy.eu/published/workflow?id=a18aed4b03ffd27e', 'name': 'bacterial_genome_annotation (release v1.1.6)'}, {'create_time': '2024-10-17', 'latest_version': '1', 'link': 'https://usegalaxy.eu/published/workflow?id=dfb8e0f3c534000e', 'name': 'bacterial_genome_annotation (release v1.1.5)'}, {'create_time': '2024-10-31', 'latest_version': '1', 'link': 'https://usegalaxy.eu/published/workflow?id=6b69ab27c565257b', 'name': 'bacterial_genome_annotation (release v1.1.7)'}, {'create_time': '2024-01-25', 'latest_version': '3', 'link': 'https://usegalaxy.eu/published/workflow?id=3f5fe28793ed0c6c', 'name': 'Bacterial genome annotation (imported from uploaded file)'}, {'create_time': '2022-11-18', 'latest_version': '7', 'link': 'https://usegalaxy.eu/published/workflow?id=3081569659a45b9e', 'name': 'Metagenome Antibiotic Resistance Genes on Assemblies'}, {'create_time': '2025-12-11', 'latest_version': '1', 'link': 'https://usegalaxy.org/published/workflow?id=67ca17ab34b10772', 'name': 'Bacterial Genome Annotation (release v1.2.0)'}, {'create_time': '2025-07-31', 'latest_version': '1', 'link': 'https://usegalaxy.org/published/workflow?id=49da012e2839c046', 'name': 'bacterial_genome_annotation (release v1.1.11)'}, {'create_time': '2025-07-17', 'latest_version': '1', 'link': 'https://usegalaxy.org/published/workflow?id=649cdc14757e5755', 'name': 'bacterial_genome_annotation (release v1.1.10)'}, {'create_time': '2025-06-19', 'latest_version': '1', 'link': 'https://usegalaxy.org/published/workflow?id=3940186d02245b1d', 'name': 'bacterial_genome_annotation (release v1.1.9)'}, {'create_time': '2024-09-26', 'latest_version': '1', 'link': 'https://usegalaxy.org/published/workflow?id=8cb8a588a0495cfa', 'name': 'bacterial_genome_annotation (release v1.1.4)'}, {'create_time': '2024-09-26', 'latest_version': '1', 'link': 'https://usegalaxy.org/published/workflow?id=04c5ea133de3204c', 'name': 'bacterial_genome_annotation (release v1.1.3)'}, {'create_time': '2024-10-03', 'latest_version': '1', 'link': 'https://usegalaxy.org/published/workflow?id=993534c11310a207', 'name': 'bacterial_genome_annotation (release v1.1.5)'}, {'create_time': '2024-10-17', 'latest_version': '1', 'link': 'https://usegalaxy.org/published/workflow?id=d2a5f6a5181aada5', 'name': 'bacterial_genome_annotation (release v1.1.6)'}, {'create_time': '2024-10-31', 'latest_version': '1', 'link': 'https://usegalaxy.org/published/workflow?id=4f8bdd61c524b901', 'name': 'bacterial_genome_annotation (release v1.1.7)'}, {'create_time': '2026-04-02', 'latest_version': '1', 'link': 'https://usegalaxy.org.au/published/workflow?id=09ec031656620fb5', 'name': 'Bacterial Genome Annotation (release v1.2.0)'}]	ISEScan	isescan	2022-09-01	iuc	https://github.com/galaxyproject/tools-iuc/tree/master/tools/isescan	67516	1759	1535	7464	78274	67516	1759	1535	7464	78274	https://github.com/galaxyproject/tools-iuc/tree/main/tools/isescan	392	37	237	116	782	392	37	237	116	782	1.7.3	Up-to-date	['Sequence Analysis']	['isescan']	['txt', 'tabular', 'gff', 'fasta']		ISEScan	Automated identification of insertion sequence elements in prokaryotic genomes.	ISEScan	False
ivar	iVar is a computational package that contains functions broadly useful for viral amplicon-based sequencing	['Primer removal']	['Primer removal']	['Virology']	['Virology']	https://github.com/andersen-lab/ivar	1.4.4	0	0	0	0	0	0	0	5	0	0	0	0	0	4	0	0	0	0	5	5	5	5	5	5	5	0	['https://training.galaxyproject.org/training-material/topics/variant-analysis/tutorials/aiv-analysis/tutorial.html', 'https://training.galaxyproject.org/training-material/topics/variant-analysis/tutorials/pox-tiled-amplicon/tutorial.html']	"[{'create_time': '2026-03-10', 'latest_version': '7', 'link': 'https://workflowhub.eu/workflows/155?version=7', 'name': 'sars-cov-2-pe-illumina-artic-ivar-analysis/SARS-COV-2-ILLUMINA-AMPLICON-IVAR-PANGOLIN-NEXTCLADE'}, {'create_time': '2025-12-05', 'latest_version': '2', 'link': 'https://workflowhub.eu/workflows/1876?version=2', 'name': 'generic-non-segmented-viral-variant-calling/main'}, {'create_time': '2021-12-21', 'latest_version': '5', 'link': 'https://workflowhub.eu/workflows/111?version=5', 'name': 'sars-cov-2-ont-artic-variant-calling/COVID-19-ARTIC-ONT'}, {'create_time': '2026-02-12', 'latest_version': '3', 'link': 'https://workflowhub.eu/workflows/1260?version=3', 'name': 'influenza-isolates-consensus-and-subtyping/main'}, {'create_time': '2025-10-11', 'latest_version': '4', 'link': 'https://workflowhub.eu/workflows/439?version=4', 'name': 'pox-virus-amplicon/main'}, {'create_time': '2026-05-14', 'latest_version': '12', 'link': 'https://workflowhub.eu/workflows/110?version=12', 'name': 'sars-cov-2-pe-illumina-artic-variant-calling/COVID-19-PE-ARTIC-ILLUMINA'}, {'create_time': '2023-06-28', 'latest_version': '1', 'link': 'https://workflowhub.eu/workflows/519?version=1', 'name': 'SARS-CoV-2 Illumina Amplicon pipeline - SANBI - v1.2'}, {'create_time': '2022-04-15', 'latest_version': '2', 'link': 'https://usegalaxy.fr/published/workflow?id=d0d12c0b80c286f9', 'name': 'COVID-19: variation analysis on ARTIC PE data 0.5'}, {'create_time': '2021-08-10', 'latest_version': '4', 'link': 'https://usegalaxy.fr/published/workflow?id=727cfdb7c79287d1', 'name': 'COVID-19: variation analysis of ARTIC ONT data 0.2.1'}, {'create_time': '2022-04-15', 'latest_version': '1', 'link': 'https://usegalaxy.fr/published/workflow?id=61235264d5d2f666', 'name': 'COVID-19: variation analysis of ARTIC ONT data 0.3.1'}, {'create_time': '2022-04-15', 'latest_version': '2', 'link': 'https://usegalaxy.fr/published/workflow?id=591c57173e259ca6', 'name': 'COVID-19: SARS-CoV-2 Illumina Amplicon pipeline - iVar based 0.2.2'}, {'create_time': '2021-11-02', 'latest_version': '2', 'link': 'https://usegalaxy.fr/published/workflow?id=e3c04a30258421aa', 'name': 'COVID-19: variation analysis of ARTIC ONT data 0.3'}, {'create_time': '2021-09-13', 'latest_version': '5', 'link': 'https://usegalaxy.fr/published/workflow?id=2345fad7dac13daa', 'name': 'COVID-19: SARS-CoV-2 Illumina Amplicon pipeline - iVar based 0.1'}, {'create_time': '2021-08-11', 'latest_version': '2', 'link': 'https://usegalaxy.fr/published/workflow?id=98529cff0ef36b91', 'name': 'COVID-19: variation analysis on ARTIC PE data 0.4.1'}, {'create_time': '2021-06-04', 'latest_version': '1', 'link': 'https://usegalaxy.fr/published/workflow?id=7d27dd394b921846', 'name': 'COVID-19: variation analysis on ARTIC PE data v0.2'}, {'create_time': '2021-06-03', 'latest_version': '1', 'link': 'https://usegalaxy.fr/published/workflow?id=e0b225d4b2556365', 'name': 'COVID-19: variation analysis on ARTIC PE data v0.3'}, {'create_time': '2026-05-14', 'latest_version': '1', 'link': 'https://usegalaxy.eu/published/workflow?id=d034d2d84ab94d39', 'name': 'COVID-19: variation analysis on ARTIC PE (release v0.5.5)'}, {'create_time': '2026-03-12', 'latest_version': '1', 'link': 'https://usegalaxy.eu/published/workflow?id=34f53e4e7ea3b5a3', 'name': 'SARS-CoV-2 Illumina Amplicon pipeline - iVar bas (release v0.4)'}, {'create_time': '2026-04-27', 'latest_version': '4', 'link': 'https://usegalaxy.eu/published/workflow?id=4db391b405f2ed38', 'name': 'Influenza A isolate subtyping and consensus sequence generation (release v0.3.1rc)'}, {'create_time': '2026-02-12', 'latest_version': '1', 'link': 'https://usegalaxy.eu/published/workflow?id=e353c6a106fa9e4c', 'name': 'Influenza A isolate subtyping and consensus sequence generation (release v0.3)'}, {'create_time': '2023-06-29', 'latest_version': '59', 'link': 'https://usegalaxy.eu/published/workflow?id=98bfad0c684011e9', 'name': 'De novo assembly pipeline for viral sequences'}, {'create_time': '2024-12-13', 'latest_version': '1', 'link': 'https://usegalaxy.eu/published/workflow?id=d967194ca51ff11e', 'name': 'SARS CoV-2 ILLUMINA AMPLICON PIPELINE-SANBI-V1.0'}, {'create_time': '2025-10-16', 'latest_version': '1', 'link': 'https://usegalaxy.eu/published/workflow?id=eaf01ccb13aad3ec', 'name': 'Pox Virus Illumina Amplicon Workflow from half-genomes (release v0.4)'}, {'create_time': '2025-08-20', 'latest_version': '0', 'link': 'https://usegalaxy.eu/published/workflow?id=40d2c7ac42bd5302', 'name': 'Variant calling and consensus construction from paired end short read data of non-segmented viral genomes'}, {'create_time': '2025-08-19', 'latest_version': '8', 'link': 'https://usegalaxy.eu/published/workflow?id=7c986f4d14c6a539', 'name': 'Capripox isolate subtyping and consensus genome generation from WGS data - version 2'}, {'create_time': '2024-07-28', 'latest_version': '11', 'link': 'https://usegalaxy.eu/published/workflow?id=629e57958afed44c', 'name': 'Capripox isolate subtyping and consensus genome generation from WGS data - version 1'}, {'create_time': '2025-07-31', 'latest_version': '1', 'link': 'https://usegalaxy.eu/published/workflow?id=3f046b416b10b871', 'name': 'SARS-CoV-2 Illumina Amplicon pipeline - iVar bas (release v0.3.1)'}, {'create_time': '2025-05-14', 'latest_version': '1', 'link': 'https://usegalaxy.eu/published/workflow?id=cd25f70f71683ab6', 'name': 'Influenza A isolate subtyping and consensus sequence generation'}, {'create_time': '2025-05-15', 'latest_version': '1', 'link': 'https://usegalaxy.eu/published/workflow?id=c789ab71876c6ead', 'name': 'Influenza A isolate subtyping and consensus sequence generation (release v0.2)'}, {'create_time': '2022-03-18', 'latest_version': '1', 'link': 'https://usegalaxy.eu/published/workflow?id=4d97068a725c975c', 'name': 'COVID-19: variation analysis of ARTIC ONT (release v0.3.1)'}, {'create_time': '2022-03-18', 'latest_version': '1', 'link': 'https://usegalaxy.eu/published/workflow?id=2d9d4445a1871230', 'name': 'COVID-19: variation analysis of ARTIC ONT (release v0.3)'}, {'create_time': '2022-03-18', 'latest_version': '1', 'link': 'https://usegalaxy.eu/published/workflow?id=0f6a7bd5362e4a2b', 'name': 'COVID-19: variation analysis of ARTIC ONT (release v0.2.1)'}, {'create_time': '2022-03-18', 'latest_version': '1', 'link': 'https://usegalaxy.eu/published/workflow?id=7bdd9ad918edab0b', 'name': 'COVID-19: variation analysis of ARTIC ONT (release v0.2)'}, {'create_time': '2022-03-18', 'latest_version': '1', 'link': 'https://usegalaxy.eu/published/workflow?id=b97532c398b821a2', 'name': 'COVID-19: variation analysis of ARTIC ONT (release v0.1)'}, {'create_time': '2022-03-18', 'latest_version': '1', 'link': 'https://usegalaxy.eu/published/workflow?id=ee6dc47660540ba6', 'name': 'COVID-19: variation analysis on ARTIC PE (release v0.5)'}, {'create_time': '2022-03-18', 'latest_version': '1', 'link': 'https://usegalaxy.eu/published/workflow?id=a6f4371ef9bc1aab', 'name': 'COVID-19: variation analysis on ARTIC PE (release v0.4.2)'}, {'create_time': '2022-03-18', 'latest_version': '1', 'link': 'https://usegalaxy.eu/published/workflow?id=ed20bd120064bab0', 'name': 'COVID-19: variation analysis on ARTIC PE (release v0.4.1)'}, {'create_time': '2022-03-18', 'latest_version': '1', 'link': 'https://usegalaxy.eu/published/workflow?id=0be293debca8fb9b', 'name': 'COVID-19: variation analysis on ARTIC PE (release v0.4)'}, {'create_time': '2022-03-18', 'latest_version': '1', 'link': 'https://usegalaxy.eu/published/workflow?id=fc216dfb0ec9ed41', 'name': 'COVID-19: variation analysis on ARTIC PE (release v0.3)'}, {'create_time': '2022-03-18', 'latest_version': '1', 'link': 'https://usegalaxy.eu/published/workflow?id=2573209308aaad23', 'name': 'COVID-19: variation analysis on ARTIC PE (release v0.2)'}, {'create_time': '2022-03-18', 'latest_version': '1', 'link': 'https://usegalaxy.eu/published/workflow?id=6dbac47941a804da', 'name': 'COVID-19: variation analysis on ARTIC PE (release v0.1)'}, {'create_time': '2022-03-18', 'latest_version': '1', 'link': 'https://usegalaxy.eu/published/workflow?id=74f19aff1b9cdd6b', 'name': 'SARS-CoV-2 Illumina Amplicon pipeline - iVar bas (release v0.2.2)'}, {'create_time': '2022-03-18', 'latest_version': '1', 'link': 'https://usegalaxy.eu/published/workflow?id=9feebfc6c34da287', 'name': 'SARS-CoV-2 Illumina Amplicon pipeline - iVar bas (release v0.2.1)'}, {'create_time': '2022-03-18', 'latest_version': '1', 'link': 'https://usegalaxy.eu/published/workflow?id=4c75ab0be3c56494', 'name': 'SARS-CoV-2 Illumina Amplicon pipeline - iVar bas (release v0.2)'}, {'create_time': '2023-03-02', 'latest_version': '1', 'link': 'https://usegalaxy.eu/published/workflow?id=b77e3b08092fa73e', 'name': 'Pox Virus Illumina Amplicon Workflow from half-genomes (release v0.1)'}, {'create_time': '2023-11-30', 'latest_version': '1', 'link': 'https://usegalaxy.eu/published/workflow?id=429ae28a178cd07c', 'name': 'COVID-19: variation analysis of ARTIC ONT (release v0.3.2)'}, {'create_time': '2024-01-18', 'latest_version': '1', 'link': 'https://usegalaxy.eu/published/workflow?id=4b4bfc79205d83f1', 'name': 'COVID-19: variation analysis on ARTIC PE (release v0.5.1)'}, {'create_time': '2024-01-18', 'latest_version': '1', 'link': 'https://usegalaxy.eu/published/workflow?id=5c15f251642bfa1f', 'name': 'SARS-CoV-2 Illumina Amplicon pipeline - iVar bas (release v0.2.3)'}, {'create_time': '2024-03-07', 'latest_version': '1', 'link': 'https://usegalaxy.eu/published/workflow?id=fcf745185d6e0ea4', 'name': 'COVID-19: variation analysis on ARTIC PE (release v0.5.2)'}, {'create_time': '2024-09-19', 'latest_version': '1', 'link': 'https://usegalaxy.eu/published/workflow?id=6e1fe7372e93fae0', 'name': 'Pox Virus Illumina Amplicon Workflow from half-genomes (release v0.2)'}, {'create_time': '2024-10-03', 'latest_version': '1', 'link': 'https://usegalaxy.eu/published/workflow?id=52bdf400f97c5770', 'name': 'COVID-19: variation analysis on ARTIC PE (release v0.5.3)'}, {'create_time': '2025-01-30', 'latest_version': '1', 'link': 'https://usegalaxy.eu/published/workflow?id=a15dabcadb63b46d', 'name': 'Influenza A isolate subtyping and consensus sequence generation (release v0.1)'}, {'create_time': '2025-03-20', 'latest_version': '1', 'link': 'https://usegalaxy.eu/published/workflow?id=53de0e742573e588', 'name': 'COVID-19: variation analysis on ARTIC PE (release v0.5.4)'}, {'create_time': '2025-03-20', 'latest_version': '1', 'link': 'https://usegalaxy.eu/published/workflow?id=ada52ba09b462567', 'name': 'Pox Virus Illumina Amplicon Workflow from half-genomes (release v0.3)'}, {'create_time': '2024-08-02', 'latest_version': '0', 'link': 'https://usegalaxy.eu/published/workflow?id=a31100610fba17a1', 'name': 'Pox Virus Illumina Amplicon Workflow from half-genomes'}, {'create_time': '2024-05-14', 'latest_version': '0', 'link': 'https://usegalaxy.eu/published/workflow?id=529f30e894beacc2', 'name': 'Copy of COVID-19: variation analysis of ARTIC ONT (release v0.3) shared by user iwc'}, {'create_time': '2023-09-13', 'latest_version': '2', 'link': 'https://usegalaxy.eu/published/workflow?id=3fb550d7c2bc390a', 'name': ""Workflow constructed from history 'LSDV analysis development'""}, {'create_time': '2023-04-25', 'latest_version': '2', 'link': 'https://usegalaxy.eu/published/workflow?id=4f40ae432d8a4259', 'name': 'Genomics'}, {'create_time': '2022-10-21', 'latest_version': '33', 'link': 'https://usegalaxy.eu/published/workflow?id=d88145e7475e0b7b', 'name': 'WW-SARS-CoV-2: lineages analysis on ARTIC PE data'}, {'create_time': '2022-02-28', 'latest_version': '1', 'link': 'https://usegalaxy.eu/published/workflow?id=579dd1e95e76402f', 'name': 'COVID-19: variation analysis on ARTIC PE data -iwc version 0.5'}, {'create_time': '2021-11-16', 'latest_version': '3', 'link': 'https://usegalaxy.eu/published/workflow?id=fc0b9efa7d2e61e6', 'name': 'Coverage + Consensus HA+NA'}, {'create_time': '2020-12-03', 'latest_version': '15', 'link': 'https://usegalaxy.eu/published/workflow?id=45fc2dada84d251e', 'name': 'VA-direct SARS-CoV-2'}, {'create_time': '2021-09-24', 'latest_version': '1', 'link': 'https://usegalaxy.eu/published/workflow?id=0189bab68f828d86', 'name': 'SARS-CoV-2 Illumina Amplicon pipeline - iVar based - iwc version 0.1'}, {'create_time': '2021-09-24', 'latest_version': '1', 'link': 'https://usegalaxy.eu/published/workflow?id=476db04368d5e90c', 'name': 'COVID-19: variation analysis of ARTIC ONT data - iwc version 0.3'}, {'create_time': '2026-05-14', 'latest_version': '1', 'link': 'https://usegalaxy.org/published/workflow?id=b139cdcfc6318284', 'name': 'COVID-19: variation analysis on ARTIC PE (release v0.5.5)'}, {'create_time': '2026-03-12', 'latest_version': '1', 'link': 'https://usegalaxy.org/published/workflow?id=f57a0c92585e745f', 'name': 'SARS-CoV-2 Illumina Amplicon pipeline - iVar bas (release v0.4)'}, {'create_time': '2026-03-05', 'latest_version': '1', 'link': 'https://usegalaxy.org/published/workflow?id=f7d9656f4cb77079', 'name': 'Influenza A isolate subtyping and consensus sequence generation (release v0.3)'}, {'create_time': '2025-10-16', 'latest_version': '1', 'link': 'https://usegalaxy.org/published/workflow?id=17d9b233640aefec', 'name': 'Pox Virus Illumina Amplicon Workflow from half-genomes (release v0.4)'}, {'create_time': '2025-07-31', 'latest_version': '1', 'link': 'https://usegalaxy.org/published/workflow?id=426e3951dac0704e', 'name': 'SARS-CoV-2 Illumina Amplicon pipeline - iVar bas (release v0.3.1)'}, {'create_time': '2025-05-15', 'latest_version': '1', 'link': 'https://usegalaxy.org/published/workflow?id=1518c8c50747a1c1', 'name': 'Influenza A isolate subtyping and consensus sequence generation (release v0.2)'}, {'create_time': '2022-03-18', 'latest_version': '1', 'link': 'https://usegalaxy.org/published/workflow?id=c7b2d2ccc4b0dec5', 'name': 'COVID-19: variation analysis of ARTIC ONT (release v0.3.1)'}, {'create_time': '2022-03-18', 'latest_version': '1', 'link': 'https://usegalaxy.org/published/workflow?id=4357180d40560019', 'name': 'COVID-19: variation analysis of ARTIC ONT (release v0.3)'}, {'create_time': '2022-03-18', 'latest_version': '1', 'link': 'https://usegalaxy.org/published/workflow?id=9adf8691809326e5', 'name': 'COVID-19: variation analysis of ARTIC ONT (release v0.2.1)'}, {'create_time': '2022-03-18', 'latest_version': '1', 'link': 'https://usegalaxy.org/published/workflow?id=c12e6b7896f8e114', 'name': 'COVID-19: variation analysis of ARTIC ONT (release v0.2)'}, {'create_time': '2022-03-18', 'latest_version': '1', 'link': 'https://usegalaxy.org/published/workflow?id=d3428dd172a78102', 'name': 'COVID-19: variation analysis of ARTIC ONT (release v0.1)'}, {'create_time': '2022-03-18', 'latest_version': '1', 'link': 'https://usegalaxy.org/published/workflow?id=98b2ac8fc75781f8', 'name': 'COVID-19: variation analysis on ARTIC PE (release v0.4.2)'}, {'create_time': '2022-03-18', 'latest_version': '1', 'link': 'https://usegalaxy.org/published/workflow?id=4cf8cc42e97b2da6', 'name': 'COVID-19: variation analysis on ARTIC PE (release v0.4.1)'}, {'create_time': '2022-03-18', 'latest_version': '1', 'link': 'https://usegalaxy.org/published/workflow?id=bf3ccae8d5b6ef58', 'name': 'COVID-19: variation analysis on ARTIC PE (release v0.4)'}, {'create_time': '2022-03-18', 'latest_version': '1', 'link': 'https://usegalaxy.org/published/workflow?id=e282f505ba9f729f', 'name': 'COVID-19: variation analysis on ARTIC PE (release v0.3)'}, {'create_time': '2022-03-18', 'latest_version': '1', 'link': 'https://usegalaxy.org/published/workflow?id=bd355e8ce58a139e', 'name': 'COVID-19: variation analysis on ARTIC PE (release v0.2)'}, {'create_time': '2022-03-18', 'latest_version': '1', 'link': 'https://usegalaxy.org/published/workflow?id=6b11d738ee57f245', 'name': 'COVID-19: variation analysis on ARTIC PE (release v0.1)'}, {'create_time': '2022-03-31', 'latest_version': '1', 'link': 'https://usegalaxy.org/published/workflow?id=7dde0721a382ea3e', 'name': 'COVID-19: variation analysis on ARTIC PE (release v0.5)'}, {'create_time': '2022-06-02', 'latest_version': '1', 'link': 'https://usegalaxy.org/published/workflow?id=4b41a8247f52c463', 'name': 'SARS-CoV-2 Illumina Amplicon pipeline - iVar bas (release v0.2.2)'}, {'create_time': '2022-06-02', 'latest_version': '1', 'link': 'https://usegalaxy.org/published/workflow?id=d96bd5c9fb553f2c', 'name': 'SARS-CoV-2 Illumina Amplicon pipeline - iVar bas (release v0.2.1)'}, {'create_time': '2022-06-02', 'latest_version': '1', 'link': 'https://usegalaxy.org/published/workflow?id=0fa2ce12c2874b1d', 'name': 'SARS-CoV-2 Illumina Amplicon pipeline - iVar bas (release v0.2)'}, {'create_time': '2024-01-18', 'latest_version': '1', 'link': 'https://usegalaxy.org/published/workflow?id=8b81b9a3b49bbf98', 'name': 'SARS-CoV-2 Illumina Amplicon pipeline - iVar bas (release v0.2.3)'}, {'create_time': '2024-10-03', 'latest_version': '1', 'link': 'https://usegalaxy.org/published/workflow?id=7e2651e5ed17e3db', 'name': 'COVID-19: variation analysis on ARTIC PE (release v0.5.3)'}, {'create_time': '2025-03-20', 'latest_version': '1', 'link': 'https://usegalaxy.org/published/workflow?id=b34ba9b2e4d8f050', 'name': 'COVID-19: variation analysis on ARTIC PE (release v0.5.4)'}, {'create_time': '2025-03-20', 'latest_version': '1', 'link': 'https://usegalaxy.org/published/workflow?id=8e1c6ad6ff623015', 'name': 'Pox Virus Illumina Amplicon Workflow from half-genomes (release v0.3)'}, {'create_time': '2025-03-20', 'latest_version': '1', 'link': 'https://usegalaxy.org/published/workflow?id=cdf5dffbed938d49', 'name': 'Pox Virus Illumina Amplicon Workflow from half-genomes (release v0.2)'}, {'create_time': '2025-03-20', 'latest_version': '1', 'link': 'https://usegalaxy.org/published/workflow?id=97263f3308077ff0', 'name': 'Influenza A isolate subtyping and consensus sequence generation (release v0.1)'}, {'create_time': '2025-02-06', 'latest_version': '0', 'link': 'https://usegalaxy.org/published/workflow?id=953d9cbe05e632a8', 'name': 'EBOV_amplicon_wf'}, {'create_time': '2024-10-28', 'latest_version': '20', 'link': 'https://usegalaxy.org/published/workflow?id=2ded909e7e3a9962', 'name': 'Influenza Quality, Assembly, Alignment, and Variant Calling NANOPORE'}, {'create_time': '2021-10-18', 'latest_version': '2', 'link': 'https://usegalaxy.org/published/workflow?id=9fc9f1db50019929', 'name': 'COGCZ:: COVID-19: variation analysis on ARTIC PE data'}, {'create_time': '2022-03-09', 'latest_version': '16', 'link': 'https://usegalaxy.org/published/workflow?id=0ee0493f3168cbb3', 'name': 'NGS_Workflow_CPBroutineNEW'}, {'create_time': '2022-02-23', 'latest_version': '20', 'link': 'https://usegalaxy.org/published/workflow?id=bf90f2bd20fbff21', 'name': 'NGS_Workflow_workshop'}, {'create_time': '2022-01-31', 'latest_version': '10', 'link': 'https://usegalaxy.org/published/workflow?id=1f48b44fa22ac5fc', 'name': 'VA-direct SARS-CoV-2 (imported from uploaded file)'}, {'create_time': '2021-02-22', 'latest_version': '1', 'link': 'https://usegalaxy.org/published/workflow?id=88d0b64011c3148c', 'name': 'COVID-19: variation analysis of ARTIC ONT data'}, {'create_time': '2021-02-22', 'latest_version': '1', 'link': 'https://usegalaxy.org/published/workflow?id=d4ea6cdd40522eb1', 'name': 'COVID-19: variation analysis on ARTIC PE data'}, {'create_time': '2026-03-12', 'latest_version': '1', 'link': 'https://usegalaxy.org.au/published/workflow?id=bf3d37088e99a912', 'name': 'SARS-CoV-2 Illumina Amplicon pipeline - iVar bas (release v0.4)'}, {'create_time': '2025-10-16', 'latest_version': '1', 'link': 'https://usegalaxy.org.au/published/workflow?id=203f9e69152fbb2a', 'name': 'Pox Virus Illumina Amplicon Workflow from half-genomes (release v0.4)'}, {'create_time': '2025-07-31', 'latest_version': '1', 'link': 'https://usegalaxy.org.au/published/workflow?id=af12a3ec85859563', 'name': 'SARS-CoV-2 Illumina Amplicon pipeline - iVar bas (release v0.3.1)'}, {'create_time': '2022-03-18', 'latest_version': '1', 'link': 'https://usegalaxy.org.au/published/workflow?id=932bad88f8dc8d33', 'name': 'COVID-19: variation analysis of ARTIC ONT (release v0.3.1)'}, {'create_time': '2022-03-18', 'latest_version': '1', 'link': 'https://usegalaxy.org.au/published/workflow?id=ba7a9d4c857d26b7', 'name': 'COVID-19: variation analysis of ARTIC ONT (release v0.3)'}, {'create_time': '2022-03-18', 'latest_version': '1', 'link': 'https://usegalaxy.org.au/published/workflow?id=888f8377eb6eabf2', 'name': 'COVID-19: variation analysis of ARTIC ONT (release v0.2.1)'}, {'create_time': '2022-03-18', 'latest_version': '1', 'link': 'https://usegalaxy.org.au/published/workflow?id=48a60965b6b3ff54', 'name': 'COVID-19: variation analysis of ARTIC ONT (release v0.2)'}, {'create_time': '2022-03-18', 'latest_version': '1', 'link': 'https://usegalaxy.org.au/published/workflow?id=4bc8ac41ecff7daf', 'name': 'COVID-19: variation analysis of ARTIC ONT (release v0.1)'}, {'create_time': '2022-03-18', 'latest_version': '1', 'link': 'https://usegalaxy.org.au/published/workflow?id=2b2ce7e1206d177d', 'name': 'COVID-19: variation analysis on ARTIC PE (release v0.5)'}, {'create_time': '2022-03-18', 'latest_version': '1', 'link': 'https://usegalaxy.org.au/published/workflow?id=810242a3dc4f6170', 'name': 'COVID-19: variation analysis on ARTIC PE (release v0.4.2)'}, {'create_time': '2022-03-18', 'latest_version': '1', 'link': 'https://usegalaxy.org.au/published/workflow?id=3c657dd766d02f6a', 'name': 'COVID-19: variation analysis on ARTIC PE (release v0.4.1)'}, {'create_time': '2022-03-18', 'latest_version': '1', 'link': 'https://usegalaxy.org.au/published/workflow?id=3223ceaa2b58d940', 'name': 'COVID-19: variation analysis on ARTIC PE (release v0.4)'}, {'create_time': '2022-03-18', 'latest_version': '1', 'link': 'https://usegalaxy.org.au/published/workflow?id=c1ce3f2ae7c81c3e', 'name': 'COVID-19: variation analysis on ARTIC PE (release v0.3)'}, {'create_time': '2022-03-18', 'latest_version': '1', 'link': 'https://usegalaxy.org.au/published/workflow?id=094a545d44ce28cc', 'name': 'COVID-19: variation analysis on ARTIC PE (release v0.2)'}, {'create_time': '2022-03-18', 'latest_version': '1', 'link': 'https://usegalaxy.org.au/published/workflow?id=be9213411c520096', 'name': 'COVID-19: variation analysis on ARTIC PE (release v0.1)'}, {'create_time': '2024-01-18', 'latest_version': '1', 'link': 'https://usegalaxy.org.au/published/workflow?id=7563b3ef697a69fd', 'name': 'SARS-CoV-2 Illumina Amplicon pipeline - iVar bas (release v0.2.3)'}, {'create_time': '2024-03-07', 'latest_version': '1', 'link': 'https://usegalaxy.org.au/published/workflow?id=888eb87b62c4e6dd', 'name': 'COVID-19: variation analysis on ARTIC PE (release v0.5.2)'}, {'create_time': '2024-09-19', 'latest_version': '1', 'link': 'https://usegalaxy.org.au/published/workflow?id=6b1b0a945d367b4c', 'name': 'Pox Virus Illumina Amplicon Workflow from half-genomes (release v0.2)'}, {'create_time': '2024-10-03', 'latest_version': '1', 'link': 'https://usegalaxy.org.au/published/workflow?id=fe5542c99cdc57ce', 'name': 'COVID-19: variation analysis on ARTIC PE (release v0.5.3)'}, {'create_time': '2025-03-27', 'latest_version': '1', 'link': 'https://usegalaxy.org.au/published/workflow?id=c9156ca3df2b595c', 'name': 'COVID-19: variation analysis on ARTIC PE (release v0.5.4)'}, {'create_time': '2025-03-27', 'latest_version': '1', 'link': 'https://usegalaxy.org.au/published/workflow?id=b432a1312859edd2', 'name': 'Pox Virus Illumina Amplicon Workflow from half-genomes (release v0.3)'}, {'create_time': '2024-10-17', 'latest_version': '1', 'link': 'https://usegalaxy.org.au/published/workflow?id=baa763dbdf6afb71', 'name': 'Selenium_test_6'}, {'create_time': '2024-09-11', 'latest_version': '2', 'link': 'https://usegalaxy.org.au/published/workflow?id=d35d05be576e8b13', 'name': 'Selenium_test_4'}, {'create_time': '2024-04-16', 'latest_version': '1', 'link': 'https://usegalaxy.org.au/published/workflow?id=d8a4a8bc4fa2f9ee', 'name': 'SARS-CoV-2_Assembly'}, {'create_time': '2023-10-20', 'latest_version': '10', 'link': 'https://usegalaxy.org.au/published/workflow?id=f52fb12383c8a214', 'name': 'RSV_assembly_workflow_MOHWHOFlu'}, {'create_time': '2021-03-03', 'latest_version': '1', 'link': 'https://usegalaxy.org.au/published/workflow?id=0c6f7bfc826433c4', 'name': 'COVID-19: variation analysis of ARTIC ONT data'}, {'create_time': '2021-03-03', 'latest_version': '1', 'link': 'https://usegalaxy.org.au/published/workflow?id=7fd58f5fc93f414e', 'name': 'COVID-19: variation analysis on ARTIC PE data'}, {'create_time': '2021-02-22', 'latest_version': '1', 'link': 'https://usegalaxy.org.au/published/workflow?id=e439a0e17a90d24c', 'name': 'COVID-19: variation analysis on ARTIC PE data'}, {'create_time': '2021-02-22', 'latest_version': '1', 'link': 'https://usegalaxy.org.au/published/workflow?id=47ce6a2d30887637', 'name': 'COVID-19: variation analysis of ARTIC ONT data'}, {'create_time': '2021-01-15', 'latest_version': '2', 'link': 'https://usegalaxy.org.au/published/workflow?id=8ffcaa3f4a56ce35', 'name': 'D. silvarum workflow'}, {'create_time': '2020-12-29', 'latest_version': '7', 'link': 'https://usegalaxy.org.au/published/workflow?id=265a3ce9305702f5', 'name': 'H. asiaticum workflow'}, {'create_time': '2021-01-12', 'latest_version': '10', 'link': 'https://usegalaxy.org.au/published/workflow?id=71f90428fbf8755b', 'name': 'R. sanguineus workflow'}, {'create_time': '2020-06-28', 'latest_version': '3', 'link': 'https://usegalaxy.org.au/published/workflow?id=bcf230e526632064', 'name': 'COVID-19: variation analysis on ARTIC PE data'}, {'create_time': '2020-06-19', 'latest_version': '14', 'link': 'https://usegalaxy.org.au/published/workflow?id=ccf936c5b2f2c2f3', 'name': 'imported: COVID 19: Amplicon-ARTIC'}, {'create_time': '2020-05-22', 'latest_version': '2', 'link': 'https://usegalaxy.org.au/published/workflow?id=fca05a51c9c91df4', 'name': 'COVID 19: Amplicon-ARTIC'}]"	ivar	ivar	2020-03-21	iuc	https://github.com/galaxyproject/tools-iuc/tree/master/tools/ivar	1414011	7502	147224	43473	1612210	1417441	7502	148408	54915	1628266	https://github.com/galaxyproject/tools-iuc/tree/main/tools/ivar	1081	19	1310	374	2784	1087	19	1330	379	2815	1.4.4	Up-to-date	['Sequence Analysis']	['ivar_consensus', 'ivar_filtervariants', 'ivar_removereads', 'ivar_trim', 'ivar_variants']	['fasta', 'tabular', 'bam', 'vcf']		andersen-lab_ivar	iVar is a computational package that contains functions broadly useful for viral amplicon-based sequencing.	iVar	False
kaiju	taxonomic classification of high-throughput sequencing reads	['Taxonomic classification']	['Taxonomic classification']	['Metagenomics']	['Metagenomics']	https://github.com/bioinformatics-centre/kaiju	1.10.1	0	0	0	0	0	0	0	0	0	0	0	0	0	0	0	0	0	0	0	0	5	0	0	0	0	0	[]	[]	kaiju	kaiju	2025-04-22	iuc	https://github.com/galaxyproject/tools-iuc/tree/master/tools/kaiju	2	0	0	0	2	2	0	0	0	2	https://github.com/galaxyproject/tools-iuc/tree/main/tools/kaiju	2	0	0	0	2	2	0	0	0	2	1.10.1	Up-to-date	['Metagenomics']	['kaiju_addtaxonnames', 'kaiju_mergeoutputs', 'kaiju_kaiju', 'kaiju_kaiju2krona', 'kaiju_kaiju2table']	['tabular']		kaiju	Program for the taxonomic assignment of high-throughput sequencing reads, e.g., Illumina or Roche/454, from whole-genome sequencing of metagenomic DNA. Reads are directly assigned to taxa using the NCBI taxonomy and a reference database of protein sequences from Bacteria, Archaea, Fungi, microbial eukaryotes and viruses.	Kaiju	False
kleborate	Screen genome assemblies of Klebsiella pneumoniae and the Klebsiella pneumoniae species complex (KpSC)	['Multilocus sequence typing', 'Genome assembly', 'Virulence prediction']	['Multilocus sequence typing', 'Genome assembly', 'Virulence prediction']	['Public health and epidemiology', 'Metagenomics', 'Population genomics', 'Sequence assembly', 'Whole genome sequencing']	['Public health and epidemiology', 'Metagenomics', 'Population genomics', 'Sequence assembly', 'Whole genome sequencing']	https://github.com/katholt/Kleborate	3.2.4	0	0	0	0	0	0	0	1	0	0	0	0	0	0	0	0	0	0	0	1	1	0	0	0	0	0	[]	[]	kleborate	kleborate	2022-09-09	iuc	https://github.com/galaxyproject/tools-iuc/tree/master/tools/kleborate	1479	0	0	0	1479	1479	0	0	0	1479	https://github.com/galaxyproject/tools-iuc/tree/main/tools/kleborate	123	0	0	0	123	123	0	0	0	123	@TOOL_VERSION@+galaxy@VERSION_SUFFIX@	To update	['Metagenomics']	['kleborate']	['tabular']		kleborate	Genomic surveillance framework and global population structure for Klebsiella pneumoniae.Kleborate is a tool to screen genome assemblies of Klebsiella pneumoniae and the Klebsiella pneumoniae species complex (KpSC) for:.A manuscript describing the Kleborate software in full is currently in preparation. In the meantime, if you use Kleborate, please cite the preprint: Lam, MMC. et al. Genomic surveillance framework and global population structure for Klebsiella pneumoniae. bioRxiv (2020).	Kleborate	False
kmetashot	an alignment-free taxonomic classifier based on k-mer/minimizer counting	[]	[]	['Metagenomics']	['Metagenomics']	https://github.com/gdefazio/kMetaShot	2.0	0	0	0	0	0	0	0	0	0	0	0	0	0	0	0	0	0	0	0	1	1	0	0	0	1	0	['https://training.galaxyproject.org/training-material/topics/microbiome/tutorials/mags-building/tutorial.html']	[]	kmetashot	kmetashot	2025-12-18	bgruening	https://github.com/bgruening/galaxytools/tree/master/tools/kmetashot	0	0	0	0	0	0	0	0	0	0	https://github.com/galaxyproject/tools-iuc/tree/main/tools/kmetashot	0	0	0	0	0	0	0	0	0	0	@TOOL_VERSION@+galaxy@VERSION_SUFFIX@	To update	['Metagenomics']	['kmetashot']	['csv']		kmetashot	The application of 2nd and 3rd generation High Throughput Sequencing (HTS) technologies has deeply reshaped experimental method to investigate microbial communities and obtain a taxonomic and functional profile of the invetigated community. Shotgun Metagenomics allow to quickly obtain a representation of microorganisms genomes characterizing a particular environment. In order to obtain a fast e reliable taxonomic classification of microorganisms genomes we present kMetaShot, an alignment-free taxonomic classifier based on k-mer/minimizer counting.	kMetaShot	False
kneaddata	Quality control and contaminant removal for metagenomic data	[]	[]	[]	[]	https://github.com/biobakery/kneaddata	0.12.4	0	0	0	0	0	0	0	1	0	0	0	0	0	0	0	0	0	0	0	0	1	0	0	0	0	0	[]	[{'create_time': '2026-05-05', 'latest_version': '91', 'link': 'https://usegalaxy.eu/published/workflow?id=8e13c87e751e88d8', 'name': 'SamestrGal'}]	kneaddata	kneaddata	2026-02-04	iuc	https://github.com/galaxyproject/tools-iuc/tree/master/tools/kneaddata	0	0	0	0	0	0	0	0	0	0	https://github.com/galaxyproject/tools-iuc/tree/main/tools/kneaddata	0	0	0	0	0	0	0	0	0	0	0.12.1	To update	['Metagenomics', 'Sequence Analysis']	['kneaddata']	['txt']					False
kraken	Kraken is a system for assigning taxonomic labels to short DNAsequences, usually obtained through metagenomic studies. Previous attempts by otherbioinformatics software to accomplish this task have often used sequence alignmentor machine learning techniques that were quite slow, leading to the developmentof less sensitive but much faster abundance estimation programs. Kraken aims toachieve high sensitivity and high speed by utilizing exact alignments of k-mersand a novel classification algorithm.	['Taxonomic classification']	['Taxonomic classification']	['Taxonomy', 'Metagenomics']	['Taxonomy', 'Metagenomics']	http://ccb.jhu.edu/software/kraken/	1.1.1	0	0	0	0	0	1	0	0	0	0	0	0	0	0	0	0	0	0	5	5	5	5	5	5	5	0	[]	"[{'create_time': '2026-04-10', 'latest_version': '3', 'link': 'https://usegalaxy.org/published/workflow?id=074a0b1bc8273c16', 'name': 'kerfir_metagenomic'}, {'create_time': '2020-10-12', 'latest_version': '18', 'link': 'https://usegalaxy.org/published/workflow?id=fb01e1a49793c8be', 'name': 'BIOL4802'}, {'create_time': '2025-10-31', 'latest_version': '1', 'link': 'https://usegalaxy.org/published/workflow?id=87b3305ea433b4e2', 'name': 'metagenomics'}, {'create_time': '2021-01-04', 'latest_version': '12', 'link': 'https://usegalaxy.org/published/workflow?id=33d90e718ce500ef', 'name': 'metagenomics'}, {'create_time': '2024-02-27', 'latest_version': '11', 'link': 'https://usegalaxy.org/published/workflow?id=e0c33057ac2670ba', 'name': 'Virus identification for pair-end data'}, {'create_time': '2024-02-01', 'latest_version': '1', 'link': 'https://usegalaxy.org/published/workflow?id=7321c6ad5425d347', 'name': 'Propuesta Kraken 2 - Flujo de trabajo'}, {'create_time': '2020-02-03', 'latest_version': '0', 'link': 'https://usegalaxy.org/published/workflow?id=a89e1018a00b883c', 'name': 'CallyChase'}, {'create_time': '2018-03-05', 'latest_version': '4', 'link': 'https://usegalaxy.org/published/workflow?id=2ec3e326c51d3147', 'name': ""Workflow constructed from history 'Pathogen Discovery with Kraken'""}, {'create_time': '2025-05-06', 'latest_version': '8', 'link': 'https://usegalaxy.org.au/published/workflow?id=b6bad1f167257248', 'name': 'DMarkGlasgow Genome Assembly Annotation'}]"	kraken	kraken	2017-01-24	devteam	https://github.com/galaxyproject/tools-iuc/tree/master/tool_collections/kraken	75318	3720	59050	38078	176166	75385	3720	144905	44609	268619	https://github.com/galaxyproject/tools-iuc/tree/main/tool_collections/kraken	1452	114	2535	904	5005	1453	114	4229	1133	6929	1.3.1	To update	['Metagenomics']	['kraken-filter', 'kraken-mpa-report', 'kraken-report', 'kraken-translate', 'kraken']	['tabular']		kraken	System for assigning taxonomic labels to short DNA sequences, usually obtained through metagenomic studies. Previous attempts by other bioinformatics software to accomplish this task have often used sequence alignment or machine learning techniques that were quite slow, leading to the development of less sensitive but much faster abundance estimation programs. It aims to achieve high sensitivity and high speed by utilizing exact alignments of k-mers and a novel classification algorithm.	Kraken	False
kraken2	Kraken2 for taxonomic designation.	['Taxonomic classification']	['Taxonomic classification']	['Taxonomy', 'Metagenomics', 'Microbial ecology']	['Taxonomy', 'Metagenomics', 'Microbial ecology', 'Microbiology']	http://ccb.jhu.edu/software/kraken/	2.17.1	0	0	0	0	0	1	1	1	0	0	0	0	0	0	0	0	0	0	1	1	1	1	1	1	1	0	['https://training.galaxyproject.org/training-material/topics/assembly/tutorials/assembly-decontamination/tutorial.html', 'https://training.galaxyproject.org/training-material/topics/ecology/tutorials/bacterial-isolate-species-contamination-checking/tutorial.html', 'https://training.galaxyproject.org/training-material/topics/microbiome/tutorials/beer-data-analysis/tutorial.html', 'https://training.galaxyproject.org/training-material/topics/microbiome/tutorials/nanopore-16S-metagenomics/tutorial.html', 'https://training.galaxyproject.org/training-material/topics/microbiome/tutorials/pathogen-detection-from-nanopore-foodborne-data/tutorial.html', 'https://training.galaxyproject.org/training-material/topics/microbiome/tutorials/taxonomic-profiling/tutorial.html', 'https://training.galaxyproject.org/training-material/topics/sequence-analysis/tutorials/quality-contamination-control/tutorial.html', 'https://training.galaxyproject.org/training-material/topics/variant-analysis/tutorials/tb-variant-analysis/tutorial.html']	"[{'create_time': '2026-01-12', 'latest_version': '1', 'link': 'https://workflowhub.eu/workflows/2049?version=1', 'name': 'TB variants tutorial main workflow'}, {'create_time': '2026-01-12', 'latest_version': '2', 'link': 'https://workflowhub.eu/workflows/1647?version=2', 'name': 'TB Variant Analysis v1.0'}, {'create_time': '2025-12-22', 'latest_version': '1', 'link': 'https://workflowhub.eu/workflows/2043?version=1', 'name': 'Quality and contamination control in bacterial isolate using Illumina MiSeq Data'}, {'create_time': '2025-12-22', 'latest_version': '2', 'link': 'https://workflowhub.eu/workflows/1470?version=2', 'name': 'Taxonomic Profiling and Visualization of Metagenomic Data'}, {'create_time': '2025-12-22', 'latest_version': '2', 'link': 'https://workflowhub.eu/workflows/1674?version=2', 'name': 'Checking expected species and contamination in bacterial isolate'}, {'create_time': '2025-12-04', 'latest_version': '3', 'link': 'https://workflowhub.eu/workflows/1882?version=3', 'name': 'bacterial-quality-and-contamination-control-post-assembly/main'}, {'create_time': '2025-12-04', 'latest_version': '2', 'link': 'https://workflowhub.eu/workflows/1881?version=2', 'name': 'quality-and-contamination-control-raw-reads/main'}, {'create_time': '2025-07-07', 'latest_version': '2', 'link': 'https://workflowhub.eu/workflows/1492?version=2', 'name': 'Nanopore Preprocessing'}, {'create_time': '2025-06-02', 'latest_version': '1', 'link': 'https://workflowhub.eu/workflows/1644?version=1', 'name': 'Quality and contamination control in bacterial isolate using Illumina MiSeq Data'}, {'create_time': '2025-06-02', 'latest_version': '1', 'link': 'https://workflowhub.eu/workflows/1594?version=1', 'name': 'Assembly-decontamination-VGP9'}, {'create_time': '2025-06-02', 'latest_version': '1', 'link': 'https://workflowhub.eu/workflows/1483?version=1', 'name': 'Taxonomy Profiling and Visualization with Krona'}, {'create_time': '2025-06-02', 'latest_version': '1', 'link': 'https://workflowhub.eu/workflows/1473?version=1', 'name': 'Training: 16S rRNA Analysis with Nanopore Sequencing Reads'}, {'create_time': '2025-06-02', 'latest_version': '1', 'link': 'https://workflowhub.eu/workflows/1439?version=1', 'name': 'Identification of the micro-organisms in a beer using Nanopore sequencing'}, {'create_time': '2024-12-10', 'latest_version': '2', 'link': 'https://workflowhub.eu/workflows/1199?version=2', 'name': 'Taxonomy classification using Kraken2 and Bracken'}, {'create_time': '2025-06-19', 'latest_version': '11', 'link': 'https://workflowhub.eu/workflows/1052?version=11', 'name': 'quality-and-contamination-control/main'}, {'create_time': '2024-06-26', 'latest_version': '1', 'link': 'https://workflowhub.eu/workflows/1061?version=1', 'name': 'nanopore-pre-processing/main'}, {'create_time': '2024-06-26', 'latest_version': '1', 'link': 'https://workflowhub.eu/workflows/1059?version=1', 'name': 'taxonomy-profiling-and-visualization-with-krona/main'}, {'create_time': '2024-06-07', 'latest_version': '1', 'link': 'https://workflowhub.eu/workflows/1035?version=1', 'name': 'TB Variant Analysis v1.0'}, {'create_time': '2021-06-17', 'latest_version': '1', 'link': 'https://workflowhub.eu/workflows/124?version=1', 'name': '1: Plant virus detection with kraken2 (SE)'}, {'create_time': '2021-02-04', 'latest_version': '1', 'link': 'https://workflowhub.eu/workflows/101?version=1', 'name': '1: Plant virus detection with kraken2 (PE)'}, {'create_time': '2021-02-04', 'latest_version': '1', 'link': 'https://workflowhub.eu/workflows/100?version=1', 'name': '0: View complete virus identification'}, {'create_time': '2020-08-05', 'latest_version': '1', 'link': 'https://workflowhub.eu/workflows/53?version=1', 'name': 'ONT -- Metagenomics-Kraken2-Krona'}, {'create_time': '2024-01-29', 'latest_version': '8', 'link': 'https://usegalaxy.fr/published/workflow?id=3d3b40398d1cd1ae', 'name': 'Checking expected species and contamination in bacterial isolate'}, {'create_time': '2025-12-01', 'latest_version': '3', 'link': 'https://usegalaxy.eu/published/workflow?id=2a093e63ebf6876b', 'name': 'Training: 16S rRNA Analysis with Nanopore Sequencing Reads'}, {'create_time': '2025-06-16', 'latest_version': '7', 'link': 'https://usegalaxy.eu/published/workflow?id=461d71caea871db8', 'name': 'GOMA pipeline v Alpha 1.0. Only PE . Variant and Lineage detection, DR-Profile, Transmission cluster analysis'}, {'create_time': '2026-05-18', 'latest_version': '3', 'link': 'https://usegalaxy.eu/published/workflow?id=cc956fed0a5adf21', 'name': 'aDNA_Yersinia_screening_v5'}, {'create_time': '2022-11-23', 'latest_version': '30', 'link': 'https://usegalaxy.eu/published/workflow?id=f97e6fe1fcbc53a7', 'name': 'Mapping with consensus creation'}, {'create_time': '2026-04-14', 'latest_version': '5', 'link': 'https://usegalaxy.eu/published/workflow?id=a8b571049702d9a4', 'name': 'MYG Microbial WGS Workshop'}, {'create_time': '2026-02-10', 'latest_version': '32', 'link': 'https://usegalaxy.eu/published/workflow?id=93d7a5704ec1d82d', 'name': 'VirDetectorGalaxy'}, {'create_time': '2023-06-29', 'latest_version': '59', 'link': 'https://usegalaxy.eu/published/workflow?id=98bfad0c684011e9', 'name': 'De novo assembly pipeline for viral sequences'}, {'create_time': '2026-02-10', 'latest_version': '1', 'link': 'https://usegalaxy.eu/published/workflow?id=379ea60fe05ce9e3', 'name': 'Workflow 5'}, {'create_time': '2026-02-09', 'latest_version': '1', 'link': 'https://usegalaxy.eu/published/workflow?id=ba10886853bc3239', 'name': ""Workflow constructed from history 'Identification of the micro-organisms in a beer using Nanopore sequencing Tutorial'""}, {'create_time': '2025-06-16', 'latest_version': '4', 'link': 'https://usegalaxy.eu/published/workflow?id=2b25eaebd3987612', 'name': 'GOMA pipeline v Alpha 1.0. Only SE . Variant and Lineage detection, DR-Profile, Transmission cluster analysis'}, {'create_time': '2025-06-10', 'latest_version': '13', 'link': 'https://usegalaxy.eu/published/workflow?id=c38e3ac59d8b86d6', 'name': 'GOMA pipeline v Alpha 1.0. SE and PE . Variant and Lineage detection, DR-Profile, Transmission cluster analysis'}, {'create_time': '2025-11-28', 'latest_version': '3', 'link': 'https://usegalaxy.eu/published/workflow?id=7491883694fff308', 'name': 'Metagenomic Taxonomy Analysis '}, {'create_time': '2025-11-19', 'latest_version': '14', 'link': 'https://usegalaxy.eu/published/workflow?id=b4809f13c8f0c0be', 'name': 'Kraken'}, {'create_time': '2024-12-20', 'latest_version': '18', 'link': 'https://usegalaxy.eu/published/workflow?id=cb2df493f5e334f7', 'name': 'Metagenomic Taxonomy and Functional Analysis'}, {'create_time': '2025-10-23', 'latest_version': '12', 'link': 'https://usegalaxy.eu/published/workflow?id=6f878d8b43ef1521', 'name': 'Raw Nanopores files to Krona Pie Charts for Metagenomic Diversity Analysis'}, {'create_time': '2025-08-28', 'latest_version': '1', 'link': 'https://usegalaxy.eu/published/workflow?id=10150b1a188f6d07', 'name': 'Assembly-decontamination-VGP9 (release v0.8)'}, {'create_time': '2025-08-08', 'latest_version': '3', 'link': 'https://usegalaxy.eu/published/workflow?id=a459c311f461adce', 'name': 'LUMC Practical: Kraken2 analysis with krona report'}, {'create_time': '2025-04-21', 'latest_version': '15', 'link': 'https://usegalaxy.eu/published/workflow?id=7d84b0419296857d', 'name': 'Mice-pathogen detection'}, {'create_time': '2025-06-19', 'latest_version': '1', 'link': 'https://usegalaxy.eu/published/workflow?id=c930a54a30dcc7e3', 'name': 'Quality and Contamination Control For Genome Assembly (release v1.1.9)'}, {'create_time': '2025-06-12', 'latest_version': '1', 'link': 'https://usegalaxy.eu/published/workflow?id=8a14cda6140acab7', 'name': 'Assembly-decontamination-VGP9 (release v0.7)'}, {'create_time': '2025-05-15', 'latest_version': '1', 'link': 'https://usegalaxy.eu/published/workflow?id=9588311136ac8794', 'name': 'Assembly-decontamination-VGP9 (release v0.6)'}, {'create_time': '2025-05-15', 'latest_version': '1', 'link': 'https://usegalaxy.eu/published/workflow?id=bb63b5bb983fd49c', 'name': 'Quality and Contamination Control For Genome Assembly (release v1.1.8)'}, {'create_time': '2023-11-09', 'latest_version': '1', 'link': 'https://usegalaxy.eu/published/workflow?id=8d64614d1971065a', 'name': 'Assembly-decontamination-VGP9 (release v0.1)'}, {'create_time': '2023-11-16', 'latest_version': '1', 'link': 'https://usegalaxy.eu/published/workflow?id=0f044c9f62773a88', 'name': 'Assembly-decontamination-VGP9 (release v0.1.1)'}, {'create_time': '2023-11-30', 'latest_version': '1', 'link': 'https://usegalaxy.eu/published/workflow?id=12a018217ee146ca', 'name': 'Assembly-decontamination-VGP9 (release v0.1.3)'}, {'create_time': '2023-11-30', 'latest_version': '1', 'link': 'https://usegalaxy.eu/published/workflow?id=3dec7c9b02c3d1ee', 'name': 'Assembly-decontamination-VGP9 (release v0.1.2)'}, {'create_time': '2024-03-14', 'latest_version': '1', 'link': 'https://usegalaxy.eu/published/workflow?id=33a052f9a3d5551d', 'name': 'Assembly-decontamination-VGP9 (release v0.1.4)'}, {'create_time': '2024-09-19', 'latest_version': '1', 'link': 'https://usegalaxy.eu/published/workflow?id=0a82eb8b44d9d502', 'name': 'Quality and Contamination Control For Genome Assembly (release v1.1.2)'}, {'create_time': '2024-09-19', 'latest_version': '1', 'link': 'https://usegalaxy.eu/published/workflow?id=0c47571d20535426', 'name': 'Quality and Contamination Control For Genome Assembly (release v1.1.1)'}, {'create_time': '2024-09-19', 'latest_version': '1', 'link': 'https://usegalaxy.eu/published/workflow?id=aafcfcb585c5ca75', 'name': 'Quality and Contamination Control For Genome Assembly (release v1.1)'}, {'create_time': '2024-09-19', 'latest_version': '1', 'link': 'https://usegalaxy.eu/published/workflow?id=884a4415b669690c', 'name': 'Quality and Contamination Control For Genome Assembly (release v1.0)'}, {'create_time': '2024-09-19', 'latest_version': '1', 'link': 'https://usegalaxy.eu/published/workflow?id=344cd3a3c2ce5302', 'name': 'Nanopore Preprocessing (release v0.1)'}, {'create_time': '2024-09-19', 'latest_version': '1', 'link': 'https://usegalaxy.eu/published/workflow?id=ad8b6d73c9654305', 'name': 'Taxonomy Profiling and Visualization with Kron (release v0.1)'}, {'create_time': '2024-09-26', 'latest_version': '1', 'link': 'https://usegalaxy.eu/published/workflow?id=2c2f0b4312bae4f4', 'name': 'Assembly-decontamination-VGP9 (release v0.3)'}, {'create_time': '2024-09-26', 'latest_version': '1', 'link': 'https://usegalaxy.eu/published/workflow?id=2497292e98937a5f', 'name': 'Assembly-decontamination-VGP9 (release v0.2)'}, {'create_time': '2024-09-26', 'latest_version': '1', 'link': 'https://usegalaxy.eu/published/workflow?id=c4fc3adf8f7ff2bc', 'name': 'Assembly-decontamination-VGP9 (release v0.1.6)'}, {'create_time': '2024-10-17', 'latest_version': '1', 'link': 'https://usegalaxy.eu/published/workflow?id=ebb131f2a6172081', 'name': 'Quality and Contamination Control For Genome Assembly (release v1.1.4)'}, {'create_time': '2024-10-17', 'latest_version': '1', 'link': 'https://usegalaxy.eu/published/workflow?id=47e14222073e7192', 'name': 'Quality and Contamination Control For Genome Assembly (release v1.1.3)'}, {'create_time': '2024-10-31', 'latest_version': '1', 'link': 'https://usegalaxy.eu/published/workflow?id=0abd32dbc5207b88', 'name': 'Quality and Contamination Control For Genome Assembly (release v1.1.5)'}, {'create_time': '2024-11-28', 'latest_version': '1', 'link': 'https://usegalaxy.eu/published/workflow?id=2fa2f67603772413', 'name': 'Quality and Contamination Control For Genome Assembly (release v1.1.6)'}, {'create_time': '2025-03-20', 'latest_version': '1', 'link': 'https://usegalaxy.eu/published/workflow?id=8c7e972020799d57', 'name': 'Assembly-decontamination-VGP9 (release v0.4)'}, {'create_time': '2025-04-10', 'latest_version': '1', 'link': 'https://usegalaxy.eu/published/workflow?id=ec6b2c926fffab5f', 'name': 'Assembly-decontamination-VGP9 (release v0.5)'}, {'create_time': '2025-04-24', 'latest_version': '1', 'link': 'https://usegalaxy.eu/published/workflow?id=c14d2e8b3c191bc4', 'name': 'Quality and Contamination Control For Genome Assembly (release v1.1.7)'}, {'create_time': '2025-03-29', 'latest_version': '8', 'link': 'https://usegalaxy.eu/published/workflow?id=39d36a7ce0ef268d', 'name': 'Taxonomic Profiling and Visualization of Metagenomic Data (Updated)'}, {'create_time': '2024-11-21', 'latest_version': '1', 'link': 'https://usegalaxy.eu/published/workflow?id=b14845359b702444', 'name': 'Metagenomic_Workflow-Taxonomy_and_functional_analysis_with_alpha_diversity_mesure'}, {'create_time': '2024-11-21', 'latest_version': '2', 'link': 'https://usegalaxy.eu/published/workflow?id=c09159d7aad0f264', 'name': 'Cloud Aerosol MT-MG Contamination Filtering'}, {'create_time': '2024-09-08', 'latest_version': '0', 'link': 'https://usegalaxy.eu/published/workflow?id=181e751be8dd9abc', 'name': 'LŠMB: Identification of the micro-organisms in a beer using Nanopore sequencing'}, {'create_time': '2023-10-26', 'latest_version': '47', 'link': 'https://usegalaxy.eu/published/workflow?id=2c79eee5ca5a3b09', 'name': 'TB Variant Analysis v1.1'}, {'create_time': '2024-07-31', 'latest_version': '14', 'link': 'https://usegalaxy.eu/published/workflow?id=fde21b5f5c169114', 'name': '[WGSBAC] Salmonella characterization from short-reads WGS data'}, {'create_time': '2024-08-02', 'latest_version': '5', 'link': 'https://usegalaxy.eu/published/workflow?id=309fc4fc2e0da89c', 'name': '[WGSBAC] Brucella characterization from short-reads WGS data'}, {'create_time': '2023-04-12', 'latest_version': '190', 'link': 'https://usegalaxy.eu/published/workflow?id=a705370bc2c13d5c', 'name': 'Nanopore Preprocessing'}, {'create_time': '2023-04-12', 'latest_version': '8', 'link': 'https://usegalaxy.eu/published/workflow?id=b67b5ecd3305f830', 'name': 'Taxonomy Profiling and Visualization with Phinch'}, {'create_time': '2023-05-11', 'latest_version': '58', 'link': 'https://usegalaxy.eu/published/workflow?id=10101558b211a782', 'name': 'Taxonomy Profiling and Visualization with Krona'}, {'create_time': '2024-04-25', 'latest_version': '1', 'link': 'https://usegalaxy.eu/published/workflow?id=8deb08d4f228e198', 'name': 'Metawin'}, {'create_time': '2024-03-03', 'latest_version': '2', 'link': 'https://usegalaxy.eu/published/workflow?id=2e0075791f7fa384', 'name': 'WorkflowTeamAssignment'}, {'create_time': '2023-06-27', 'latest_version': '4', 'link': 'https://usegalaxy.eu/published/workflow?id=d0ae255151450dad', 'name': 'UCB_Soil-Seq_ARGs_Workflow'}, {'create_time': '2024-03-12', 'latest_version': '1', 'link': 'https://usegalaxy.eu/published/workflow?id=04ed3f21de17aa1d', 'name': 'Cholera_QC'}, {'create_time': '2024-03-11', 'latest_version': '3', 'link': 'https://usegalaxy.eu/published/workflow?id=14714876dda7186d', 'name': 'PARE-Seq_ARGs_Workflow'}, {'create_time': '2024-01-31', 'latest_version': '4', 'link': 'https://usegalaxy.eu/published/workflow?id=a403c661bf1bc4fa', 'name': 'KRAKEN_Workflow'}, {'create_time': '2023-12-14', 'latest_version': '0', 'link': 'https://usegalaxy.eu/published/workflow?id=08eb5e55109c4d9c', 'name': 'Training: 16S rRNA Analysis with Nanopore Sequencing Reads'}, {'create_time': '2023-12-14', 'latest_version': '0', 'link': 'https://usegalaxy.eu/published/workflow?id=0590554db9794d13', 'name': 'Identification of the micro-organisms in a beer using Nanopore sequencing'}, {'create_time': '2023-12-14', 'latest_version': '0', 'link': 'https://usegalaxy.eu/published/workflow?id=4f0daf8e9dd54127', 'name': 'Taxonomic Profiling and Visualization of Metagenomic Data'}, {'create_time': '2023-12-14', 'latest_version': '0', 'link': 'https://usegalaxy.eu/published/workflow?id=3ff4dbcc7a602e6b', 'name': 'M. tuberculosis Variant Analysis tutorial'}, {'create_time': '2022-06-29', 'latest_version': '28', 'link': 'https://usegalaxy.eu/published/workflow?id=bdc7cfaac0db2eab', 'name': 'Cloud Aerosol MT-MG Contamination Filtering'}, {'create_time': '2022-09-03', 'latest_version': '18', 'link': 'https://usegalaxy.eu/published/workflow?id=e69b555faa6bb962', 'name': 'Cloud-Aerosole MT-MG Taxonomic Profiling'}, {'create_time': '2023-04-08', 'latest_version': '6', 'link': 'https://usegalaxy.eu/published/workflow?id=007ce6405d196df3', 'name': 'WGS Illumina for Microbiome (comprehensive)'}, {'create_time': '2023-07-29', 'latest_version': '0', 'link': 'https://usegalaxy.eu/published/workflow?id=b37800d990cceb83', 'name': ""Copy of Copy of Workflow constructed from history 'Unnamed history'""}, {'create_time': '2023-07-24', 'latest_version': '0', 'link': 'https://usegalaxy.eu/published/workflow?id=2e5e6291cd112225', 'name': "" 'EXAMEN BIOINFORMATICA'""}, {'create_time': '2023-07-24', 'latest_version': '0', 'link': 'https://usegalaxy.eu/published/workflow?id=b659069edd9b1d4e', 'name': ""Workflow constructed from history 'EXAMEN BIOINFORMATICA'""}, {'create_time': '2023-07-04', 'latest_version': '1', 'link': 'https://usegalaxy.eu/published/workflow?id=4a39d38fde81e35d', 'name': 'Collection Implicit conversion Example'}, {'create_time': '2023-02-02', 'latest_version': '4', 'link': 'https://usegalaxy.eu/published/workflow?id=a0ea6fc756dd17ea', 'name': 'Pathogen Detection-Nanopore-Taxonomy-Profiling-and-Visualization'}, {'create_time': '2023-02-17', 'latest_version': '6', 'link': 'https://usegalaxy.eu/published/workflow?id=ed2df13cfbc86b99', 'name': 'Pathogen-Detection-Nanopore-Taxonomy-Profiling-and-Visualization-with-krona'}, {'create_time': '2023-02-02', 'latest_version': '6', 'link': 'https://usegalaxy.eu/published/workflow?id=889f2782ad82bd69', 'name': 'Pathogen-Detection-Nanopore-Pre-Processing'}, {'create_time': '2023-02-12', 'latest_version': '1', 'link': 'https://usegalaxy.eu/published/workflow?id=94c3d329c31c712f', 'name': 'Genomic Analysis Workflow v 1.0.1'}, {'create_time': '2023-02-12', 'latest_version': '1', 'link': 'https://usegalaxy.eu/published/workflow?id=628062a8cf93261f', 'name': 'Genomic Analysis Workflow'}, {'create_time': '2023-01-27', 'latest_version': '8', 'link': 'https://usegalaxy.eu/published/workflow?id=6a5c39c1d38a10c2', 'name': 'NGS: pipeline yersinia'}, {'create_time': '2022-12-22', 'latest_version': '1', 'link': 'https://usegalaxy.eu/published/workflow?id=012762cb4acb068b', 'name': 'Decontamination (WF9)'}, {'create_time': '2022-08-07', 'latest_version': '71', 'link': 'https://usegalaxy.eu/published/workflow?id=57d3109f32defa3b', 'name': 'Nanopore Datasets - Pre-Processing'}, {'create_time': '2023-01-05', 'latest_version': '8', 'link': 'https://usegalaxy.eu/published/workflow?id=8ee3b635c1c380cd', 'name': 'WF-QC'}, {'create_time': '2022-11-02', 'latest_version': '9', 'link': 'https://usegalaxy.eu/published/workflow?id=4a764275d4bf9f31', 'name': 'WW-SARS-CoV-2: lineages analysis on Metatranscriptomics PE data'}, {'create_time': '2022-10-21', 'latest_version': '33', 'link': 'https://usegalaxy.eu/published/workflow?id=d88145e7475e0b7b', 'name': 'WW-SARS-CoV-2: lineages analysis on ARTIC PE data'}, {'create_time': '2022-11-13', 'latest_version': '2', 'link': 'https://usegalaxy.eu/published/workflow?id=ca80039c4933aa0a', 'name': 'Krona Plot for Single-Ended Samples'}, {'create_time': '2022-11-13', 'latest_version': '2', 'link': 'https://usegalaxy.eu/published/workflow?id=bd4e3cdc7f29049b', 'name': 'Krona Plot for Paired-End Samples'}, {'create_time': '2022-03-27', 'latest_version': '2', 'link': 'https://usegalaxy.eu/published/workflow?id=0bafeb17c21ebc9c', 'name': '01_Raw_QC'}, {'create_time': '2021-12-03', 'latest_version': '1', 'link': 'https://usegalaxy.eu/published/workflow?id=8b2f53745e720d0f', 'name': 'Metagenome of water samples'}, {'create_time': '2020-11-22', 'latest_version': '4', 'link': 'https://usegalaxy.eu/published/workflow?id=49c46d7653d6c349', 'name': 'AMG2021 - simple workflow'}, {'create_time': '2021-10-18', 'latest_version': '2', 'link': 'https://usegalaxy.eu/published/workflow?id=ee0005a5487653ba', 'name': 'Metatranscriptomics - analyze human RNA-seq data with Kraken (imported from uploaded file)'}, {'create_time': '2021-05-21', 'latest_version': '0', 'link': 'https://usegalaxy.eu/published/workflow?id=cfd37e9e307e5d3d', 'name': 'ONT -- Metagenomics-Kraken2-Krona'}, {'create_time': '2021-03-24', 'latest_version': '2', 'link': 'https://usegalaxy.eu/published/workflow?id=b2b46e71046b1999', 'name': 'Workflow NGS Analysis (new)'}, {'create_time': '2020-07-20', 'latest_version': '4', 'link': 'https://usegalaxy.eu/published/workflow?id=57cfe5062c8e01bf', 'name': 'PARE-Seq_ARGs_Workflow'}, {'create_time': '2020-01-22', 'latest_version': '1', 'link': 'https://usegalaxy.eu/published/workflow?id=5826e573b6f93762', 'name': 'MetaGalaxy'}, {'create_time': '2019-05-20', 'latest_version': '2', 'link': 'https://usegalaxy.eu/published/workflow?id=44e16f0782f54111', 'name': 'ONT -- Metagenomics-Kraken2-Krona'}, {'create_time': '2020-01-31', 'latest_version': '4', 'link': 'https://usegalaxy.eu/published/workflow?id=a337bfb2eb1e583f', 'name': 'MetaGalaxy (4x polishing w Racon)'}, {'create_time': '2020-01-24', 'latest_version': '8', 'link': 'https://usegalaxy.eu/published/workflow?id=a84bac86ec183d46', 'name': 'MetaGalaxy'}, {'create_time': '2019-07-22', 'latest_version': '4', 'link': 'https://usegalaxy.eu/published/workflow?id=ef6556d65ce5d72c', 'name': 'BeerDEcoded - StreetScienceCommunity'}, {'create_time': '2026-05-11', 'latest_version': '17', 'link': 'https://usegalaxy.org/published/workflow?id=5308dc1278cef0b5', 'name': 'Metagenómica'}, {'create_time': '2026-03-26', 'latest_version': '14', 'link': 'https://usegalaxy.org/published/workflow?id=2572128d91500ba1', 'name': 'Ovary-chievers (single dataset)'}, {'create_time': '2026-04-04', 'latest_version': '5', 'link': 'https://usegalaxy.org/published/workflow?id=1643187038d1ff86', 'name': 'Ovary-achievers (dataset collections)'}, {'create_time': '2026-03-10', 'latest_version': '5', 'link': 'https://usegalaxy.org/published/workflow?id=03671490a9fc0453', 'name': 'Updated Project'}, {'create_time': '2026-02-04', 'latest_version': '0', 'link': 'https://usegalaxy.org/published/workflow?id=b65280467af44ffd', 'name': '16S Microbial analysis with Nanopore data (Final)'}, {'create_time': '2025-12-19', 'latest_version': '9', 'link': 'https://usegalaxy.org/published/workflow?id=bdd7011a908bc1aa', 'name': '16S Nanopore_taxonomy workflow'}, {'create_time': '2025-09-11', 'latest_version': '1', 'link': 'https://usegalaxy.org/published/workflow?id=ddf7a594b9609d68', 'name': 'Assembly-decontamination-VGP9 (release v0.8)'}, {'create_time': '2024-11-19', 'latest_version': '11', 'link': 'https://usegalaxy.org/published/workflow?id=9ba6da7dae465d3e', 'name': 'Metagenomics assembly illumina workflow'}, {'create_time': '2024-12-03', 'latest_version': '5', 'link': 'https://usegalaxy.org/published/workflow?id=d5436cee11a34de9', 'name': 'Workflow_Metagenomic_Virus_Oxford Nanopore Technology'}, {'create_time': '2025-06-19', 'latest_version': '1', 'link': 'https://usegalaxy.org/published/workflow?id=323c651ca583c9e5', 'name': 'Quality and Contamination Control For Genome Assembly (release v1.1.9)'}, {'create_time': '2025-06-12', 'latest_version': '1', 'link': 'https://usegalaxy.org/published/workflow?id=c8f9e048ddae7d03', 'name': 'Assembly-decontamination-VGP9 (release v0.7)'}, {'create_time': '2025-04-12', 'latest_version': '0', 'link': 'https://usegalaxy.org/published/workflow?id=3011f5dbf884c9bc', 'name': 'Copy of Taxonomy Profiling and Visualization with Krona shared by user engy.nasr'}, {'create_time': '2025-05-15', 'latest_version': '1', 'link': 'https://usegalaxy.org/published/workflow?id=d2c408df40dc311b', 'name': 'Assembly-decontamination-VGP9 (release v0.6)'}, {'create_time': '2025-05-15', 'latest_version': '1', 'link': 'https://usegalaxy.org/published/workflow?id=de9bf4c1024f8d53', 'name': 'Quality and Contamination Control For Genome Assembly (release v1.1.8)'}, {'create_time': '2023-11-09', 'latest_version': '1', 'link': 'https://usegalaxy.org/published/workflow?id=cace9f1359874352', 'name': 'Assembly-decontamination-VGP9 (release v0.1)'}, {'create_time': '2023-11-16', 'latest_version': '1', 'link': 'https://usegalaxy.org/published/workflow?id=e887adf3afc3253d', 'name': 'Assembly-decontamination-VGP9 (release v0.1.1)'}, {'create_time': '2023-11-23', 'latest_version': '1', 'link': 'https://usegalaxy.org/published/workflow?id=605160c81d098703', 'name': 'Assembly-decontamination-VGP9 (release v0.1.2)'}, {'create_time': '2023-11-30', 'latest_version': '1', 'link': 'https://usegalaxy.org/published/workflow?id=ea206593698adbfd', 'name': 'Assembly-decontamination-VGP9 (release v0.1.3)'}, {'create_time': '2024-03-14', 'latest_version': '1', 'link': 'https://usegalaxy.org/published/workflow?id=7c9a55db0b0eb178', 'name': 'Assembly-decontamination-VGP9 (release v0.1.4)'}, {'create_time': '2024-09-19', 'latest_version': '1', 'link': 'https://usegalaxy.org/published/workflow?id=5e38c7b36e4918ad', 'name': 'Assembly-decontamination-VGP9 (release v0.3)'}, {'create_time': '2024-09-19', 'latest_version': '1', 'link': 'https://usegalaxy.org/published/workflow?id=1b80302437db5937', 'name': 'Assembly-decontamination-VGP9 (release v0.2)'}, {'create_time': '2024-09-19', 'latest_version': '1', 'link': 'https://usegalaxy.org/published/workflow?id=b7fe3873ee5e3a02', 'name': 'Assembly-decontamination-VGP9 (release v0.1.6)'}, {'create_time': '2024-09-19', 'latest_version': '1', 'link': 'https://usegalaxy.org/published/workflow?id=4b5f6b5d4f36e38b', 'name': 'Taxonomy Profiling and Visualization with Kron (release v0.1)'}, {'create_time': '2024-10-03', 'latest_version': '1', 'link': 'https://usegalaxy.org/published/workflow?id=9f68718f025bed30', 'name': 'Quality and Contamination Control For Genome Assembly (release v1.1.3)'}, {'create_time': '2024-10-17', 'latest_version': '1', 'link': 'https://usegalaxy.org/published/workflow?id=b6a795834009ce06', 'name': 'Quality and Contamination Control For Genome Assembly (release v1.1.4)'}, {'create_time': '2024-10-31', 'latest_version': '1', 'link': 'https://usegalaxy.org/published/workflow?id=623fc80c7f91a33a', 'name': 'Quality and Contamination Control For Genome Assembly (release v1.1.5)'}, {'create_time': '2024-11-28', 'latest_version': '1', 'link': 'https://usegalaxy.org/published/workflow?id=1be5c982c2d36a6c', 'name': 'Quality and Contamination Control For Genome Assembly (release v1.1.6)'}, {'create_time': '2025-03-20', 'latest_version': '1', 'link': 'https://usegalaxy.org/published/workflow?id=5c259623a010fe77', 'name': 'Assembly-decontamination-VGP9 (release v0.4)'}, {'create_time': '2025-03-20', 'latest_version': '1', 'link': 'https://usegalaxy.org/published/workflow?id=f378960ee55f567e', 'name': 'Quality and Contamination Control For Genome Assembly (release v1.1.2)'}, {'create_time': '2025-03-20', 'latest_version': '1', 'link': 'https://usegalaxy.org/published/workflow?id=dfd73857c0eb2a21', 'name': 'Quality and Contamination Control For Genome Assembly (release v1.1.1)'}, {'create_time': '2025-03-20', 'latest_version': '1', 'link': 'https://usegalaxy.org/published/workflow?id=2a782ad24271f570', 'name': 'Quality and Contamination Control For Genome Assembly (release v1.1)'}, {'create_time': '2025-03-20', 'latest_version': '1', 'link': 'https://usegalaxy.org/published/workflow?id=a8b9252fad5fe06a', 'name': 'Nanopore Preprocessing (release v0.1)'}, {'create_time': '2025-04-10', 'latest_version': '1', 'link': 'https://usegalaxy.org/published/workflow?id=1473cdcbd664d147', 'name': 'Assembly-decontamination-VGP9 (release v0.5)'}, {'create_time': '2025-04-24', 'latest_version': '1', 'link': 'https://usegalaxy.org/published/workflow?id=4f698eaeef30e364', 'name': 'Quality and Contamination Control For Genome Assembly (release v1.1.7)'}, {'create_time': '2024-10-11', 'latest_version': '2', 'link': 'https://usegalaxy.org/published/workflow?id=e7ce46762faccaac', 'name': 'TB Variant Analysis v1.1 (imported from uploaded file) (imported from URL)'}, {'create_time': '2024-08-26', 'latest_version': '1', 'link': 'https://usegalaxy.org/published/workflow?id=e12324f5e3b930fd', 'name': 'Copy of Malawi Workflow (imported from URL)'}, {'create_time': '2024-07-08', 'latest_version': '0', 'link': 'https://usegalaxy.org/published/workflow?id=fc2b48600853f3ea', 'name': 'Assembly-decontamination-VGP9'}, {'create_time': '2024-06-25', 'latest_version': '1', 'link': 'https://usegalaxy.org/published/workflow?id=8f5904693b5f74f4', 'name': 'Taxonomy Profiling and Visualization with Krona'}, {'create_time': '2024-06-25', 'latest_version': '1', 'link': 'https://usegalaxy.org/published/workflow?id=574e42683dc3961b', 'name': 'Nanopore Preprocessing'}, {'create_time': '2024-04-05', 'latest_version': '2', 'link': 'https://usegalaxy.org/published/workflow?id=c3ea8fa3bb202dc6', 'name': 'UCB_Soil-Seq_ARGs_Workflow (imported from URL)'}, {'create_time': '2024-03-18', 'latest_version': '0', 'link': 'https://usegalaxy.org/published/workflow?id=a63927dd19759714', 'name': 'Copy of 1: Plant virus detection with kraken2 (SE) (imported from URL)'}, {'create_time': '2024-02-01', 'latest_version': '1', 'link': 'https://usegalaxy.org/published/workflow?id=7321c6ad5425d347', 'name': 'Propuesta Kraken 2 - Flujo de trabajo'}, {'create_time': '2023-12-11', 'latest_version': '10', 'link': 'https://usegalaxy.org/published/workflow?id=d4f0a7ccb09f1e55', 'name': 'PDAMR'}, {'create_time': '2023-12-08', 'latest_version': '0', 'link': 'https://usegalaxy.org/published/workflow?id=5b74b780d3955eb3', 'name': ""Workflow constructed from history 'SRA-paired-end'""}, {'create_time': '2023-11-10', 'latest_version': '0', 'link': 'https://usegalaxy.org/published/workflow?id=60f0d0d5d6e93941', 'name': ""Workflow constructed from history 'Beer-oxford nanopore'""}, {'create_time': '2023-11-08', 'latest_version': '0', 'link': 'https://usegalaxy.org/published/workflow?id=21161075002d6778', 'name': 'Case study 4 williams'}, {'create_time': '2023-11-08', 'latest_version': '0', 'link': 'https://usegalaxy.org/published/workflow?id=b7817a12dbee583c', 'name': 'Copy of Case study 4 williams'}, {'create_time': '2023-02-25', 'latest_version': '12', 'link': 'https://usegalaxy.org/published/workflow?id=badd4b56dbdeaba7', 'name': 'Nanopore MinION - 16s Data Analysis Workflow'}, {'create_time': '2021-10-18', 'latest_version': '0', 'link': 'https://usegalaxy.org/published/workflow?id=b68ec42db8953569', 'name': 'Metatranscriptomics - analyze human RNA-seq data with Kraken (imported from uploaded file)'}, {'create_time': '2026-04-21', 'latest_version': '15', 'link': 'https://usegalaxy.org.au/published/workflow?id=41331c03339e2b19', 'name': 'Genomic Assembly and analysis - RDH version 4'}, {'create_time': '2025-04-14', 'latest_version': '37', 'link': 'https://usegalaxy.org.au/published/workflow?id=2120112358db8e01', 'name': 'Genomic Assembly and analysis - RDH version 2'}, {'create_time': '2025-09-11', 'latest_version': '1', 'link': 'https://usegalaxy.org.au/published/workflow?id=29ce205d98faf47e', 'name': 'Assembly-decontamination-VGP9 (release v0.8)'}, {'create_time': '2024-12-03', 'latest_version': '3', 'link': 'https://usegalaxy.org.au/published/workflow?id=7a0c4804e4d4c905', 'name': 'Isolate workflow'}, {'create_time': '2025-05-29', 'latest_version': '1', 'link': 'https://usegalaxy.org.au/published/workflow?id=4047f9f242542716', 'name': 'Assembly-decontamination-VGP9 (release v0.6)'}, {'create_time': '2025-06-19', 'latest_version': '1', 'link': 'https://usegalaxy.org.au/published/workflow?id=8034bd0690b4cbe8', 'name': 'Assembly-decontamination-VGP9 (release v0.7)'}, {'create_time': '2023-11-13', 'latest_version': '1', 'link': 'https://usegalaxy.org.au/published/workflow?id=97e55a900db3863b', 'name': 'Assembly-decontamination-VGP9 (release v0.1)'}, {'create_time': '2023-11-16', 'latest_version': '1', 'link': 'https://usegalaxy.org.au/published/workflow?id=d2dcd3b54e5082a6', 'name': 'Assembly-decontamination-VGP9 (release v0.1.1)'}, {'create_time': '2023-12-21', 'latest_version': '1', 'link': 'https://usegalaxy.org.au/published/workflow?id=5fb44f257e445f56', 'name': 'Assembly-decontamination-VGP9 (release v0.1.3)'}, {'create_time': '2023-12-21', 'latest_version': '1', 'link': 'https://usegalaxy.org.au/published/workflow?id=3d47e0de658b3304', 'name': 'Assembly-decontamination-VGP9 (release v0.1.2)'}, {'create_time': '2024-03-21', 'latest_version': '1', 'link': 'https://usegalaxy.org.au/published/workflow?id=d720c98f7227b6d5', 'name': 'Assembly-decontamination-VGP9 (release v0.1.4)'}, {'create_time': '2024-09-19', 'latest_version': '1', 'link': 'https://usegalaxy.org.au/published/workflow?id=0edb9c8b767fa74b', 'name': 'Assembly-decontamination-VGP9 (release v0.3)'}, {'create_time': '2024-09-19', 'latest_version': '1', 'link': 'https://usegalaxy.org.au/published/workflow?id=c92fead7c30c7497', 'name': 'Assembly-decontamination-VGP9 (release v0.2)'}, {'create_time': '2024-09-19', 'latest_version': '1', 'link': 'https://usegalaxy.org.au/published/workflow?id=d417e920ff97e4c1', 'name': 'Assembly-decontamination-VGP9 (release v0.1.6)'}, {'create_time': '2024-09-19', 'latest_version': '1', 'link': 'https://usegalaxy.org.au/published/workflow?id=69d91340fc7effa2', 'name': 'Nanopore Preprocessing (release v0.1)'}, {'create_time': '2024-09-19', 'latest_version': '1', 'link': 'https://usegalaxy.org.au/published/workflow?id=131636a795bac485', 'name': 'Taxonomy Profiling and Visualization with Kron (release v0.1)'}, {'create_time': '2025-03-20', 'latest_version': '1', 'link': 'https://usegalaxy.org.au/published/workflow?id=897a1255cef5c310', 'name': 'Assembly-decontamination-VGP9 (release v0.4)'}, {'create_time': '2025-04-24', 'latest_version': '1', 'link': 'https://usegalaxy.org.au/published/workflow?id=83441e3de699d157', 'name': 'Assembly-decontamination-VGP9 (release v0.5)'}, {'create_time': '2025-02-12', 'latest_version': '58', 'link': 'https://usegalaxy.org.au/published/workflow?id=92fcdd490831c6c5', 'name': 'Genomic Assembly and analysis - RDH'}, {'create_time': '2023-10-02', 'latest_version': '130', 'link': 'https://usegalaxy.org.au/published/workflow?id=a335b9c9103b57ad', 'name': 'Taxonomy classification using Kraken2 and Bracken'}, {'create_time': '2024-11-22', 'latest_version': '24', 'link': 'https://usegalaxy.org.au/published/workflow?id=ed3e48a73b5aaa56', 'name': 'What is in my sequencing reads? - Version 1'}, {'create_time': '2024-11-04', 'latest_version': '6', 'link': 'https://usegalaxy.org.au/published/workflow?id=52065a4100b11184', 'name': 'FungalQtoA'}, {'create_time': '2024-06-25', 'latest_version': '1', 'link': 'https://usegalaxy.org.au/published/workflow?id=d9ba165e6ae55417', 'name': 'Taxonomy Profiling and Visualization with Krona'}, {'create_time': '2024-06-25', 'latest_version': '1', 'link': 'https://usegalaxy.org.au/published/workflow?id=25d52afddaa3451b', 'name': 'Nanopore Preprocessing'}, {'create_time': '2023-06-07', 'latest_version': '0', 'link': 'https://usegalaxy.org.au/published/workflow?id=a61d4bda54de7cd1', 'name': 'M. tuberculosis Variant Analysis tutorial'}, {'create_time': '2023-03-22', 'latest_version': '2', 'link': 'https://usegalaxy.org.au/published/workflow?id=59618ed15510f531', 'name': 'DAMG ONT Genome Assembly (no filt)'}, {'create_time': '2022-12-21', 'latest_version': '4', 'link': 'https://usegalaxy.org.au/published/workflow?id=c997a34b55425155', 'name': 'DAMG ONT Genome Assembly'}, {'create_time': '2023-03-16', 'latest_version': '1', 'link': 'https://usegalaxy.org.au/published/workflow?id=e20172eb0f30d6cd', 'name': 'DAMG ONT Genome Annotation'}, {'create_time': '2021-03-19', 'latest_version': '0', 'link': 'https://usegalaxy.org.au/published/workflow?id=4c7e0703aace6aa3', 'name': 'Training: 16S rRNA Analysis with Nanopore Sequencing Reads'}, {'create_time': '2020-08-31', 'latest_version': '0', 'link': 'https://usegalaxy.org.au/published/workflow?id=5693811cd933d2a2', 'name': 'M. tuberculosis Variant Analysis tutorial'}]"	kraken2	kraken2	2019-03-05	iuc	https://github.com/galaxyproject/tools-iuc/tree/master/tool_collections/kraken2/kraken2	519669	26628	224146	87806	858249	530279	26628	224149	88898	869954	https://github.com/galaxyproject/tools-iuc/tree/main/tool_collections/kraken2/kraken2	9806	216	7561	2412	19995	9999	216	7562	2459	20236	2.17.1	Up-to-date	['Metagenomics']	['kraken2']	['tabular']		kraken2	Kraken 2 is the newest version of Kraken, a taxonomic classification system using exact k-mer matches to achieve high accuracy and fast classification speeds. This classifier matches each k-mer within a query sequence to the lowest common ancestor (LCA) of all genomes containing the given k-mer. The k-mer assignments inform the classification algorithm.Any assumption that Kraken’s raw read assignments can be directly translated into species or strain-level abundance estimates is flawed. Bracken (Bayesian Reestimation of Abundance after Classification with KrakEN), estimates species abundances in metagenomics samples by probabilistically re-distributing reads in the taxonomic tree. (Lu, Jennifer et al. “Bracken: estimating species abundance in metagenomics data.”)	kraken2	False
kraken_biom	Create BIOM-format tables (http://biom-format.org) from Kraken output (http://ccb.jhu.edu/software/kraken/)	['Genome annotation', 'Taxonomic classification']	['Genome annotation', 'Taxonomic classification']	['Metagenomics', 'Taxonomy']	['Metagenomics', 'Taxonomy']	https://github.com/smdabdoub/kraken-biom	1.2.0	0	0	0	0	0	1	0	0	0	0	0	0	0	0	0	0	0	0	1	1	1	1	1	1	1	0	['https://training.galaxyproject.org/training-material/topics/microbiome/tutorials/taxonomic-profiling/tutorial.html']	[{'create_time': '2025-12-22', 'latest_version': '2', 'link': 'https://workflowhub.eu/workflows/1470?version=2', 'name': 'Taxonomic Profiling and Visualization of Metagenomic Data'}, {'create_time': '2025-03-29', 'latest_version': '8', 'link': 'https://usegalaxy.eu/published/workflow?id=39d36a7ce0ef268d', 'name': 'Taxonomic Profiling and Visualization of Metagenomic Data (Updated)'}, {'create_time': '2023-04-12', 'latest_version': '8', 'link': 'https://usegalaxy.eu/published/workflow?id=b67b5ecd3305f830', 'name': 'Taxonomy Profiling and Visualization with Phinch'}, {'create_time': '2023-12-14', 'latest_version': '0', 'link': 'https://usegalaxy.eu/published/workflow?id=4f0daf8e9dd54127', 'name': 'Taxonomic Profiling and Visualization of Metagenomic Data'}, {'create_time': '2022-09-03', 'latest_version': '18', 'link': 'https://usegalaxy.eu/published/workflow?id=e69b555faa6bb962', 'name': 'Cloud-Aerosole MT-MG Taxonomic Profiling'}, {'create_time': '2023-02-02', 'latest_version': '4', 'link': 'https://usegalaxy.eu/published/workflow?id=a0ea6fc756dd17ea', 'name': 'Pathogen Detection-Nanopore-Taxonomy-Profiling-and-Visualization'}]	kraken_biom	kraken-biom	2022-09-03	iuc	https://github.com/galaxyproject/tools-iuc/tree/master/tools/kraken_biom	4747	17	150	963	5877	4747	17	150	963	5877	https://github.com/galaxyproject/tools-iuc/tree/main/tools/kraken_biom	857	9	47	95	1008	857	9	47	95	1008	1.2.0	Up-to-date	['Metagenomics']	['kraken_biom']	['tabular', 'mothur.map']		kraken-biom	Create BIOM-format tables from Kraken output	kraken-biom	False
kraken_taxonomy_report	Kraken taxonomy report	['Visualisation', 'Classification']	['Visualisation', 'Classification']	['Metagenomics', 'Taxonomy']	['Metagenomics', 'Taxonomy']	https://github.com/blankenberg/Kraken-Taxonomy-Report	1.70	0	0	0	0	0	0	0	0	0	0	0	0	0	0	0	0	0	0	1	1	1	1	1	1	1	0	[]	"[{'create_time': '2023-07-24', 'latest_version': '0', 'link': 'https://usegalaxy.eu/published/workflow?id=2e5e6291cd112225', 'name': "" 'EXAMEN BIOINFORMATICA'""}, {'create_time': '2023-07-24', 'latest_version': '0', 'link': 'https://usegalaxy.eu/published/workflow?id=b659069edd9b1d4e', 'name': ""Workflow constructed from history 'EXAMEN BIOINFORMATICA'""}]"	kraken_taxonomy_report	biopython	2016-06-01	iuc	https://github.com/galaxyproject/tools-iuc/tree/master/tools/kraken_taxonomy_report	5719	25	5613	587	11944	5735	25	7684	587	14031	https://github.com/galaxyproject/tools-iuc/tree/main/tools/kraken_taxonomy_report	1148	10	1291	148	2597	1155	10	1717	148	3030	@TOOL_VERSION@+galaxy@VERSION_SUFFIX@	To update	['Metagenomics']	['kraken_taxonomy_report']	['tabular', 'txt']		Kraken-Taxonomy-Report	view report of classification for multiple samples	Kraken-Taxonomy-Report	False
krakentools	KrakenTools is a suite of scripts to be used alongside the Kraken	['Visualisation', 'Aggregation']	['Visualisation', 'Aggregation']	['Taxonomy', 'Metagenomics']	['Taxonomy', 'Metagenomics']	https://github.com/jenniferlu717/KrakenTools	1.2.1	0	0	0	0	0	6	6	6	0	0	0	0	0	0	0	0	0	0	4	6	6	6	1	6	6	0	['https://training.galaxyproject.org/training-material/topics/microbiome/tutorials/beer-data-analysis/tutorial.html', 'https://training.galaxyproject.org/training-material/topics/microbiome/tutorials/diversity/tutorial.html', 'https://training.galaxyproject.org/training-material/topics/microbiome/tutorials/pathogen-detection-from-nanopore-foodborne-data/tutorial.html', 'https://training.galaxyproject.org/training-material/topics/microbiome/tutorials/taxonomic-profiling/tutorial.html']	"[{'create_time': '2025-12-22', 'latest_version': '2', 'link': 'https://workflowhub.eu/workflows/1470?version=2', 'name': 'Taxonomic Profiling and Visualization of Metagenomic Data'}, {'create_time': '2026-02-25', 'latest_version': '4', 'link': 'https://workflowhub.eu/workflows/2024?version=4', 'name': 'metagenomic-genes-catalogue/main'}, {'create_time': '2025-07-07', 'latest_version': '2', 'link': 'https://workflowhub.eu/workflows/1492?version=2', 'name': 'Nanopore Preprocessing'}, {'create_time': '2025-06-02', 'latest_version': '1', 'link': 'https://workflowhub.eu/workflows/1483?version=1', 'name': 'Taxonomy Profiling and Visualization with Krona'}, {'create_time': '2025-06-02', 'latest_version': '1', 'link': 'https://workflowhub.eu/workflows/1439?version=1', 'name': 'Identification of the micro-organisms in a beer using Nanopore sequencing'}, {'create_time': '2025-06-02', 'latest_version': '1', 'link': 'https://workflowhub.eu/workflows/1431?version=1', 'name': 'Calculating diversity from microbiome taxonomic data'}, {'create_time': '2024-12-10', 'latest_version': '2', 'link': 'https://workflowhub.eu/workflows/1199?version=2', 'name': 'Taxonomy classification using Kraken2 and Bracken'}, {'create_time': '2024-06-26', 'latest_version': '1', 'link': 'https://workflowhub.eu/workflows/1061?version=1', 'name': 'nanopore-pre-processing/main'}, {'create_time': '2024-06-26', 'latest_version': '1', 'link': 'https://workflowhub.eu/workflows/1059?version=1', 'name': 'taxonomy-profiling-and-visualization-with-krona/main'}, {'create_time': '2025-06-16', 'latest_version': '7', 'link': 'https://usegalaxy.eu/published/workflow?id=461d71caea871db8', 'name': 'GOMA pipeline v Alpha 1.0. Only PE . Variant and Lineage detection, DR-Profile, Transmission cluster analysis'}, {'create_time': '2022-11-23', 'latest_version': '30', 'link': 'https://usegalaxy.eu/published/workflow?id=f97e6fe1fcbc53a7', 'name': 'Mapping with consensus creation'}, {'create_time': '2026-02-10', 'latest_version': '32', 'link': 'https://usegalaxy.eu/published/workflow?id=93d7a5704ec1d82d', 'name': 'VirDetectorGalaxy'}, {'create_time': '2023-06-29', 'latest_version': '59', 'link': 'https://usegalaxy.eu/published/workflow?id=98bfad0c684011e9', 'name': 'De novo assembly pipeline for viral sequences'}, {'create_time': '2026-02-10', 'latest_version': '1', 'link': 'https://usegalaxy.eu/published/workflow?id=379ea60fe05ce9e3', 'name': 'Workflow 5'}, {'create_time': '2026-02-09', 'latest_version': '1', 'link': 'https://usegalaxy.eu/published/workflow?id=ba10886853bc3239', 'name': ""Workflow constructed from history 'Identification of the micro-organisms in a beer using Nanopore sequencing Tutorial'""}, {'create_time': '2025-06-16', 'latest_version': '4', 'link': 'https://usegalaxy.eu/published/workflow?id=2b25eaebd3987612', 'name': 'GOMA pipeline v Alpha 1.0. Only SE . Variant and Lineage detection, DR-Profile, Transmission cluster analysis'}, {'create_time': '2025-06-10', 'latest_version': '13', 'link': 'https://usegalaxy.eu/published/workflow?id=c38e3ac59d8b86d6', 'name': 'GOMA pipeline v Alpha 1.0. SE and PE . Variant and Lineage detection, DR-Profile, Transmission cluster analysis'}, {'create_time': '2025-11-28', 'latest_version': '3', 'link': 'https://usegalaxy.eu/published/workflow?id=7491883694fff308', 'name': 'Metagenomic Taxonomy Analysis '}, {'create_time': '2025-11-19', 'latest_version': '14', 'link': 'https://usegalaxy.eu/published/workflow?id=b4809f13c8f0c0be', 'name': 'Kraken'}, {'create_time': '2024-12-20', 'latest_version': '18', 'link': 'https://usegalaxy.eu/published/workflow?id=cb2df493f5e334f7', 'name': 'Metagenomic Taxonomy and Functional Analysis'}, {'create_time': '2025-10-23', 'latest_version': '12', 'link': 'https://usegalaxy.eu/published/workflow?id=6f878d8b43ef1521', 'name': 'Raw Nanopores files to Krona Pie Charts for Metagenomic Diversity Analysis'}, {'create_time': '2024-09-19', 'latest_version': '1', 'link': 'https://usegalaxy.eu/published/workflow?id=344cd3a3c2ce5302', 'name': 'Nanopore Preprocessing (release v0.1)'}, {'create_time': '2024-09-19', 'latest_version': '1', 'link': 'https://usegalaxy.eu/published/workflow?id=ad8b6d73c9654305', 'name': 'Taxonomy Profiling and Visualization with Kron (release v0.1)'}, {'create_time': '2025-03-29', 'latest_version': '8', 'link': 'https://usegalaxy.eu/published/workflow?id=39d36a7ce0ef268d', 'name': 'Taxonomic Profiling and Visualization of Metagenomic Data (Updated)'}, {'create_time': '2024-11-21', 'latest_version': '1', 'link': 'https://usegalaxy.eu/published/workflow?id=b14845359b702444', 'name': 'Metagenomic_Workflow-Taxonomy_and_functional_analysis_with_alpha_diversity_mesure'}, {'create_time': '2024-09-08', 'latest_version': '0', 'link': 'https://usegalaxy.eu/published/workflow?id=181e751be8dd9abc', 'name': 'LŠMB: Identification of the micro-organisms in a beer using Nanopore sequencing'}, {'create_time': '2024-07-31', 'latest_version': '14', 'link': 'https://usegalaxy.eu/published/workflow?id=fde21b5f5c169114', 'name': '[WGSBAC] Salmonella characterization from short-reads WGS data'}, {'create_time': '2024-08-02', 'latest_version': '5', 'link': 'https://usegalaxy.eu/published/workflow?id=309fc4fc2e0da89c', 'name': '[WGSBAC] Brucella characterization from short-reads WGS data'}, {'create_time': '2023-04-12', 'latest_version': '190', 'link': 'https://usegalaxy.eu/published/workflow?id=a705370bc2c13d5c', 'name': 'Nanopore Preprocessing'}, {'create_time': '2023-05-11', 'latest_version': '58', 'link': 'https://usegalaxy.eu/published/workflow?id=10101558b211a782', 'name': 'Taxonomy Profiling and Visualization with Krona'}, {'create_time': '2024-04-25', 'latest_version': '1', 'link': 'https://usegalaxy.eu/published/workflow?id=8deb08d4f228e198', 'name': 'Metawin'}, {'create_time': '2023-12-14', 'latest_version': '0', 'link': 'https://usegalaxy.eu/published/workflow?id=0590554db9794d13', 'name': 'Identification of the micro-organisms in a beer using Nanopore sequencing'}, {'create_time': '2023-12-14', 'latest_version': '0', 'link': 'https://usegalaxy.eu/published/workflow?id=4f0daf8e9dd54127', 'name': 'Taxonomic Profiling and Visualization of Metagenomic Data'}, {'create_time': '2023-07-29', 'latest_version': '0', 'link': 'https://usegalaxy.eu/published/workflow?id=b37800d990cceb83', 'name': ""Copy of Copy of Workflow constructed from history 'Unnamed history'""}, {'create_time': '2023-02-17', 'latest_version': '6', 'link': 'https://usegalaxy.eu/published/workflow?id=ed2df13cfbc86b99', 'name': 'Pathogen-Detection-Nanopore-Taxonomy-Profiling-and-Visualization-with-krona'}, {'create_time': '2023-02-12', 'latest_version': '1', 'link': 'https://usegalaxy.eu/published/workflow?id=94c3d329c31c712f', 'name': 'Genomic Analysis Workflow v 1.0.1'}, {'create_time': '2026-05-11', 'latest_version': '17', 'link': 'https://usegalaxy.org/published/workflow?id=5308dc1278cef0b5', 'name': 'Metagenómica'}, {'create_time': '2026-04-29', 'latest_version': '0', 'link': 'https://usegalaxy.org/published/workflow?id=5a65d991667f3146', 'name': ""Workflow constructed from history 'Calculating α and β diversity from microbiome taxonomic data'""}, {'create_time': '2026-03-26', 'latest_version': '14', 'link': 'https://usegalaxy.org/published/workflow?id=2572128d91500ba1', 'name': 'Ovary-chievers (single dataset)'}, {'create_time': '2026-04-04', 'latest_version': '5', 'link': 'https://usegalaxy.org/published/workflow?id=1643187038d1ff86', 'name': 'Ovary-achievers (dataset collections)'}, {'create_time': '2026-03-10', 'latest_version': '5', 'link': 'https://usegalaxy.org/published/workflow?id=03671490a9fc0453', 'name': 'Updated Project'}, {'create_time': '2024-11-19', 'latest_version': '11', 'link': 'https://usegalaxy.org/published/workflow?id=9ba6da7dae465d3e', 'name': 'Metagenomics assembly illumina workflow'}, {'create_time': '2024-12-03', 'latest_version': '5', 'link': 'https://usegalaxy.org/published/workflow?id=d5436cee11a34de9', 'name': 'Workflow_Metagenomic_Virus_Oxford Nanopore Technology'}, {'create_time': '2025-04-12', 'latest_version': '0', 'link': 'https://usegalaxy.org/published/workflow?id=3011f5dbf884c9bc', 'name': 'Copy of Taxonomy Profiling and Visualization with Krona shared by user engy.nasr'}, {'create_time': '2024-09-19', 'latest_version': '1', 'link': 'https://usegalaxy.org/published/workflow?id=4b5f6b5d4f36e38b', 'name': 'Taxonomy Profiling and Visualization with Kron (release v0.1)'}, {'create_time': '2025-03-20', 'latest_version': '1', 'link': 'https://usegalaxy.org/published/workflow?id=a8b9252fad5fe06a', 'name': 'Nanopore Preprocessing (release v0.1)'}, {'create_time': '2024-08-26', 'latest_version': '1', 'link': 'https://usegalaxy.org/published/workflow?id=e12324f5e3b930fd', 'name': 'Copy of Malawi Workflow (imported from URL)'}, {'create_time': '2024-06-25', 'latest_version': '1', 'link': 'https://usegalaxy.org/published/workflow?id=8f5904693b5f74f4', 'name': 'Taxonomy Profiling and Visualization with Krona'}, {'create_time': '2024-06-25', 'latest_version': '1', 'link': 'https://usegalaxy.org/published/workflow?id=574e42683dc3961b', 'name': 'Nanopore Preprocessing'}, {'create_time': '2024-02-01', 'latest_version': '1', 'link': 'https://usegalaxy.org/published/workflow?id=7321c6ad5425d347', 'name': 'Propuesta Kraken 2 - Flujo de trabajo'}, {'create_time': '2023-11-10', 'latest_version': '0', 'link': 'https://usegalaxy.org/published/workflow?id=60f0d0d5d6e93941', 'name': ""Workflow constructed from history 'Beer-oxford nanopore'""}, {'create_time': '2024-09-19', 'latest_version': '1', 'link': 'https://usegalaxy.org.au/published/workflow?id=69d91340fc7effa2', 'name': 'Nanopore Preprocessing (release v0.1)'}, {'create_time': '2024-09-19', 'latest_version': '1', 'link': 'https://usegalaxy.org.au/published/workflow?id=131636a795bac485', 'name': 'Taxonomy Profiling and Visualization with Kron (release v0.1)'}, {'create_time': '2023-10-02', 'latest_version': '130', 'link': 'https://usegalaxy.org.au/published/workflow?id=a335b9c9103b57ad', 'name': 'Taxonomy classification using Kraken2 and Bracken'}, {'create_time': '2024-11-22', 'latest_version': '24', 'link': 'https://usegalaxy.org.au/published/workflow?id=ed3e48a73b5aaa56', 'name': 'What is in my sequencing reads? - Version 1'}, {'create_time': '2024-06-25', 'latest_version': '1', 'link': 'https://usegalaxy.org.au/published/workflow?id=d9ba165e6ae55417', 'name': 'Taxonomy Profiling and Visualization with Krona'}, {'create_time': '2024-06-25', 'latest_version': '1', 'link': 'https://usegalaxy.org.au/published/workflow?id=25d52afddaa3451b', 'name': 'Nanopore Preprocessing'}]"	krakentools	krakentools	2023-01-13	iuc	https://github.com/galaxyproject/tools-iuc/tree/master/tools/krakentools	161915	5824	40010	18602	226351	161915	5824	40010	18602	226351	https://github.com/galaxyproject/tools-iuc/tree/main/tools/krakentools	2603	64	1861	488	5016	2603	64	1861	488	5016	1.2.1	Up-to-date	['Metagenomics']	['krakentools_alpha_diversity', 'krakentools_beta_diversity', 'krakentools_combine_kreports', 'krakentools_extract_kraken_reads', 'krakentools_kreport2krona', 'krakentools_kreport2mpa']	['txt', 'tabular', 'fasta.gz']		krakentools	KrakenTools provides individual scripts to analyze Kraken/Kraken2/Bracken/KrakenUniq output files	KrakenTools	False
lineagespot	Identification of SARS-CoV-2 related metagenomic mutations based on a single (or a list of) variant(s) file(s)	['Variant calling']	['Variant calling']	['Metagenomics', 'Gene transcripts', 'Evolutionary biology', 'Sequencing', 'Genetic variation']	['Metagenomics', 'Gene transcripts', 'Evolutionary biology', 'Sequencing', 'Genetic variation']	https://www.bioconductor.org/packages/release/bioc/html/lineagespot.html		0	0	0	0	0	0	0	0	0	0	0	0	0	0	0	0	0	0	0	1	1	0	0	0	0	0	[]	[]	lineagespot	r-base	2023-07-04	iuc	https://github.com/galaxyproject/tools-iuc/tree/master/tools/lineagespot	39	0	0	0	39	39	0	0	0	39	https://github.com/galaxyproject/tools-iuc/tree/main/tools/lineagespot	4	0	0	0	4	4	0	0	0	4	@TOOL_VERSION@+galaxy@VERSION_SUFFIX@	To update	['Metagenomics', 'Sequence Analysis']	['lineagespot']	['tabular']		lineagespot	Lineagespot is a framework written in R, and aims to identify and assign different SARS-CoV-2 lineages based on a single variant file (i.e., variant calling format).	lineagespot	False
lotus2	LotuS2 OTU processing pipeline	['Sequence feature detection', 'DNA barcoding']	['Sequence feature detection', 'DNA barcoding']	['Metagenomics', 'Taxonomy', 'Microbial ecology']	['Metagenomics', 'Taxonomy', 'Microbial ecology']	https://lotus2.earlham.ac.uk/	2.34.1	0	0	0	0	0	0	0	0	0	0	0	0	0	0	0	0	0	0	1	1	1	1	0	1	0	0	['https://training.galaxyproject.org/training-material/topics/microbiome/tutorials/lotus2-identifying-fungi/tutorial.html', 'https://training.galaxyproject.org/training-material/topics/microbiome/tutorials/mgnify-amplicon/tutorial.html']	"[{'create_time': '2025-06-02', 'latest_version': '1', 'link': 'https://workflowhub.eu/workflows/1460?version=1', 'name': ""Workflow for Identifying MF from ITS2 sequencing using LotuS2 - tutorial example run'""}, {'create_time': '2023-06-30', 'latest_version': '193', 'link': 'https://usegalaxy.eu/published/workflow?id=466bdd8ba7b67264', 'name': 'pAllori Amplicon 16S Pre-Processing and Taxonomy Classification'}]"	lotus2	lotus2	2021-05-13	earlhaminst	https://github.com/TGAC/earlham-galaxytools/tree/master/tools/lotus2	1979	5	0	417	2401	1979	5	0	417	2401	https://github.com/EarlhamInst/earlham-galaxytools/tree/main/tools/lotus2	249	2	0	22	273	249	2	0	22	273	@VERSION@	To update	['Metagenomics']	['lotus2']	['zip', 'tabular', 'fasta', 'newick', 'txt']		lotus2	LotuS2 is a lightweight and user-friendly pipeline that is fast, precise, and streamlined, using extensive pre- and post-ASV/OTU clustering steps to further increase data quality. High data usage rates and reliability enable high-throughput microbiome analysis in minutes.	lotus2	False
lrn_risk	Produces detected blacklisted genes and distribution of virulence factors and AMR genes for PIMA	[]	[]	[]	[]	https://github.com/lmc297/LRNRisk		0	0	0	0	0	0	0	0	0	0	0	0	0	0	0	0	0	0	0	0	0	0	0	0	0	0	[]	[]	lrn_risk	python	2023-04-27	greg	https://github.com/gregvonkuster/galaxy_tools/tree/master/tools/pima/lrn_risk	0	0	0	0	0	0	0	0	0	0	https://github.com/gregvonkuster/galaxy_tools/tree/master/tools/pima/lrn_risk	0	0	0	0	0	0	0	0	0	0	1.0.1	To update	['Nanopore']	['lrn_risk']	['tsv']					False
maaslin2	MaAsLin2 is comprehensive R package for efficiently determining multivariable association between microbial meta'omic features and clinical metadata.	['Filtering', 'Statistical calculation', 'Standardisation and normalisation', 'Visualisation']	['Filtering', 'Standardisation and normalisation', 'Visualisation']	['Metagenomics', 'Statistics and probability']	['Metagenomics', 'Statistics and probability']	http://huttenhower.sph.harvard.edu/maaslin	1.18.0	0	0	0	0	0	0	0	0	0	0	0	0	0	0	0	0	0	0	0	1	1	1	0	0	0	0	[]	[{'create_time': '2023-06-30', 'latest_version': '193', 'link': 'https://usegalaxy.eu/published/workflow?id=466bdd8ba7b67264', 'name': 'pAllori Amplicon 16S Pre-Processing and Taxonomy Classification'}, {'create_time': '2025-06-13', 'latest_version': '12', 'link': 'https://usegalaxy.eu/published/workflow?id=4ddf2ec5c460d622', 'name': 'pAllori - Metabolomics'}, {'create_time': '2024-07-06', 'latest_version': '2', 'link': 'https://usegalaxy.eu/published/workflow?id=e1296dbcf34499b0', 'name': 'Determining multivariable association between various meta’omic features using MaAslin2'}, {'create_time': '2022-09-03', 'latest_version': '18', 'link': 'https://usegalaxy.eu/published/workflow?id=e69b555faa6bb962', 'name': 'Cloud-Aerosole MT-MG Taxonomic Profiling'}]	maaslin2	bioconductor-maaslin2	2021-11-05	iuc	https://github.com/galaxyproject/tools-iuc/tree/master/tools/maaslin2	3676	4	0	0	3680	3676	4	0	0	3680	https://github.com/galaxyproject/tools-iuc/tree/main/tools/maaslin2	100	2	0	0	102	100	2	0	0	102	1.18.0	Up-to-date	['Metagenomics']	['maaslin2']	['zip', 'tabular', 'rdata', 'pdf']		maaslin2	MaAsLin2 is comprehensive R package for efficiently determining multivariable association between phenotypes, environments, exposures, covariates and microbial meta’omic features. MaAsLin2 relies on general linear models to accommodate most modern epidemiological study designs, including cross-sectional and longitudinal, and offers a variety of data exploration, normalization, and transformation methods.	MaAsLin2	False
marine_omics	The Sanntis tool identify biosynthetic gene clusters (BGCs) in genomic & metagenomic data	[]	[]	[]	[]	https://github.com/Finn-Lab/SanntiS	0.9.4.1	0	0	0	0	0	0	0	0	0	0	0	0	0	0	0	0	0	0	1	0	1	1	0	1	0	0	['https://training.galaxyproject.org/training-material/topics/ecology/tutorials/marine_omics_bgc/tutorial.html']	[{'create_time': '2025-06-02', 'latest_version': '1', 'link': 'https://workflowhub.eu/workflows/1663?version=1', 'name': 'Marine Omics identifying biosynthetic gene clusters'}, {'create_time': '2025-03-26', 'latest_version': '3', 'link': 'https://usegalaxy.eu/published/workflow?id=a448400f69594135', 'name': 'Metagenomic Genome annotation_Prokka'}, {'create_time': '2025-03-12', 'latest_version': '3', 'link': 'https://usegalaxy.eu/published/workflow?id=cc59ae1a9878942c', 'name': 'Metagenomic Genome Annotation_Bakta'}, {'create_time': '2024-08-09', 'latest_version': '5', 'link': 'https://usegalaxy.eu/published/workflow?id=b9c938d1af08124b', 'name': 'Marine Omics identifying biosynthetic gene clusters'}]	marine_omics	sanntis	2024-07-26	ecology	https://github.com/galaxyecology/tools-ecology/tree/master/tools/marine_omics	198	0	0	112	310	198	0	0	112	310	https://github.com/galaxyecology/tools-ecology/tree/master/tools/marine_omics	22	0	0	5	27	22	0	0	5	27	@TOOL_VERSION@+galaxy@VERSION_SUFFIX@	To update	['Ecology']	['sanntis_marine']	['gff3', 'genbank']					False
mash	Fast genome and metagenome distance estimation using MinHash	['Sequence distance matrix generation']	['Sequence distance matrix generation']	['Metagenomics', 'Statistics and probability', 'Sequence analysis', 'DNA mutation']	['Genomics', 'Metagenomics', 'Statistics and probability', 'Sequence analysis', 'DNA mutation']	https://github.com/marbl/Mash	2.3	0	0	0	0	0	0	0	4	0	0	0	0	0	0	0	0	0	0	2	4	4	2	2	4	4	0	[]	[]	mash	mash	2018-12-07	iuc	https://github.com/galaxyproject/tools-iuc/tree/master/tools/mash	10768	29	922	3187	14906	10867	29	922	3187	15005	https://github.com/galaxyproject/tools-iuc/tree/main/tools/mash	49	3	18	18	88	57	3	18	18	96	2.3	Up-to-date	['Metagenomics']	['mash_dist', 'mash_paste', 'mash_screen', 'mash_sketch']	['tsv', 'msh', 'tabular']		mash	Fast genome and metagenome distance estimation using MinHash.	Mash	False
masigpro	Identify significantly differential expression profiles in time-course microarray experiments	['Regression analysis']	['Regression analysis']	['Gene expression', 'Microarray experiment', 'RNA-Seq']	['Gene expression', 'Molecular genetics', 'Microarray experiment', 'RNA-Seq']	https://www.bioconductor.org/packages/release/bioc/html/maSigPro.html	8.25	0	0	0	0	0	0	0	0	0	0	0	0	0	0	0	0	0	0	1	1	1	0	1	0	1	0	[]	[]	masigpro	coreutils	2017-05-09	iuc	https://github.com/galaxyproject/tools-iuc/tree/master/tools/masigpro	200	0	522	0	722	628	0	630	0	1258	https://github.com/galaxyproject/tools-iuc/tree/main/tools/masigpro	35	0	75	0	110	44	0	88	0	132	@TOOL_VERSION@.1+galaxy@VERSION_SUFFIX@	To update	['Transcriptomics', 'RNA', 'Statistics']	['masigpro']	['txt', 'pdf', 'tabular']		masigpro	Regression based approach to find genes for which there are significant gene expression profile differences between experimental groups in time course microarray and RNA-Seq experiments.	maSigPro	False
maxbin2	clusters metagenomic contigs into bins	['Sequence assembly']	['Sequence assembly']	['Metagenomics', 'Sequence assembly', 'Microbiology']	['Metagenomics', 'Sequence assembly', 'Microbiology']	https://downloads.jbei.org/data/microbial_communities/MaxBin/MaxBin.html	2.2.7	0	0	0	0	0	0	0	1	0	0	0	0	0	0	0	0	0	0	1	1	1	1	1	1	1	0	['https://training.galaxyproject.org/training-material/topics/microbiome/tutorials/metagenomics-binning/tutorial.html']	[{'create_time': '2026-03-10', 'latest_version': '2', 'link': 'https://workflowhub.eu/workflows/2100?version=2', 'name': 'binning-evaluation/main'}, {'create_time': '2025-12-08', 'latest_version': '1', 'link': 'https://workflowhub.eu/workflows/2028?version=1', 'name': 'Metagenomic Binning'}, {'create_time': '2025-11-22', 'latest_version': '4', 'link': 'https://workflowhub.eu/workflows/1352?version=4', 'name': 'mags-building/main'}, {'create_time': '2026-02-10', 'latest_version': '1', 'link': 'https://usegalaxy.eu/published/workflow?id=7be08f99f83c927e', 'name': 'Sadowsky_MetaG-DBgen_02102026'}, {'create_time': '2025-10-01', 'latest_version': '0', 'link': 'https://usegalaxy.eu/published/workflow?id=8c91345ed468e22d', 'name': 'MetaG_extended'}, {'create_time': '2025-09-23', 'latest_version': '1', 'link': 'https://usegalaxy.eu/published/workflow?id=9a97c6eb4fe015e7', 'name': 'MetaG_noCAzyme'}, {'create_time': '2025-08-26', 'latest_version': '12', 'link': 'https://usegalaxy.eu/published/workflow?id=00f15824c7a9b196', 'name': 'FAIRyMAGs taxonomic binning evaluation '}, {'create_time': '2025-02-24', 'latest_version': '15', 'link': 'https://usegalaxy.eu/published/workflow?id=ce5c9287a67e6085', 'name': 'FAIRyMAGs binning evaluation'}, {'create_time': '2024-09-27', 'latest_version': '37', 'link': 'https://usegalaxy.eu/published/workflow?id=7ecd92cb382d8168', 'name': 'MAGs individual workflow v1.9'}, {'create_time': '2025-01-10', 'latest_version': '0', 'link': 'https://usegalaxy.eu/published/workflow?id=1e5f1d9a51032e44', 'name': 'MAGs co-assembly workflow 1.7'}, {'create_time': '2024-09-30', 'latest_version': '14', 'link': 'https://usegalaxy.eu/published/workflow?id=667bac8d7453e5f1', 'name': 'MetaG: Preparation, Building and Annotation of Metagenomics Assembled Genomes '}, {'create_time': '2024-12-20', 'latest_version': '1', 'link': 'https://usegalaxy.eu/published/workflow?id=0563f58718be932d', 'name': 'MAGs building with individual assembly'}, {'create_time': '2023-11-15', 'latest_version': '14', 'link': 'https://usegalaxy.eu/published/workflow?id=97312d273b6e8bd9', 'name': 'MAGs workflow'}, {'create_time': '2024-04-25', 'latest_version': '1', 'link': 'https://usegalaxy.eu/published/workflow?id=8deb08d4f228e198', 'name': 'Metawin'}, {'create_time': '2023-12-14', 'latest_version': '1', 'link': 'https://usegalaxy.eu/published/workflow?id=d57d41e306241396', 'name': 'MetaG_extended'}, {'create_time': '2023-02-10', 'latest_version': '22', 'link': 'https://usegalaxy.eu/published/workflow?id=6158c3b5fc12044e', 'name': 'MetaG_extended'}, {'create_time': '2019-12-11', 'latest_version': '27', 'link': 'https://usegalaxy.eu/published/workflow?id=02631612a43a4d9b', 'name': 'MetaG'}, {'create_time': '2021-01-04', 'latest_version': '12', 'link': 'https://usegalaxy.org/published/workflow?id=33d90e718ce500ef', 'name': 'metagenomics'}]	maxbin2	maxbin2	2019-10-24	mbernt	https://github.com/galaxyproject/tools-iuc/tree/master/tools/maxbin2	5244	648	2694	1135	9721	5537	648	2993	1198	10376	https://github.com/galaxyproject/tools-iuc/tree/main/tools/maxbin2	408	6	634	106	1154	433	6	675	108	1222	@MAXBIN_VERSION@	To update	['Metagenomics']	['maxbin2']	['fasta', 'tabular', 'txt', 'pdf']		maxbin	Software for binning assembled metagenomic sequences based on an Expectation-Maximization algorithm.	MaxBin	False
megahit	An ultra-fast single-node solution for large and complex metagenomics assembly via succinct de Bruijn graph.	['Genome assembly']	['Genome assembly']	['Metagenomics', 'Sequencing', 'Sequence assembly']	['Metagenomics', 'Sequencing', 'Ecology', 'Sequence assembly']	https://github.com/voutcn/megahit	1.2.9	0	0	0	0	0	1	1	1	0	0	0	0	0	1	0	0	0	0	1	1	1	1	1	1	1	0	['https://training.galaxyproject.org/training-material/topics/assembly/tutorials/metagenomics-assembly/tutorial.html', 'https://training.galaxyproject.org/training-material/topics/microbiome/tutorials/metagenomics-assembly/tutorial.html']	"[{'create_time': '2025-12-16', 'latest_version': '1', 'link': 'https://workflowhub.eu/workflows/2038?version=1', 'name': 'De novo'}, {'create_time': '2025-12-15', 'latest_version': '1', 'link': 'https://workflowhub.eu/workflows/2036?version=1', 'name': 'Map-to-reference'}, {'create_time': '2026-02-25', 'latest_version': '4', 'link': 'https://workflowhub.eu/workflows/2024?version=4', 'name': 'metagenomic-genes-catalogue/main'}, {'create_time': '2025-06-16', 'latest_version': '2', 'link': 'https://workflowhub.eu/workflows/1390?version=2', 'name': 'Assembly of metagenomic sequencing data'}, {'create_time': '2025-06-02', 'latest_version': '1', 'link': 'https://workflowhub.eu/workflows/1634?version=1', 'name': 'Metagenomics assembly tutorial workflow'}, {'create_time': '2025-06-02', 'latest_version': '1', 'link': 'https://workflowhub.eu/workflows/1631?version=1', 'name': 'workflow-generate-dataset-for-assembly-tutorial'}, {'create_time': '2025-06-02', 'latest_version': '1', 'link': 'https://workflowhub.eu/workflows/1480?version=1', 'name': 'workflow-generate-dataset-for-assembly-tutorial'}, {'create_time': '2025-11-22', 'latest_version': '4', 'link': 'https://workflowhub.eu/workflows/1352?version=4', 'name': 'mags-building/main'}, {'create_time': '2023-06-29', 'latest_version': '59', 'link': 'https://usegalaxy.eu/published/workflow?id=98bfad0c684011e9', 'name': 'De novo assembly pipeline for viral sequences'}, {'create_time': '2024-11-24', 'latest_version': '74', 'link': 'https://usegalaxy.eu/published/workflow?id=2ee0eb74e839b476', 'name': 'Microbial-genes-recovery'}, {'create_time': '2025-04-21', 'latest_version': '15', 'link': 'https://usegalaxy.eu/published/workflow?id=7d84b0419296857d', 'name': 'Mice-pathogen detection'}, {'create_time': '2025-05-17', 'latest_version': '4', 'link': 'https://usegalaxy.eu/published/workflow?id=f141db5179ea8422', 'name': 'Bacteriocinas'}, {'create_time': '2024-09-27', 'latest_version': '37', 'link': 'https://usegalaxy.eu/published/workflow?id=7ecd92cb382d8168', 'name': 'MAGs individual workflow v1.9'}, {'create_time': '2025-01-10', 'latest_version': '0', 'link': 'https://usegalaxy.eu/published/workflow?id=1e5f1d9a51032e44', 'name': 'MAGs co-assembly workflow 1.7'}, {'create_time': '2024-12-20', 'latest_version': '1', 'link': 'https://usegalaxy.eu/published/workflow?id=0563f58718be932d', 'name': 'MAGs building with individual assembly'}, {'create_time': '2023-11-15', 'latest_version': '14', 'link': 'https://usegalaxy.eu/published/workflow?id=97312d273b6e8bd9', 'name': 'MAGs workflow'}, {'create_time': '2023-12-14', 'latest_version': '0', 'link': 'https://usegalaxy.eu/published/workflow?id=ce5c16ac23c4fbb1', 'name': 'workflow-generate-dataset-for-assembly-tutorial'}, {'create_time': '2023-12-14', 'latest_version': '0', 'link': 'https://usegalaxy.eu/published/workflow?id=62c47e3c9d4f3aa3', 'name': 'Metagenomics assembly tutorial workflow'}, {'create_time': '2021-11-01', 'latest_version': '72', 'link': 'https://usegalaxy.eu/published/workflow?id=9b9e1e28f3683f92', 'name': 'Cloud-Aerosole MT-MG Reference Gene Catalog Building'}, {'create_time': '2023-07-29', 'latest_version': '0', 'link': 'https://usegalaxy.eu/published/workflow?id=b37800d990cceb83', 'name': ""Copy of Copy of Workflow constructed from history 'Unnamed history'""}, {'create_time': '2022-02-01', 'latest_version': '28', 'link': 'https://usegalaxy.eu/published/workflow?id=bebcbd6f0ffa55c5', 'name': 'Novel Virus Discovery_v3'}, {'create_time': '2018-10-16', 'latest_version': '7', 'link': 'https://usegalaxy.eu/published/workflow?id=401746888e8b3aa8', 'name': 'Workflow for protein sequence generation using MEGAHIT'}, {'create_time': '2018-10-16', 'latest_version': '2', 'link': 'https://usegalaxy.eu/published/workflow?id=a8417c63e9e22afb', 'name': ""Workflow constructed from history 'Full Option 1'""}, {'create_time': '2018-10-16', 'latest_version': '0', 'link': 'https://usegalaxy.eu/published/workflow?id=d4a95588e6e50893', 'name': ""Workflow constructed from history 'Final Option 1'""}, {'create_time': '2018-10-16', 'latest_version': '0', 'link': 'https://usegalaxy.eu/published/workflow?id=534f5fc25bc887ca', 'name': ""Workflow constructed from history 'Final Option 0'""}, {'create_time': '2018-01-17', 'latest_version': '4', 'link': 'https://usegalaxy.eu/published/workflow?id=1524b189069b42a5', 'name': 'ASaiM - Metagenomic assembly with MEGAHIT'}, {'create_time': '2025-05-29', 'latest_version': '34', 'link': 'https://usegalaxy.org/published/workflow?id=7251c6e0dad8f927', 'name': 'Metagenomic Análisys'}]"	megahit	megahit	2017-09-22	iuc	https://github.com/galaxyproject/tools-iuc/tree/master/tools/megahit	22340	1387	23973	9338	57038	24371	1387	24874	9643	60275	https://github.com/galaxyproject/tools-iuc/tree/main/tools/megahit	2052	54	2823	615	5544	2197	54	2929	632	5812	@TOOL_VERSION@	To update	['Sequence Analysis', 'Assembly', 'Metagenomics']	['megahit']	['fasta', 'txt']		megahit	Single node assembler for large and complex metagenomics NGS reads, such as soil. It makes use of succinct de Bruijn graph to achieve low memory usage, whereas its goal is not to make memory usage as low as possible.	MEGAHIT	False
megahit_contig2fastg	A subprogram within the Megahit toolkit for converting contigs to assembly graphs (fastg)	['Genome assembly']	['Genome assembly']	['Metagenomics', 'Sequencing', 'Sequence assembly']	['Metagenomics', 'Sequencing', 'Ecology', 'Sequence assembly']	https://github.com/voutcn/megahit/blob/master/tools/toolkit.cpp	1.2.9	0	0	0	0	0	0	0	0	0	0	0	0	0	1	0	0	0	0	1	1	1	1	1	1	1	0	['https://training.galaxyproject.org/training-material/topics/assembly/tutorials/metagenomics-assembly/tutorial.html', 'https://training.galaxyproject.org/training-material/topics/microbiome/tutorials/metagenomics-assembly/tutorial.html']	[{'create_time': '2025-06-16', 'latest_version': '2', 'link': 'https://workflowhub.eu/workflows/1390?version=2', 'name': 'Assembly of metagenomic sequencing data'}, {'create_time': '2025-06-02', 'latest_version': '1', 'link': 'https://workflowhub.eu/workflows/1634?version=1', 'name': 'Metagenomics assembly tutorial workflow'}, {'create_time': '2023-12-14', 'latest_version': '0', 'link': 'https://usegalaxy.eu/published/workflow?id=62c47e3c9d4f3aa3', 'name': 'Metagenomics assembly tutorial workflow'}]	megahit_contig2fastg	megahit	2018-11-08	iuc	https://github.com/galaxyproject/tools-iuc/tree/master/tools/megahit_contig2fastg	763	80	338	150	1331	862	80	338	150	1430	https://github.com/galaxyproject/tools-iuc/tree/main/tools/megahit_contig2fastg	200	6	113	33	352	212	6	113	33	364	@VERSION@+@GALAXY_VERSION@	To update	['Sequence Analysis', 'Assembly', 'Metagenomics']	['megahit_contig2fastg']	['fastg']		megahit	Single node assembler for large and complex metagenomics NGS reads, such as soil. It makes use of succinct de Bruijn graph to achieve low memory usage, whereas its goal is not to make memory usage as low as possible.	MEGAHIT	False
megan	MEGAN Community Edition - Interactive exploration and analysis of large-scale microbiome sequencing data.  MEGAN is a tool for studying the taxonomic content of a set of DNA reads, typically collected in a metagenomics project.In a preprocessing step, a sequence alignment of all reads against a suitable database of reference DNA or proteinsequences must be performed to produce an input file for the program. MEGAN is suitable for DNA reads (metagenomedata), RNA reads (metatranscriptome data), peptide sequences (metaproteomics data) and, using a suitable synonymsfile that maps SILVA ids to taxon ids, for 16S rRNA data (amplicon sequencing).	['Sequence analysis', 'Taxonomic classification']	['Sequence analysis', 'Taxonomic classification']	['Sequence analysis']	['Sequence analysis']	https://github.com/husonlab/megan-ce	6.25.10	0	0	0	0	0	0	0	0	0	0	0	0	0	0	0	0	0	0	0	7	7	7	0	1	0	0	[]	[]	megan	megan	2021-11-24	iuc	https://github.com/galaxyproject/tools-iuc/tree/master/tools/megan	5164	4	0	72	5240	5164	4	0	72	5240	https://github.com/galaxyproject/tools-iuc/tree/main/tools/megan	250	3	0	5	258	250	3	0	5	258	6.21.7	To update	['Sequence Analysis']	['megan_blast2lca', 'megan_blast2rma', 'megan_daa2info', 'megan_daa2rma', 'megan_daa_meganizer', 'megan_read_extractor', 'megan_sam2rma']	['txt', 'rma6', 'daa']		megan	Metagenome Analysis Software - MEGAN (MEtaGenome ANalyzer) is a new computer program that allows laptop analysis of large metagenomic datasets. In a preprocessing step, the set of DNA reads (or contigs) is compared against databases of known sequences using BLAST or another comparison tool. MEGAN can then be used to compute and interactively explore the taxonomical content of the dataset, employing the NCBI taxonomy to summarize and order the results.	MEGAN	False
meta_proteome_analyzer	MetaProteomeAnalyzer	[]	[]	[]	[]	https://github.com/compomics/meta-proteome-analyzer/	2.0.0	0	0	0	0	0	1	0	0	0	0	0	0	0	0	0	0	0	0	0	1	1	0	0	0	0	0	[]	[]	meta_proteome_analyzer	mpa-portable	2017-03-03	galaxyp	https://github.com/galaxyproteomics/tools-galaxyp/tree/master/tools/meta_proteome_analyzer	148	0	0	0	148	148	0	0	0	148	https://github.com/galaxyproteomics/tools-galaxyp/tree/master/tools/meta_proteome_analyzer	22	0	0	0	22	22	0	0	0	22	@TOOL_VERSION@+galaxy@WRAPPER_VERSION@	To update	['Proteomics']	['meta_proteome_analyzer']	['tabular']					False
metabat2	MetaBAT2 (Metagenome Binning based on Abundance and Tetranucleotide frequency) is an automated metagenome binningsoftware that integrates empirical probabilistic distances of genome abundance and tetranucleotide frequency.	['Read binning', 'Sequence assembly', 'Genome annotation']	['Read binning', 'Sequence assembly', 'Genome annotation']	['Metagenomics', 'Sequence assembly', 'Metagenomic sequencing']	['Metagenomics', 'Sequence assembly', 'Metagenomic sequencing']	https://bitbucket.org/berkeleylab/metabat/src/master/	2.18_23_gc869c52	0	0	0	0	0	0	0	2	0	0	0	0	0	0	0	0	0	0	2	2	2	2	0	2	2	0	['https://training.galaxyproject.org/training-material/topics/microbiome/tutorials/metagenomics-binning/tutorial.html']	[{'create_time': '2026-03-10', 'latest_version': '2', 'link': 'https://workflowhub.eu/workflows/2100?version=2', 'name': 'binning-evaluation/main'}, {'create_time': '2025-12-08', 'latest_version': '1', 'link': 'https://workflowhub.eu/workflows/2028?version=1', 'name': 'Metagenomic Binning'}, {'create_time': '2025-11-22', 'latest_version': '4', 'link': 'https://workflowhub.eu/workflows/1352?version=4', 'name': 'mags-building/main'}, {'create_time': '2025-08-26', 'latest_version': '12', 'link': 'https://usegalaxy.eu/published/workflow?id=00f15824c7a9b196', 'name': 'FAIRyMAGs taxonomic binning evaluation '}, {'create_time': '2025-02-24', 'latest_version': '15', 'link': 'https://usegalaxy.eu/published/workflow?id=ce5c9287a67e6085', 'name': 'FAIRyMAGs binning evaluation'}, {'create_time': '2024-09-27', 'latest_version': '37', 'link': 'https://usegalaxy.eu/published/workflow?id=7ecd92cb382d8168', 'name': 'MAGs individual workflow v1.9'}, {'create_time': '2024-10-18', 'latest_version': '16', 'link': 'https://usegalaxy.eu/published/workflow?id=43098b8afe78b071', 'name': 'MAGs taxonomic binning evaluation'}, {'create_time': '2025-01-10', 'latest_version': '0', 'link': 'https://usegalaxy.eu/published/workflow?id=1e5f1d9a51032e44', 'name': 'MAGs co-assembly workflow 1.7'}, {'create_time': '2024-12-20', 'latest_version': '1', 'link': 'https://usegalaxy.eu/published/workflow?id=0563f58718be932d', 'name': 'MAGs building with individual assembly'}, {'create_time': '2023-11-15', 'latest_version': '14', 'link': 'https://usegalaxy.eu/published/workflow?id=97312d273b6e8bd9', 'name': 'MAGs workflow'}, {'create_time': '2026-03-04', 'latest_version': '7', 'link': 'https://usegalaxy.org/published/workflow?id=9b589bc76208fb1e', 'name': 'pacbio-assemble-bin-classify2'}]	metabat2	metabat2	2022-01-28	iuc	https://github.com/galaxyproject/tools-iuc/tree/master/tools/metabat2	14194	1359	2591	1738	19882	14194	1359	2591	1738	19882	https://github.com/galaxyproject/tools-iuc/tree/main/tools/metabat2	670	18	375	167	1230	670	18	375	167	1230	2.18.23	To update	['Metagenomics']	['metabat2_jgi_summarize_bam_contig_depths', 'metabat2']	['tabular', 'fasta', 'txt']		MetaBAT_2	"an adaptive binning algorithm for robust and efficient genome reconstruction from metagenome assemblies | MetaBAT2 clusters metagenomic contigs into different ""bins"", each of which should correspond to a putative genome | MetaBAT2 uses nucleotide composition information and source strain abundance (measured by depth-of-coverage by aligning the reads to the contigs) to perform binning"	MetaBAT 2	False
metabuli	Classifying metagenomes by jointly analysing both DNA and amino acid (AA) sequences	['Taxonomic classification']	['Taxonomic classification']	['Taxonomy']	['Taxonomy']	https://github.com/steineggerlab/Metabuli	1.2.0	0	0	0	0	0	0	0	0	0	0	0	0	0	0	0	0	0	0	0	0	1	0	0	0	0	0	[]	[]	metabuli	metabuli	2024-06-04	iuc	https://github.com/galaxyproject/tools-iuc/tree/master/tools/metabuli	0	0	0	0	0	0	0	0	0	0	https://github.com/galaxyproject/tools-iuc/tree/main/tools/metabuli	0	0	0	0	0	0	0	0	0	0	1.0.5	To update	['Sequence Analysis', 'Metagenomics']	['metabuli_classify']	['tabular', 'html', 'txt']		metabuli	Metabuli: specific and sensitive metagenomic classification via joint analysis of DNA and amino acid	metabuli	False
metaeuk	MetaEuk is a modular toolkit designed for large-scale gene discovery andannotation in eukaryotic metagenomic contigs. Metaeuk combines the fast andsensitive homology search capabilities of MMseqs2 with a dynamic programmingprocedure to recover optimal exons sets. It reduces redundancies in multiplediscoveries of the same gene and resolves conflicting gene predictions onthe same strand. 	['Homology-based gene prediction']	['Homology-based gene prediction']	['Metagenomics', 'Gene and protein families']	['Metagenomics', 'Gene and protein families']	https://github.com/soedinglab/metaeuk	6.a5d39d9	0	0	0	0	0	0	0	0	0	0	0	0	0	0	0	0	0	0	1	1	1	0	1	0	0	0	[]	[{'create_time': '2021-11-01', 'latest_version': '72', 'link': 'https://usegalaxy.eu/published/workflow?id=9b9e1e28f3683f92', 'name': 'Cloud-Aerosole MT-MG Reference Gene Catalog Building'}]	metaeuk	metaeuk	2020-08-04	iuc	https://github.com/galaxyproject/tools-iuc/tree/master/tools/metaeuk	507	0	0	0	507	509	0	0	0	509	https://github.com/galaxyproject/tools-iuc/tree/main/tools/metaeuk	57	0	0	0	57	58	0	0	0	58	@TOOL_VERSION@	To update	['Sequence Analysis', 'Genome annotation']	['metaeuk_easy_predict']	['fasta', 'gff']		MetaEuk	MetaEuk - sensitive, high-throughput gene discovery and annotation for large-scale eukaryotic metagenomics	MetaEuk	False
metagene_annotator	MetaGeneAnnotator gene-finding program for prokaryote and phage	['Sequence annotation']	['Sequence annotation']	['Genomics', 'Model organisms', 'Data submission, annotation and curation']	['Genomics', 'Model organisms', 'Data submission, annotation and curation']	http://metagene.nig.ac.jp/	1.0	0	0	0	0	0	1	0	1	0	0	0	0	0	0	0	0	0	0	0	1	1	0	1	0	0	0	[]	[{'create_time': '2024-10-08', 'latest_version': '6', 'link': 'https://usegalaxy.eu/published/workflow?id=3dcf09e75d707573', 'name': 'CPT Phage Structural Workflow v2024.2'}, {'create_time': '2026-04-28', 'latest_version': '1', 'link': 'https://usegalaxy.eu/published/workflow?id=a644e6b450dabca8', 'name': 'CPT Phage Structural Workflow v2026.1'}, {'create_time': '2021-11-01', 'latest_version': '72', 'link': 'https://usegalaxy.eu/published/workflow?id=9b9e1e28f3683f92', 'name': 'Cloud-Aerosole MT-MG Reference Gene Catalog Building'}, {'create_time': '2020-03-24', 'latest_version': '2', 'link': 'https://usegalaxy.eu/published/workflow?id=799b924edd3c401b', 'name': 'Franco_Metagenome_to_Metaproteomic_Db'}]	metagene_annotator	metagene_annotator	2018-03-21	galaxyp	https://github.com/galaxyproteomics/tools-galaxyp/tree/master/tools/metagene_annotator	20971	0	0	0	20971	21069	0	0	0	21069	https://github.com/galaxyproteomics/tools-galaxyp/tree/master/metagene_annotator	439	0	0	0	439	457	0	0	0	457	@TOOL_VERSION@+galaxy@VERSION_SUFFIX@	To update	['Sequence Analysis']	['metagene_annotator']	['txt', 'tabular', 'bed']		metageneannotator	Prokaryotic gene finding program from environmental genome shotgun sequences or metagenomic sequences.	MetaGeneAnnotator	False
metagenomeseq_normalization	metagenomeSeq Normalization	['Sequence visualisation', 'Statistical calculation']	['Sequence visualisation', 'Statistical calculation']	['Metagenomics', 'Sequencing']	['Metagenomics', 'Sequencing']	https://bioconductor.org/packages/3.18/bioc/html/metagenomeSeq.html	1.52.0	0	0	0	0	0	0	0	0	0	0	0	0	0	0	0	0	0	0	1	1	1	1	1	0	1	0	[]	[]	metagenomeseq_normalization	bioconductor-metagenomeseq	2017-03-27	iuc	https://github.com/galaxyproject/tools-iuc/tree/master/tools/metagenomeseq	521	0	261	0	782	763	0	530	0	1293	https://github.com/galaxyproject/tools-iuc/tree/main/tools/metagenomeseq	15	0	28	0	43	23	0	56	0	79	1.16.0-0.0.1	To update	['Metagenomics']	['metagenomeseq_normalizaton']	['tabular', 'txt']		metagenomeseq	Designed to determine features (be it Operational Taxanomic Unit (OTU), species, etc.) that are differentially abundant between two or more groups of multiple samples. It is designed to address the effects of both normalization and under-sampling of microbial communities on disease association detection and the testing of feature correlations.	metagenomeSeq	False
metamdbg	MetaMDBG is a fast and low-memory assembler for long and accurate metagenomics reads.	['Genome assembly']	['Genome assembly']	['Metagenomics']	['Metagenomics']	https://github.com/GaetanBenoitDev/metaMDBG	1.4	0	0	0	0	0	0	0	0	0	0	0	0	0	0	0	0	0	0	0	0	2	0	0	0	2	0	[]	[]	metamdbg	metamdbg	2025-02-04	iuc	https://github.com/galaxyproject/tools-iuc/tree/master/tools/metamdbg	0	0	0	0	0	0	0	0	0	0	https://github.com/galaxyproject/tools-iuc/tree/main/tools/metamdbg	0	0	0	0	0	0	0	0	0	0	1.4	Up-to-date	['Assembly', 'Metagenomics']	['metamdbg_asm', 'metamdbg_gfa']	['fasta.gz', 'tar.gz', 'txt', 'gfa1']		metamdbg	MetaMDBG is a fast and low-memory assembler for long and accurate metagenomics reads (e.g. PacBio HiFi, Nanopore r10.4). It is based on the minimizer de-Brujin graph (MDBG), which have been reimplemetend specifically for metagenomics assembly. MetaMDBG combines an efficient multi-k approach in minimizer-space for dealing with uneven species coverages, and a novel abundance-based filtering method for simplifying strain complexity.	metaMDBG	False
metanovo	Produce targeted databases for mass spectrometry analysis.	['Target-Decoy', 'de Novo sequencing', 'Tag-based peptide identification', 'Protein identification', 'Expression analysis']	['Target-Decoy', 'de Novo sequencing', 'Tag-based peptide identification', 'Protein identification', 'Expression analysis']	['Proteomics', 'Microbial ecology', 'Metagenomics', 'Proteomics experiment', 'Small molecules']	['Proteomics', 'Microbial ecology', 'Metagenomics', 'Proteomics experiment', 'Small molecules']	https://github.com/uct-cbio/proteomics-pipelines	1.9.4	0	0	0	0	0	0	0	0	0	0	0	0	0	0	0	0	0	0	1	1	1	0	0	1	1	0	['https://training.galaxyproject.org/training-material/topics/microbiome/tutorials/clinical-mp-1-database-generation/tutorial.html', 'https://training.galaxyproject.org/training-material/topics/proteomics/tutorials/clinical-mp-1-database-generation/tutorial.html']	[{'create_time': '2025-06-02', 'latest_version': '1', 'link': 'https://workflowhub.eu/workflows/1474?version=1', 'name': 'WF1_Database_Generation_Workflow'}, {'create_time': '2025-06-02', 'latest_version': '1', 'link': 'https://workflowhub.eu/workflows/1461?version=1', 'name': 'WF1_Database_Generation_Workflow'}, {'create_time': '2024-11-23', 'latest_version': '1', 'link': 'https://workflowhub.eu/workflows/1216?version=1', 'name': 'clinicalmp-database-generation/main'}, {'create_time': '2024-11-28', 'latest_version': '1', 'link': 'https://usegalaxy.eu/published/workflow?id=d7c7a4d6c8072167', 'name': 'Generate a Clinical Metaproteomics Databas (release v0.1)'}, {'create_time': '2023-12-14', 'latest_version': '1', 'link': 'https://usegalaxy.eu/published/workflow?id=7cfbf4b7bd3f30d3', 'name': 'WF1_Database_Generation_Workflow'}, {'create_time': '2023-09-07', 'latest_version': '10', 'link': 'https://usegalaxy.eu/published/workflow?id=2f7e13eb26c8cd18', 'name': 'WF1_Database Generation Workflow'}, {'create_time': '2023-07-13', 'latest_version': '7', 'link': 'https://usegalaxy.eu/published/workflow?id=c6aecbdbeb27585f', 'name': 'Clinical-MP-Database generation'}, {'create_time': '2023-06-22', 'latest_version': '0', 'link': 'https://usegalaxy.eu/published/workflow?id=f2b45a7ff4f449e6', 'name': '2_Compact_dB_MetaNovo'}, {'create_time': '2024-11-28', 'latest_version': '1', 'link': 'https://usegalaxy.org/published/workflow?id=2be8ecd5922d23d1', 'name': 'Generate a Clinical Metaproteomics Databas (release v0.1)'}, {'create_time': '2024-11-28', 'latest_version': '1', 'link': 'https://usegalaxy.org.au/published/workflow?id=351f3fab960c013b', 'name': 'Generate a Clinical Metaproteomics Databas (release v0.1)'}]	metanovo	metanovo	2022-03-29	galaxyp	https://github.com/galaxyproteomics/tools-galaxyp/tree/master/tools/metanovo	5000	0	34	92	5126	5000	0	34	92	5126	https://github.com/galaxyproteomics/tools-galaxyp/tree/master/tools/metanovo	40	0	5	4	49	40	0	5	4	49	@TOOL_VERSION@+galaxy@VERSION_SUFFIX@	To update	['Proteomics']	['metanovo']	['fasta', 'csv']		metanovo	An open-source pipeline for probabilistic peptide discovery in complex metaproteomic datasets.	MetaNovo	False
metaphlan	MetaPhlAn for Metagenomic Phylogenetic Analysis	['Taxonomic classification', 'Taxonomic classification']	['Taxonomic classification', 'Taxonomic classification']	['Metagenomics', 'Phylogenomics']	['Metagenomics', 'Phylogenomics']	https://github.com/biobakery/MetaPhlAn	4.2.4	0	0	0	0	0	4	0	3	0	0	0	0	0	0	0	0	0	0	1	4	4	4	4	2	1	0	['https://training.galaxyproject.org/training-material/topics/microbiome/tutorials/metatranscriptomics/tutorial.html', 'https://training.galaxyproject.org/training-material/topics/microbiome/tutorials/metatranscriptomics-short/tutorial.html', 'https://training.galaxyproject.org/training-material/topics/microbiome/tutorials/taxonomic-profiling/tutorial.html']	"[{'create_time': '2025-12-22', 'latest_version': '2', 'link': 'https://workflowhub.eu/workflows/1470?version=2', 'name': 'Taxonomic Profiling and Visualization of Metagenomic Data'}, {'create_time': '2025-06-23', 'latest_version': '2', 'link': 'https://workflowhub.eu/workflows/1466?version=2', 'name': 'Metatranscriptomics analysis using microbiome RNA-seq data'}, {'create_time': '2025-06-23', 'latest_version': '2', 'link': 'https://workflowhub.eu/workflows/1451?version=2', 'name': 'Metatranscriptomics analysis using microbiome RNA-seq data - Workflow 2: Community profile'}, {'create_time': '2023-10-26', 'latest_version': '1', 'link': 'https://workflowhub.eu/workflows/624?version=1', 'name': 'Analyses of shotgun metagenomics data with MetaPhlAn2'}, {'create_time': '2025-06-16', 'latest_version': '4', 'link': 'https://usegalaxy.fr/published/workflow?id=c4f6062e51d0f45e', 'name': 'Metatranscriptomics analysis using microbiome RNA-seq data'}, {'create_time': '2025-06-16', 'latest_version': '1', 'link': 'https://usegalaxy.fr/published/workflow?id=09e8293456ee6d99', 'name': 'Metatranscriptomics analysis using microbiome RNA-seq data - Workflow 2: Community profile'}, {'create_time': '2026-05-05', 'latest_version': '68', 'link': 'https://usegalaxy.eu/published/workflow?id=052f35a526798020', 'name': 'Metaphlan Subworkflow'}, {'create_time': '2026-05-14', 'latest_version': '5', 'link': 'https://usegalaxy.eu/published/workflow?id=69eddfde874af35b', 'name': 'Metatranscriptomics analysis using microbiome RNA-seq data'}, {'create_time': '2025-11-28', 'latest_version': '3', 'link': 'https://usegalaxy.eu/published/workflow?id=7491883694fff308', 'name': 'Metagenomic Taxonomy Analysis '}, {'create_time': '2024-12-20', 'latest_version': '18', 'link': 'https://usegalaxy.eu/published/workflow?id=cb2df493f5e334f7', 'name': 'Metagenomic Taxonomy and Functional Analysis'}, {'create_time': '2023-06-30', 'latest_version': '16', 'link': 'https://usegalaxy.eu/published/workflow?id=05f5f040337786bf', 'name': ' pAllori ASiam Community Profile MT'}, {'create_time': '2025-03-29', 'latest_version': '8', 'link': 'https://usegalaxy.eu/published/workflow?id=39d36a7ce0ef268d', 'name': 'Taxonomic Profiling and Visualization of Metagenomic Data (Updated)'}, {'create_time': '2025-01-28', 'latest_version': '0', 'link': 'https://usegalaxy.eu/published/workflow?id=9472be79da012999', 'name': ""Workflow constructed from history 'Data Analysis Presentation'""}, {'create_time': '2025-01-24', 'latest_version': '0', 'link': 'https://usegalaxy.eu/published/workflow?id=87cc0cd143a12c41', 'name': 'metatranscriptomics and RNA-seq'}, {'create_time': '2025-01-22', 'latest_version': '7', 'link': 'https://usegalaxy.eu/published/workflow?id=5f0faac42b0a5062', 'name': 'metatranscriptomics and RNA-seq'}, {'create_time': '2024-11-21', 'latest_version': '1', 'link': 'https://usegalaxy.eu/published/workflow?id=b14845359b702444', 'name': 'Metagenomic_Workflow-Taxonomy_and_functional_analysis_with_alpha_diversity_mesure'}, {'create_time': '2024-08-11', 'latest_version': '0', 'link': 'https://usegalaxy.eu/published/workflow?id=79b4ae4403772098', 'name': 'Microbiome workflow'}, {'create_time': '2024-01-23', 'latest_version': '0', 'link': 'https://usegalaxy.eu/published/workflow?id=fdca6c9d394986bf', 'name': ""Workflow constructed from history 'metatranscriptomics and rna seq'""}, {'create_time': '2023-12-14', 'latest_version': '0', 'link': 'https://usegalaxy.eu/published/workflow?id=4f0daf8e9dd54127', 'name': 'Taxonomic Profiling and Visualization of Metagenomic Data'}, {'create_time': '2022-03-30', 'latest_version': '3', 'link': 'https://usegalaxy.eu/published/workflow?id=4f21205e71cabd37', 'name': '2.Community Profile'}, {'create_time': '2022-03-30', 'latest_version': '5', 'link': 'https://usegalaxy.eu/published/workflow?id=21a17d6c473a88c0', 'name': '6.merged_samples_functional_analysis'}, {'create_time': '2022-05-24', 'latest_version': '1', 'link': 'https://usegalaxy.eu/published/workflow?id=4d32b1b3ac0a7161', 'name': 'metatranscriptmoics'}, {'create_time': '2022-05-24', 'latest_version': '2', 'link': 'https://usegalaxy.eu/published/workflow?id=713a5485e2007f90', 'name': 'merged results'}, {'create_time': '2021-06-22', 'latest_version': '14', 'link': 'https://usegalaxy.eu/published/workflow?id=a8f829deb69b30ab', 'name': 'Taxonomic and functional community profiling of raw metagenomic shotgun data workflow'}, {'create_time': '2021-05-25', 'latest_version': '2', 'link': 'https://usegalaxy.eu/published/workflow?id=19de5cbae7f48103', 'name': 'Metatranscriptomcis-WF2: Community Profile'}, {'create_time': '2023-06-06', 'latest_version': '125', 'link': 'https://usegalaxy.org.au/published/workflow?id=6b7e565258a9da2a', 'name': 'analyses-of-shotgun-metagenomics-data-with-metaphlan-v2 '}]"	metaphlan	metaphlan	2021-03-11	iuc	https://github.com/galaxyproject/tools-iuc/tree/master/tools/metaphlan	30934	211	20021	6347	57513	31014	211	20021	6347	57593	https://github.com/galaxyproject/tools-iuc/tree/main/tools/metaphlan	1552	28	1122	314	3016	1552	28	1122	314	3016	4.2.4	Up-to-date	['Metagenomics']	['customize_metaphlan_database', 'extract_metaphlan_database', 'merge_metaphlan_tables', 'metaphlan']	['fasta', 'json', 'tabular', 'sam', 'biom1', 'fastqsanger']		metaphlan	Computational tool for profiling the composition of microbial communities from metagenomic shotgun sequencing data.	MetaPhlAn	False
metaquantome	quantitative analysis of microbiome taxonomy and function	['Principal component visualisation', 'Visualisation', 'Functional clustering', 'Query and retrieval', 'Differential protein expression analysis', 'Heat map generation', 'Quantification', 'Indexing', 'Filtering', 'Statistical inference']	['Principal component visualisation', 'Functional clustering', 'Query and retrieval', 'Heat map generation', 'Quantification', 'Indexing', 'Filtering', 'Statistical inference']	['Proteomics', 'Metatranscriptomics', 'Microbial ecology', 'Proteomics experiment', 'Metagenomics']	['Proteomics', 'Metatranscriptomics', 'Microbial ecology', 'Proteomics experiment', 'Metagenomics']	https://github.com/galaxyproteomics/metaquantome/	2.0.4	0	0	0	0	0	0	0	0	0	0	0	0	0	0	0	0	0	0	6	6	6	6	6	6	0	0	['https://training.galaxyproject.org/training-material/topics/proteomics/tutorials/metaquantome-function/tutorial.html', 'https://training.galaxyproject.org/training-material/topics/proteomics/tutorials/metaquantome-taxonomy/tutorial.html']	[{'create_time': '2025-06-02', 'latest_version': '1', 'link': 'https://workflowhub.eu/workflows/1459?version=1', 'name': 'metaquantome-taxonomy-workflow'}, {'create_time': '2025-06-02', 'latest_version': '1', 'link': 'https://workflowhub.eu/workflows/1453?version=1', 'name': 'metaquantome-function-worklow'}, {'create_time': '2024-11-21', 'latest_version': '3', 'link': 'https://usegalaxy.eu/published/workflow?id=e5a89ef7b5f1c1d9', 'name': 'metaquantome-function-worklow'}, {'create_time': '2023-12-14', 'latest_version': '0', 'link': 'https://usegalaxy.eu/published/workflow?id=695f7defb516d80d', 'name': 'metaquantome-taxonomy-workflow'}, {'create_time': '2023-12-14', 'latest_version': '0', 'link': 'https://usegalaxy.eu/published/workflow?id=4c364c6be27981ba', 'name': 'metaquantome-function-worklow'}, {'create_time': '2021-11-09', 'latest_version': '2', 'link': 'https://usegalaxy.eu/published/workflow?id=ce7f7c6eef526d67', 'name': 'metaquantome-taxonomy-workflow'}, {'create_time': '2021-11-09', 'latest_version': '4', 'link': 'https://usegalaxy.eu/published/workflow?id=dc438d4ae1866df8', 'name': 'metaquantome-function-worklow'}, {'create_time': '2021-03-19', 'latest_version': '0', 'link': 'https://usegalaxy.org.au/published/workflow?id=f8183bba3a1d150d', 'name': 'metaquantome-taxonomy-workflow'}, {'create_time': '2021-03-19', 'latest_version': '0', 'link': 'https://usegalaxy.org.au/published/workflow?id=cada735fa0716570', 'name': 'metaquantome-function-worklow'}]	metaquantome	metaquantome	2018-11-27	galaxyp	https://github.com/galaxyproteomics/tools-galaxyp/tree/master/tools/metaquantome	2277	0	0	2323	4600	3166	0	0	2323	5489	https://github.com/galaxyproteomics/tools-galaxyp/tree/master/tools/metaquantome	80	0	0	27	107	89	0	0	27	116	2.0.4	Up-to-date	['Proteomics']	['metaquantome_db', 'metaquantome_expand', 'metaquantome_filter', 'metaquantome_sample', 'metaquantome_stat', 'metaquantome_viz']	['tar', 'tabular', 'html']		metaQuantome	metaQuantome software suite analyzes the state of a microbiome by leveraging complex taxonomic and functional hierarchies to summarize peptide-level quantitative information. metaQuantome offers differential abundance analysis, principal components analysis, and clustered heat map visualizations, as well as exploratory analysis for a single sample or experimental condition.	metaQuantome	False
metawrapmg_binning	A flexible pipeline for genome-resolved metagenomic data analysis	['Read binning', 'Sequence assembly', 'Genome annotation', 'Sequence trimming', 'Demultiplexing']	['Read binning', 'Sequence assembly', 'Genome annotation', 'Sequence trimming', 'Demultiplexing']	['Whole genome sequencing', 'Metagenomic sequencing', 'Metagenomics']	['Whole genome sequencing', 'Metagenomic sequencing', 'Metagenomics']	https://github.com/bxlab/metaWRAP	1.3.0	0	0	0	0	0	0	0	2	0	0	0	0	0	0	0	0	0	0	0	0	2	2	0	2	0	0	[]	[]	metawrapmg_binning	metawrap-mg	2024-04-12	galaxy-australia	https://github.com/galaxyproject/tools-iuc/tree/master/tools/metawrapmg	1596	0	0	587	2183	1596	0	0	587	2183	https://github.com/galaxyproject/tools-iuc/tree/main/tools/metawrapmg	100	0	0	67	167	100	0	0	67	167	1.3.0	Up-to-date	['Metagenomics']	['metawrapmg_binning', 'metawrapmg_bin_refinement']	[]		metawrap	MetaWRAP aims to be an easy-to-use metagenomic wrapper suite that accomplishes the core tasks of metagenomic analysis from start to finish: read quality control, assembly, visualization, taxonomic profiling, extracting draft genomes (binning), and functional annotation.	MetaWRAP	False
mg_toolkit	Metagenomics toolkit enables scientists to download all of the sample metadata for a given study or sequence to a single csv file.	['Data retrieval']	['Data retrieval']	['Metagenomics']	['Metagenomics']	https://github.com/EBI-Metagenomics/emg-toolkit	0.10.4	0	0	0	0	0	0	0	0	0	0	0	0	0	0	0	0	0	0	0	0	2	0	0	0	0	0	[]	[]	mg_toolkit	mg-toolkit	2024-07-12	iuc	https://github.com/galaxyproject/tools-iuc/tree/master/tools/mg_toolkit	21	0	0	0	21	21	0	0	0	21	https://github.com/galaxyproject/tools-iuc/tree/main/tools/mg_toolkit	10	0	0	0	10	10	0	0	0	10	0.10.4	Up-to-date	['Metagenomics']	['mg_toolkit_bulk_download', 'mg_toolkit_original_metadata']	['tsv']		mg-toolkit	Metagenomics toolkit enables scientists to download all of the sample metadata for a given study or sequence to a single csv file.	mg-toolkit	False
micro_decon	An R package for removing contamination from metabarcoding (e.g., microbiome) datasets post-sequencing	[]	[]	[]	[]	https://github.com/donaldtmcknight/microdecon		0	0	0	0	0	0	0	0	0	0	0	0	0	0	0	0	0	0	0	0	1	0	0	0	0	0	[]	[]	micro_decon		2025-08-05	iuc	https://github.com/galaxyproject/tools-iuc/tree/master/tools/micro_decon	0	0	0	0	0	0	0	0	0	0	https://github.com/galaxyproject/tools-iuc/tree/main/tools/micro_decon	0	0	0	0	0	0	0	0	0	0	1.0.2	To update	['Metagenomics']	['micro_decon']	['csv']					False
mmseqs2	MMseqs2 is an ultra fast and sensitive sequence search and clustering suite	['Sequence similarity search', 'Sequence alignment', 'Sequence clustering', 'Taxonomic classification']	['Sequence similarity search', 'Sequence alignment', 'Sequence clustering', 'Taxonomic classification']	['Metagenomics', 'Sequence analysis', 'Nucleic acids', 'Gene and protein families', 'Taxonomy']	['Metagenomics', 'Sequence analysis', 'Proteins', 'Nucleic acids', 'Gene and protein families', 'Taxonomy']	https://github.com/soedinglab/MMseqs2	17.b804f	0	0	0	0	0	0	0	0	0	0	0	0	0	0	0	0	0	0	0	2	7	2	0	0	2	0	[]	[{'create_time': '2026-02-25', 'latest_version': '4', 'link': 'https://workflowhub.eu/workflows/2024?version=4', 'name': 'metagenomic-genes-catalogue/main'}, {'create_time': '2025-11-25', 'latest_version': '77', 'link': 'https://usegalaxy.eu/published/workflow?id=62392daea25a3980', 'name': 'Virus detection and analysis'}]	mmseqs2	mmseqs2	2025-03-27	iuc	https://github.com/galaxyproject/tools-iuc/tree/master/tools/mmseqs2	260	29	0	0	289	260	29	0	0	289	https://github.com/galaxyproject/tools-iuc/tree/main/tools/mmseqs2	42	3	0	0	45	42	3	0	0	45	17-b804f	To update	['Sequence Analysis', 'Metagenomics']	['mmseqs2_easy_cluster', 'mmseqs2_easy_linclust_clustering', 'mmseqs2_easy_linsearch', 'mmseqs2_easy_rbh', 'mmseqs2_easy_search', 'mmseqs2_easy_taxonomy', 'mmseqs2_taxonomy_assignment']	['tabular', 'txt', 'html']		MMseqs2	MMseqs2 (Many-against-Many sequence searching) is a software suite to search and cluster huge protein and nucleotide sequence sets. MMseqs2 is open source software implemented in C++ for Linux, MacOS, and (as beta version, via cygwin) Windows. The software is designed to run on multiple cores and servers and exhibits very good scalability. MMseqs2 can run 10000 times faster than BLAST. At 100 times its speed it achieves almost the same sensitivity. It can perform profile searches with the same sensitivity as PSI-BLAST at over 400 times its speed.MMseqs2 includes Linclust, the first clustering algorithm whose runtime scales linearly With Linclust we clustered 1.6 billion metagenomic sequence fragments in 10 h on a single server to 50% sequence identity.	MMseqs2	False
mmuphin	MMUPHin is an R package implementing meta-analysis methods for microbial community profiles	[]	[]	[]	[]	https://huttenhower.sph.harvard.edu/mmuphin	1.16.0	0	0	0	0	0	0	0	0	0	0	0	0	0	0	0	0	0	0	0	0	1	0	0	0	0	0	[]	[{'create_time': '2023-06-30', 'latest_version': '193', 'link': 'https://usegalaxy.eu/published/workflow?id=466bdd8ba7b67264', 'name': 'pAllori Amplicon 16S Pre-Processing and Taxonomy Classification'}]	mmuphin	bioconductor-mmuphin	2024-11-22	iuc	https://github.com/galaxyproject/tools-iuc/tree/master/tools/mmuphin	14	0	0	0	14	14	0	0	0	14	https://github.com/galaxyproject/tools-iuc/tree/main/tools/mmuphin	3	0	0	0	3	3	0	0	0	3	1.16.0	Up-to-date	['Metagenomics']	['mmuphin']	['tabular', 'pdf']		mmuphin	MMUPHin is an R package for meta-analysis tasks of microbiome cohorts. It has function interfaces for: a) covariate-controlled batch- and cohort effect adjustment, b) meta-analysis differential abundance testing, c) meta-analysis unsupervised discrete structure (clustering) discovery, and d) meta-analysis unsupervised continuous structure discovery.	mmuphin	False
mob_suite	MOB-suite is a set of software tools for clustering, reconstruction and typing of plasmids from draft assemblies	['Clustering', 'Sequence analysis']	['Clustering', 'Sequence analysis']	['Metagenomics', 'Sequence assembly', 'Genotype and phenotype', 'Mobile genetic elements']	['Metagenomics', 'Sequence assembly', 'Genotype and phenotype', 'Mobile genetic elements', 'Genomics']	https://github.com/phac-nml/mob-suite	3.1.9	0	0	0	0	0	0	0	2	0	0	0	0	0	0	0	0	0	0	0	2	2	2	0	2	0	0	[]	[{'create_time': '2022-11-24', 'latest_version': '1', 'link': 'https://workflowhub.eu/workflows/407?version=1', 'name': 'Workflow 3: AMR - SeqSero2/SISTR'}, {'create_time': '2026-04-10', 'latest_version': '57', 'link': 'https://usegalaxy.eu/published/workflow?id=d0339e4a794f4922', 'name': 'Unnamed Workflow'}, {'create_time': '2026-02-27', 'latest_version': '5', 'link': 'https://usegalaxy.eu/published/workflow?id=2c992e509aa5dd9d', 'name': 'Hybrid-Assembly'}]	mob_suite	mob_suite	2018-04-30	nml	https://github.com/phac-nml/galaxy_tools/tree/master/tools/mob_suite	162457	58	42	66525	229082	162457	58	42	66525	229082	https://github.com/phac-nml/galaxy_tools/tree/master/tools/mob-suite	620	12	1	199	832	620	12	1	199	832	3.1.9	Up-to-date	['Sequence Analysis']	['mob_recon', 'mob_typer']	['tabular', 'fasta']		mob_suite	MOB-suite: Software tools for clustering, reconstruction and typing of plasmids from draft assembliesThe MOB-suite depends on a series of databases which are too large to be hosted in git-hub. They can be downloaded or updated by running mob_init or if running any of the tools for the first time, the databases will download and initialize automatically if you do not specify an alternate database location.	mob_suite	False
motus	Tool for profiling the abundance of microbial taxa.	['Taxonomic classification']	['Taxonomic classification']	['Metagenomics']	['Metagenomics']	https://github.com/motu-tool/mOTUs	4.0.4	0	0	0	0	0	0	0	0	0	0	0	0	0	0	0	0	0	0	0	0	3	3	0	0	0	0	[]	[]	motus	motus	2024-09-06	bgruening	https://github.com/bgruening/galaxytools/tree/master/tools/motus	377	0	0	0	377	377	0	0	0	377	https://github.com/bgruening/galaxytools/tree/master/tools/motus	40	0	0	0	40	40	0	0	0	40	3.1.0	To update	['Metagenomics']	['motus_map_snv', 'mereg_mOTUs_tables', 'motus_profiler']	['bam', 'txt', 'biom1']		mOTUs	Metagenomic operational taxonomic units (mOTUs) enable high-accuracy taxonomic profiling of known (sequenced) and unknown microorganisms at species-level resolution from shotgun metagenomic or metatranscriptomic data. The method clusters single-copy phylogenetic marker gene sequences from metagenomes and reference genomes into mOTUs to quantify their abundances in meta-omics data with very high precision and recall.	Metagenomic operational taxonomic units (mOTUs)	False
mqc	Ribosome profiling mapping quality control tool	[]	[]	[]	[]	https://github.com/Biobix/mQC	1.10	0	0	0	0	0	0	0	0	0	0	0	0	0	0	0	0	0	0	0	1	1	0	1	0	0	0	[]	[]	mqc	mqc	2017-08-11	rnateam	https://github.com/bgruening/galaxytools/tree/master/tools/rna_tools/mqc	45	0	0	0	45	81	0	0	0	81	https://github.com/bgruening/galaxytools/tree/master/tools/rna_tools/mqc/	8	0	0	0	8	11	0	0	0	11	1.9	To update	['Sequence Analysis']	['mqc']	['html']					False
mt2mq	Tool to prepare metatranscriptomic outputs from ASaiM for Metaquantome	[]	[]	[]	[]			0	0	0	0	0	0	0	0	0	0	0	0	0	0	0	0	0	0	0	1	1	0	1	0	0	0	[]	[]	mt2mq	r-tidyverse	2020-06-23	galaxyp	https://github.com/galaxyproteomics/tools-galaxyp/tree/master/tools/mt2mq	258	0	0	0	258	286	0	0	0	286		39	0	0	0	39	43	0	0	0	43	1.1.0	To update	['Proteomics']	['mt2mq']	['tabular']					False
mykrobe	Antibiotic resistance predictions	['Antimicrobial resistance prediction', 'Variant calling', 'Genotyping', 'Sequence trimming']	['Antimicrobial resistance prediction', 'Variant calling', 'Genotyping', 'Sequence trimming']	['Whole genome sequencing', 'Genotype and phenotype', 'Probes and primers', 'Genetic variation', 'Metagenomics']	['Whole genome sequencing', 'Genotype and phenotype', 'Probes and primers', 'Genetic variation', 'Metagenomics']	https://github.com/Mykrobe-tools/mykrobe	0.13.0	0	0	0	0	0	0	0	1	0	0	0	0	0	0	0	0	0	0	0	0	1	0	0	0	0	0	[]	[]	mykrobe	mykrobe	2017-12-18	iuc	https://github.com/galaxyproject/tools-iuc/tree/master/tools/mykrobe	0	0	0	0	0	0	0	0	0	0	https://github.com/galaxyproject/tools-iuc/tree/main/tools/mykrobe	0	0	0	0	0	0	0	0	0	0	0.10.0	To update	['Sequence Analysis']	['mykrobe_predict']	['csv']		Mykrobe	Antibiotic resistance prediction for Mycobacterium tuberculosis from genome sequence data with Mykrobe.Antibiotic resistance prediction in minutes.Table of Contents generated with DocToc.AMR prediction (Mykrobe predictor).Before attempting to install with bioconda, please ensure you have your channels set up as specified in the documentation. If you don't, you may run into issues with an older version of mykrobe being installed	Mykrobe	False
nonpareil	Estimate average coverage in metagenomic datasets	['Operation']	['Operation']	[]	[]	http://nonpareil.readthedocs.io	3.5.5	0	0	0	0	0	1	0	1	0	0	0	0	0	0	0	0	0	0	1	1	1	1	1	0	1	0	[]	[]	nonpareil	nonpareil	2017-11-03	iuc	https://github.com/galaxyproject/tools-iuc/tree/master/tools/nonpareil	105	0	122	0	227	195	0	168	0	363	https://github.com/galaxyproject/tools-iuc/tree/main/tools/nonpareil	16	0	23	0	39	19	0	26	0	45	3.5.5	Up-to-date	['Metagenomics']	['nonpareil']	['tabular', 'txt', 'json']		nonpareil	Estimate metagenomic coverage and sequence diversity	nonpareil	False
p_chunks	Annotates plasmids	[]	[]	[]	[]	https://github.com/gregvonkuster/galaxy_tools	2.17.0	0	0	0	0	0	0	0	0	0	0	0	0	0	0	0	0	0	0	0	0	0	0	0	0	0	0	[]	[]	p_chunks	blast	2023-01-26	greg	https://github.com/gregvonkuster/galaxy_tools/tree/master/tools/pima/p_chunks	0	0	0	0	0	0	0	0	0	0	https://github.com/gregvonkuster/galaxy_tools/tree/master/tools/pima/p_chunks	0	0	0	0	0	0	0	0	0	0	1.0.0	To update	['Sequence Analysis']	['p_chunks']	['tsv']					False
phabox	Identify and analyze phage contigs in metagenomic data	['Sequence assembly', 'Taxonomic classification', 'Visualisation']	['Sequence assembly', 'Taxonomic classification', 'Visualisation']	['Metagenomics', 'Microbial ecology', 'Sequence assembly', 'Taxonomy']	['Metagenomics', 'Microbial ecology', 'Sequence assembly', 'Taxonomy']	https://github.com/KennthShang/PhaBOX	2.1.13	0	0	0	0	0	0	0	0	0	0	0	0	0	0	0	0	0	0	0	0	0	0	0	0	0	0	[]	[]	phabox	phabox	2024-11-12	ufz	https://github.com/Helmholtz-UFZ/galaxy-tools/tree/master/tools/phabox	0	0	0	0	0	0	0	0	0	0	https://github.com/Helmholtz-UFZ/ufz-galaxy-tools/blob/main/tools/phabox	0	0	0	0	0	0	0	0	0	0	2.1.11	To update	['Metagenomics']	['phabox_cherry', 'phabox_contamination', 'phabox_end_to_end', 'phabox_phagcn', 'phabox_phamer', 'phabox_phatyp', 'phabox_phavip', 'phabox_tree', 'phabox_votu']	['tabular']		phabox	Web server for identifying and characterizing phage contigs in metagenomic data.	PhaBOX	False
pharokka	rapid standardised annotation tool for bacteriophage genomes and metagenomes	['Genome annotation', 'Antimicrobial resistance prediction', 'tRNA gene prediction', 'Formatting', 'Sequence assembly']	['Genome annotation', 'Antimicrobial resistance prediction', 'tRNA gene prediction', 'Formatting', 'Sequence assembly']	['Metagenomics', 'Sequence sites, features and motifs', 'Workflows', 'Functional, regulatory and non-coding RNA']	['Metagenomics', 'Sequence sites, features and motifs', 'Workflows', 'Functional, regulatory and non-coding RNA']	https://github.com/gbouras13/pharokka		0	0	0	0	0	0	0	1	0	0	0	0	0	0	0	0	0	0	0	1	1	1	0	1	0	0	[]	[{'create_time': '2025-11-28', 'latest_version': '5', 'link': 'https://usegalaxy.eu/published/workflow?id=46ef864fe9468894', 'name': 'Prophage phylogenetics'}, {'create_time': '2025-11-25', 'latest_version': '77', 'link': 'https://usegalaxy.eu/published/workflow?id=62392daea25a3980', 'name': 'Virus detection and analysis'}]	pharokka	"
                pharokka
            "	2023-02-14	iuc	https://github.com/galaxyproject/tools-iuc/tree/master/tools/pharokka	16933	0	21	1202	18156	16933	0	21	1202	18156	https://github.com/galaxyproject/tools-iuc/tree/main/tools/pharokka	766	0	1	117	884	766	0	1	117	884	1.3.2	To update	['Genome annotation']	['pharokka']	['genbank', 'gff', 'zip']		pharokka	Pharokka is a rapid standardised annotation tool for bacteriophage genomes and metagenomes.	Pharokka	False
phyloseq	Handling and analysis of high-throughput microbiome census data	['Deposition', 'Analysis', 'Visualisation']	['Deposition', 'Analysis', 'Visualisation']	['Microbiology', 'Sequence analysis', 'Metagenomics']	['Microbiology', 'Sequence analysis', 'Metagenomics']	https://www.bioconductor.org/packages/release/bioc/html/phyloseq.html	1.54.0	0	0	0	0	0	4	0	0	0	0	0	0	0	0	0	0	0	0	1	3	7	6	3	1	4	0	['https://training.galaxyproject.org/training-material/topics/microbiome/tutorials/dada-16S/tutorial.html']	[{'create_time': '2025-07-07', 'latest_version': '2', 'link': 'https://workflowhub.eu/workflows/1395?version=2', 'name': 'Building an amplicon sequence variant (ASV) table from 16S data using DADA2'}, {'create_time': '2023-06-30', 'latest_version': '193', 'link': 'https://usegalaxy.eu/published/workflow?id=466bdd8ba7b67264', 'name': 'pAllori Amplicon 16S Pre-Processing and Taxonomy Classification'}, {'create_time': '2025-05-04', 'latest_version': '7', 'link': 'https://usegalaxy.eu/published/workflow?id=e3918808605cf8cd', 'name': 'khóa microbiome'}, {'create_time': '2024-07-19', 'latest_version': '0', 'link': 'https://usegalaxy.org/published/workflow?id=4faff660f6defa10', 'name': 'Building an amplicon sequence variant (ASV) table from 16S data using DADA2'}]	phyloseq	bioconductor-phyloseq	2022-03-03	iuc	https://github.com/galaxyproject/tools-iuc/tree/master/tools/phyloseq	3161	163	1022	190	4536	3161	163	1022	190	4536	https://github.com/galaxyproject/tools-iuc/tree/main/tools/phyloseq	251	14	156	35	456	251	14	156	35	456	1.54.0	Up-to-date	['Metagenomics']	['phyloseq_add_rank_names', 'phyloseq_from_biom', 'phyloseq_from_dada2', 'phyloseq_plot_bar', 'phyloseq_plot_ordination', 'phyloseq_plot_richness', 'phyloseq_tax_glom']	['phyloseq', 'pdf', 'tabular']		phyloseq	Provides a set of classes and tools to facilitate the import, storage, analysis, and graphical display of microbiome census data.	phyloseq	False
picrust	PICRUSt wrappers	['Phylogenetic reconstruction', 'Expression analysis', 'Genome annotation', 'DNA barcoding']	['Phylogenetic reconstruction', 'Expression analysis', 'Genome annotation', 'DNA barcoding']	['Metagenomics', 'Microbial ecology', 'Functional, regulatory and non-coding RNA', 'Metagenomic sequencing']	['Metagenomics', 'Microbial ecology', 'Functional, regulatory and non-coding RNA', 'Metagenomic sequencing']	https://picrust.github.io/picrust/	1.1.4	0	0	0	0	0	6	0	0	0	0	0	0	0	0	0	0	0	0	0	5	6	6	5	6	0	0	[]	[]	picrust	picrust	2016-11-08	iuc	https://github.com/galaxyproject/tools-iuc/tree/master/tools/picrust	562	442	0	2348	3352	1142	442	0	2626	4210	https://github.com/galaxyproject/tools-iuc/tree/main/tools/picrust	44	20	0	38	102	63	20	0	41	124	1.1.1	To update	['Metagenomics']	['picrust_categorize', 'picrust_compare_biom', 'picrust_format_tree_and_trait_table', 'picrust_metagenome_contributions', 'picrust_normalize_by_copy_number', 'picrust_predict_metagenomes']	['tabular', 'nhx']		picrust	PICRUSt (Phylogenetic Investigation of Communities by Reconstruction of Unobserved States) is a bioinformatics software package designed to predict metagenome functional content from marker gene (e.g., 16S rRNA) surveys and full genomes.	PICRUSt	False
picrust2	PICRUSt2: Phylogenetic Investigation of Communities by Reconstruction of Unobserved States	['Phylogenetic reconstruction', 'Expression analysis', 'Rarefaction', 'Pathway analysis']	['Phylogenetic reconstruction', 'Expression analysis', 'Rarefaction', 'Pathway analysis']	['Metagenomics', 'Microbiology', 'Phylogenetics', 'Metagenomic sequencing']	['Metagenomics', 'Microbiology', 'Phylogenetics', 'Metagenomic sequencing']	https://github.com/picrust/picrust2/wiki	2.6.3	0	0	0	0	0	0	0	0	0	0	0	0	0	0	0	0	0	0	0	7	7	0	0	7	0	0	[]	"[{'create_time': '2024-09-24', 'latest_version': '8', 'link': 'https://usegalaxy.eu/published/workflow?id=be9ff4159593cc34', 'name': ""history 'qiime2 hackathon'""}]"	picrust2	picrust2	2021-07-09	iuc	https://github.com/galaxyproject/tools-iuc/tree/master/tools/picrust2	6432	0	1	2888	9321	6432	0	1	2888	9321	https://github.com/galaxyproject/tools-iuc/tree/main/tools/picrust2	327	0	1	64	392	327	0	1	64	392	2.5.3	To update	['Metagenomics']	['picrust2_add_descriptions', 'picrust2_hsp', 'picrust2_metagenome_pipeline', 'picrust2_pathway_pipeline', 'picrust2_pipeline', 'picrust2_place_seqs', 'picrust2_shuffle_predictions']	['tabular']		picrust2	PICRUSt2 (Phylogenetic Investigation of Communities by Reconstruction of Unobserved States) is a software for predicting functional abundances based only on marker gene sequences.	PICRUSt2	False
pimento	A PrIMEr infereNce TOolkit to facilitate large-scale calling of metabarcoding amplicon sequence variants.	[]	[]	[]	[]	https://github.com/EBI-Metagenomics/PIMENTO	1.0.3	0	0	0	0	0	0	0	0	0	0	0	0	0	0	0	0	0	0	0	0	6	0	0	0	0	0	[]	[]	pimento	mi-pimento	2025-08-04	iuc	https://github.com/galaxyproject/tools-iuc/tree/master/tools/pimento	2	0	0	0	2	2	0	0	0	2	https://github.com/galaxyproject/tools-iuc/tree/main/tools/pimento	1	0	0	0	1	1	0	0	0	1	1.0.3	Up-to-date	['Metagenomics']	['pimento_are_there_primers', 'pimento_auto', 'pimento_choose_primer_cutoff', 'pimento_find_cutoffs', 'pimento_gen_bcv', 'pimento_std']	['txt', 'fasta', 'tsv']					False
plasclass	PlasClass is a tool to classify sequences of plasmid or chromosomal origin	['Sequence classification', 'Sequence assembly', 'k-mer counting']	['Sequence classification', 'Sequence assembly', 'k-mer counting']	['Metagenomics', 'Sequence assembly', 'DNA', 'Metagenomic sequencing']	['Metagenomics', 'Sequence assembly', 'DNA', 'Metagenomic sequencing']	https://github.com/Shamir-Lab/PlasClass	0.1.1	0	0	0	0	0	0	0	0	0	0	0	0	0	0	0	0	0	0	0	0	1	0	0	0	0	0	[]	[{'create_time': '2026-04-10', 'latest_version': '57', 'link': 'https://usegalaxy.eu/published/workflow?id=d0339e4a794f4922', 'name': 'Unnamed Workflow'}]	plasclass	plasclass	2025-07-31	iuc	https://github.com/galaxyproject/tools-iuc/tree/master/tools/plasclass	0	0	0	0	0	0	0	0	0	0	https://github.com/galaxyproject/tools-iuc/tree/main/tools/plasclass	0	0	0	0	0	0	0	0	0	0	@TOOL_VERSION@+galaxy@VERSION_SUFFIX@	To update	['Sequence Analysis']	['plasclass']	['tabular']		PlasClass	PlasClass is a tool for easy classification of sequences as either plasmid or chromosomal. For example, it can be used to classify the contigs in a (metagenomic) assembly.	PlasClass	False
plasflow	PlasFlow - Prediction of plasmid sequences in metagenomic contigs.	['Sequence analysis']	['Sequence analysis']	['Metagenomics', 'Sequence assembly', 'Mobile genetic elements', 'Machine learning']	['Metagenomics', 'Sequence assembly', 'Mobile genetic elements', 'Machine learning']	https://github.com/smaegol/PlasFlow	1.1.0	0	0	0	0	0	1	0	1	0	0	0	0	0	0	0	0	0	0	1	1	1	1	1	1	1	0	['https://training.galaxyproject.org/training-material/topics/microbiome/tutorials/plasmid-metagenomics-nanopore/tutorial.html']	"[{'create_time': '2025-06-02', 'latest_version': '1', 'link': 'https://workflowhub.eu/workflows/1477?version=1', 'name': 'Copy Of GTN Training - Antibiotic Resistance Detection'}, {'create_time': '2022-11-24', 'latest_version': '1', 'link': 'https://workflowhub.eu/workflows/406?version=1', 'name': 'GTN Training - Antibiotic Resistance Detection'}, {'create_time': '2025-02-25', 'latest_version': '0', 'link': 'https://usegalaxy.eu/published/workflow?id=9219557de92e0203', 'name': 'Workflow Create pipeline'}, {'create_time': '2023-12-14', 'latest_version': '0', 'link': 'https://usegalaxy.eu/published/workflow?id=44e53ea319e07daa', 'name': 'Copy Of GTN Training - Antibiotic Resistance Detection'}, {'create_time': '2023-12-14', 'latest_version': '0', 'link': 'https://usegalaxy.eu/published/workflow?id=152223c8aed27357', 'name': 'Flye-AMR workflow EMC/WMDI - v3.5  (imported from URL)'}, {'create_time': '2022-11-18', 'latest_version': '7', 'link': 'https://usegalaxy.eu/published/workflow?id=3081569659a45b9e', 'name': 'Metagenome Antibiotic Resistance Genes on Assemblies'}, {'create_time': '2021-08-21', 'latest_version': '0', 'link': 'https://usegalaxy.eu/published/workflow?id=c48807045e258dd8', 'name': ""Workflow constructed from history 'ojonugwa sub team Metagenomics A'""}, {'create_time': '2021-08-21', 'latest_version': '0', 'link': 'https://usegalaxy.eu/published/workflow?id=39837ca09374598b', 'name': ""Workflow constructed from history 'Premnath sub team Metagenomics A'""}, {'create_time': '2021-08-21', 'latest_version': '0', 'link': 'https://usegalaxy.eu/published/workflow?id=249c115413f17f28', 'name': ""Workflow constructed from history 'Isha sub group Team Metagenomics A'""}, {'create_time': '2021-08-20', 'latest_version': '1', 'link': 'https://usegalaxy.eu/published/workflow?id=dc7107896a3f2964', 'name': ""Workflow constructed from history 'Rishikesh sub team' Team Metagenomics A""}, {'create_time': '2020-05-22', 'latest_version': '3', 'link': 'https://usegalaxy.eu/published/workflow?id=b4de76c0a4d0e23a', 'name': 'Nanopore v1.1 / Minimap2, Miniasm, Racon'}, {'create_time': '2019-10-22', 'latest_version': '1', 'link': 'https://usegalaxy.eu/published/workflow?id=32d2f5340098bcbd', 'name': 'ONT -- Long-Read-Assembly'}, {'create_time': '2021-01-04', 'latest_version': '12', 'link': 'https://usegalaxy.org/published/workflow?id=33d90e718ce500ef', 'name': 'metagenomics'}, {'create_time': '2024-02-02', 'latest_version': '0', 'link': 'https://usegalaxy.org.au/published/workflow?id=d9571b3dfef34e5e', 'name': ' Procedimiento de detección de resistencia a antibióticos'}]"	plasflow	plasflow	2018-09-05	iuc	https://github.com/galaxyproject/tools-iuc/tree/master/tools/plasflow	55069	0	7929	3496	66494	56639	0	8195	3496	68330	https://github.com/galaxyproject/tools-iuc/tree/main/tools/plasflow	876	0	757	87	1720	1004	0	797	87	1888	@TOOL_VERSION@+galaxy@VERSION_SUFFIX@	To update	['Sequence Analysis']	['PlasFlow']	['tabular', 'fasta']		plasflow	PlasFlow is a set of scripts used for prediction of plasmid sequences in metagenomic contigs.	PlasFlow	False
plasmid_profiler	Explores plasmid content in WGS data	[]	[]	[]	[]			0	0	0	0	0	0	0	0	0	0	0	0	0	0	0	0	0	0	0	0	0	0	0	0	0	0	[]	[]	plasmid_profiler	r	2016-11-07	nml	https://github.com/phac-nml/galaxy_tools/tree/master/tools/plasmid_profiler	0	0	0	0	0	0	0	0	0	0		0	0	0	0	0	0	0	0	0	0	0.1.6	To update	[]	['plasmid_profiler']	['png', 'html', 'csv']					False
plasmidfinder	Identify plasmids in total or partial sequenced isolates of bacteria.	['Genome assembly', 'Scaffolding', 'Multilocus sequence typing']	['Genome assembly', 'Scaffolding', 'Multilocus sequence typing']	['Whole genome sequencing', 'Sequence assembly', 'Mapping', 'Probes and primers']	['Whole genome sequencing', 'Sequence assembly', 'Mapping', 'Probes and primers']	https://bitbucket.org/genomicepidemiology/plasmidfinder/src/master/	2.1.6	0	0	0	0	0	1	0	1	0	0	0	0	0	0	0	0	0	0	1	1	1	1	0	1	1	0	['https://training.galaxyproject.org/training-material/topics/genome-annotation/tutorials/bacterial-genome-annotation/tutorial.html']	"[{'create_time': '2025-06-02', 'latest_version': '1', 'link': 'https://workflowhub.eu/workflows/1513?version=1', 'name': 'Bacterial Genome Annotation'}, {'create_time': '2025-12-06', 'latest_version': '13', 'link': 'https://workflowhub.eu/workflows/1050?version=13', 'name': 'bacterial_genome_annotation/main'}, {'create_time': '2024-01-25', 'latest_version': '6', 'link': 'https://usegalaxy.fr/published/workflow?id=7964ddc68853458f', 'name': 'Bacterial genome annotation'}, {'create_time': '2026-04-30', 'latest_version': '0', 'link': 'https://usegalaxy.eu/published/workflow?id=ffd365c037373673', 'name': ""Workflow constructed from history 'BPC(EXCEPT Bpseudomallei)'""}, {'create_time': '2026-04-10', 'latest_version': '57', 'link': 'https://usegalaxy.eu/published/workflow?id=d0339e4a794f4922', 'name': 'Unnamed Workflow'}, {'create_time': '2026-03-23', 'latest_version': '4', 'link': 'https://usegalaxy.eu/published/workflow?id=2a1dc58e51d5f01a', 'name': 'Matériels et Méthodes TP OMICS Delafont'}, {'create_time': '2025-12-11', 'latest_version': '1', 'link': 'https://usegalaxy.eu/published/workflow?id=1306ed083d91a852', 'name': 'Bacterial Genome Annotation (release v1.2.0)'}, {'create_time': '2025-07-31', 'latest_version': '1', 'link': 'https://usegalaxy.eu/published/workflow?id=fd63b9884fda75b6', 'name': 'bacterial_genome_annotation (release v1.1.11)'}, {'create_time': '2025-07-17', 'latest_version': '1', 'link': 'https://usegalaxy.eu/published/workflow?id=2c1a6da84d891cf2', 'name': 'bacterial_genome_annotation (release v1.1.10)'}, {'create_time': '2025-06-19', 'latest_version': '1', 'link': 'https://usegalaxy.eu/published/workflow?id=b1afc8d1e81fc904', 'name': 'bacterial_genome_annotation (release v1.1.9)'}, {'create_time': '2024-09-19', 'latest_version': '1', 'link': 'https://usegalaxy.eu/published/workflow?id=4a218fb93d78ba67', 'name': 'bacterial_genome_annotation (release v1.1.3)'}, {'create_time': '2024-09-19', 'latest_version': '1', 'link': 'https://usegalaxy.eu/published/workflow?id=bcd50e655809cfcb', 'name': 'bacterial_genome_annotation (release v1.1.2)'}, {'create_time': '2024-09-19', 'latest_version': '1', 'link': 'https://usegalaxy.eu/published/workflow?id=36ea584e0f60893e', 'name': 'bacterial_genome_annotation (release v1.1.1)'}, {'create_time': '2024-09-19', 'latest_version': '1', 'link': 'https://usegalaxy.eu/published/workflow?id=8792eaecb69fbc26', 'name': 'bacterial_genome_annotation (release v1.1)'}, {'create_time': '2024-09-19', 'latest_version': '1', 'link': 'https://usegalaxy.eu/published/workflow?id=61948fcaefa1418a', 'name': 'bacterial_genome_annotation (release v1.0)'}, {'create_time': '2024-09-26', 'latest_version': '1', 'link': 'https://usegalaxy.eu/published/workflow?id=d8db0b2e30370b84', 'name': 'bacterial_genome_annotation (release v1.1.4)'}, {'create_time': '2024-10-17', 'latest_version': '1', 'link': 'https://usegalaxy.eu/published/workflow?id=a18aed4b03ffd27e', 'name': 'bacterial_genome_annotation (release v1.1.6)'}, {'create_time': '2024-10-17', 'latest_version': '1', 'link': 'https://usegalaxy.eu/published/workflow?id=dfb8e0f3c534000e', 'name': 'bacterial_genome_annotation (release v1.1.5)'}, {'create_time': '2024-10-31', 'latest_version': '1', 'link': 'https://usegalaxy.eu/published/workflow?id=6b69ab27c565257b', 'name': 'bacterial_genome_annotation (release v1.1.7)'}, {'create_time': '2024-01-25', 'latest_version': '3', 'link': 'https://usegalaxy.eu/published/workflow?id=3f5fe28793ed0c6c', 'name': 'Bacterial genome annotation (imported from uploaded file)'}, {'create_time': '2025-12-11', 'latest_version': '1', 'link': 'https://usegalaxy.org/published/workflow?id=67ca17ab34b10772', 'name': 'Bacterial Genome Annotation (release v1.2.0)'}, {'create_time': '2025-07-31', 'latest_version': '1', 'link': 'https://usegalaxy.org/published/workflow?id=49da012e2839c046', 'name': 'bacterial_genome_annotation (release v1.1.11)'}, {'create_time': '2025-07-17', 'latest_version': '1', 'link': 'https://usegalaxy.org/published/workflow?id=649cdc14757e5755', 'name': 'bacterial_genome_annotation (release v1.1.10)'}, {'create_time': '2025-06-19', 'latest_version': '1', 'link': 'https://usegalaxy.org/published/workflow?id=3940186d02245b1d', 'name': 'bacterial_genome_annotation (release v1.1.9)'}, {'create_time': '2024-09-26', 'latest_version': '1', 'link': 'https://usegalaxy.org/published/workflow?id=8cb8a588a0495cfa', 'name': 'bacterial_genome_annotation (release v1.1.4)'}, {'create_time': '2024-09-26', 'latest_version': '1', 'link': 'https://usegalaxy.org/published/workflow?id=04c5ea133de3204c', 'name': 'bacterial_genome_annotation (release v1.1.3)'}, {'create_time': '2024-10-03', 'latest_version': '1', 'link': 'https://usegalaxy.org/published/workflow?id=993534c11310a207', 'name': 'bacterial_genome_annotation (release v1.1.5)'}, {'create_time': '2024-10-17', 'latest_version': '1', 'link': 'https://usegalaxy.org/published/workflow?id=d2a5f6a5181aada5', 'name': 'bacterial_genome_annotation (release v1.1.6)'}, {'create_time': '2024-10-31', 'latest_version': '1', 'link': 'https://usegalaxy.org/published/workflow?id=4f8bdd61c524b901', 'name': 'bacterial_genome_annotation (release v1.1.7)'}, {'create_time': '2026-04-02', 'latest_version': '1', 'link': 'https://usegalaxy.org.au/published/workflow?id=09ec031656620fb5', 'name': 'Bacterial Genome Annotation (release v1.2.0)'}, {'create_time': '2025-09-18', 'latest_version': '8', 'link': 'https://usegalaxy.org.au/published/workflow?id=05f3abecd4ddd4a1', 'name': 'WGS_Bacteria_Prokka'}]"	plasmidfinder	plasmidfinder	2022-09-19	iuc	https://github.com/galaxyproject/tools-iuc/tree/master/tools/plasmidfinder	35994	10730	11939	3278	61941	35994	10730	11939	3278	61941	https://github.com/galaxyproject/tools-iuc/tree/main/tools/plasmidfinder	1015	48	623	211	1897	1015	48	623	211	1897	2.1.6	Up-to-date	['Sequence Analysis']	['plasmidfinder']	['json', 'fasta', 'tabular', 'txt']		PlasmidFinder	PlasmidFinder is a tool for the identification and typing of Plasmid Replicons in Whole-Genome Sequencing (WGS).	PlasmidFinder	False
plasmidspades	Genome assembler for assemblying plasmid	[]	[]	[]	[]		4.3.0	0	0	0	0	0	0	1	0	0	0	0	0	0	0	0	0	0	0	0	0	0	0	0	0	0	0	[]	[]	plasmidspades	spades	2016-06-06	nml	https://github.com/phac-nml/galaxy_tools/tree/master/tools/plasmidspades	0	0	0	0	0	0	0	0	0	0		0	0	0	0	0	0	0	0	0	0	1.1	To update	['Assembly']	['plasmidspades']	['fasta', 'tabular', 'txt']					False
ppanggolin	Microbial Partitioned PanGenome	['Rarefaction', 'Essential dynamics', 'Sequence assembly', 'Genome annotation']	['Rarefaction', 'Essential dynamics', 'Sequence assembly', 'Genome annotation']	['Metagenomics', 'Gene and protein families', 'Model organisms', 'Public health and epidemiology', 'Mapping']	['Metagenomics', 'Gene and protein families', 'Model organisms', 'Public health and epidemiology', 'Mapping']	https://github.com/labgem/PPanGGOLiN	2.3.0	0	0	0	0	0	0	0	0	0	0	0	0	0	0	0	0	0	0	0	0	4	4	0	0	0	0	['https://training.galaxyproject.org/training-material/topics/genome-annotation/tutorials/bacterial-pangenomics/tutorial.html']	[]	ppanggolin	ppanggolin	2025-01-22	iuc	https://github.com/galaxyproject/tools-iuc/tree/master/tools/ppanggolin	249	67	0	0	316	249	67	0	0	316	https://github.com/galaxyproject/tools-iuc/tree/main/tools/ppanggolin	55	16	0	0	71	55	16	0	0	71	2.3.0	Up-to-date	['Genome annotation']	['ppanggolin_all', 'ppanggolin_msa', 'ppanggolin_projection', 'ppanggolin_rarefaction']	['tsv', 'fasta', 'json', 'xml', 'html', 'csv', 'txt', 'h5', 'tar.gz', 'tabular']		ppanggolin	PPanGGOLiN is a software suite used to create and manipulate prokaryotic pangenomes from a set of either genomic DNA sequences or provided genome annotations. It is designed to scale up to tens of thousands of genomes. It has the specificity to partition the pangenome using a statistical approach rather than using fixed thresholds which gives it the ability to work with low-quality data such as Metagenomic Assembled Genomes (MAGs) or Single-cell Amplified Genomes (SAGs) thus taking advantage of large scale environmental studies and letting users study the pangenome of uncultivable species	PPanGGOLiN	False
prinseq	PRINSEQ is a tool for easy and rapid quality control and data processing of metagenomic and metatranscriptomic datasets	['Read pre-processing', 'Sequence trimming', 'Sequence contamination filtering']	['Read pre-processing', 'Sequence trimming', 'Sequence contamination filtering']	['Transcriptomics', 'Metagenomics']	['Transcriptomics', 'Metagenomics', 'Genomics']	http://prinseq.sourceforge.net/manual.html	0.20.4	0	0	0	0	0	1	0	1	0	0	0	0	0	0	0	0	0	0	1	1	1	1	1	0	1	0	['https://training.galaxyproject.org/training-material/topics/microbiome/tutorials/mgnify-amplicon/tutorial.html']	"[{'create_time': '2025-08-11', 'latest_version': '1', 'link': 'https://workflowhub.eu/workflows/1854?version=1', 'name': ""MGnify's amplicon pipeline v5.0 - Quality control PE""}, {'create_time': '2025-08-11', 'latest_version': '1', 'link': 'https://workflowhub.eu/workflows/1850?version=1', 'name': ""MGnify's amplicon pipeline v5.0 - Quality control SE""}, {'create_time': '2025-03-26', 'latest_version': '2', 'link': 'https://workflowhub.eu/workflows/1272?version=2', 'name': 'mgnify-amplicon-pipeline-v5-quality-control-paired-end/main'}, {'create_time': '2025-03-26', 'latest_version': '3', 'link': 'https://workflowhub.eu/workflows/1271?version=3', 'name': 'mgnify-amplicon-pipeline-v5-quality-control-single-end/main'}, {'create_time': '2025-02-06', 'latest_version': '1', 'link': 'https://usegalaxy.eu/published/workflow?id=0609a4b1941d1a68', 'name': ""MGnify's amplicon pipeline v5.0 - Quality control PE (release v0.1)""}, {'create_time': '2025-02-06', 'latest_version': '1', 'link': 'https://usegalaxy.eu/published/workflow?id=d6ff6be33b8bfe85', 'name': ""MGnify's amplicon pipeline v5.0 - Quality control SE (release v0.1)""}, {'create_time': '2025-02-27', 'latest_version': '1', 'link': 'https://usegalaxy.eu/published/workflow?id=76e9cd837ea5e7da', 'name': ""MGnify's amplicon pipeline v5.0 - Quality control SE (release v0.2)""}, {'create_time': '2025-03-13', 'latest_version': '1', 'link': 'https://usegalaxy.eu/published/workflow?id=9fddc44294236e8f', 'name': ""MGnify's amplicon pipeline v5.0 - Quality control PE (release v0.2)""}, {'create_time': '2025-03-13', 'latest_version': '1', 'link': 'https://usegalaxy.eu/published/workflow?id=da19c0eaa757fa39', 'name': ""MGnify's amplicon pipeline v5.0 - Quality control SE (release v0.3)""}, {'create_time': '2023-12-13', 'latest_version': '1', 'link': 'https://usegalaxy.eu/published/workflow?id=8f415b0c409f56f7', 'name': 'MGnify amplicon QC'}, {'create_time': '2025-02-06', 'latest_version': '1', 'link': 'https://usegalaxy.org/published/workflow?id=a71fcbc60caae8b6', 'name': ""MGnify's amplicon pipeline v5.0 - Quality control PE (release v0.1)""}, {'create_time': '2025-02-06', 'latest_version': '1', 'link': 'https://usegalaxy.org/published/workflow?id=5f878c4cc3bff68c', 'name': ""MGnify's amplicon pipeline v5.0 - Quality control SE (release v0.1)""}, {'create_time': '2025-03-06', 'latest_version': '1', 'link': 'https://usegalaxy.org/published/workflow?id=afb67b4b9952f57d', 'name': ""MGnify's amplicon pipeline v5.0 - Quality control SE (release v0.2)""}, {'create_time': '2025-03-13', 'latest_version': '1', 'link': 'https://usegalaxy.org/published/workflow?id=20b7ae4b517a80fd', 'name': ""MGnify's amplicon pipeline v5.0 - Quality control PE (release v0.2)""}, {'create_time': '2025-03-13', 'latest_version': '1', 'link': 'https://usegalaxy.org/published/workflow?id=46f184a0e95f3c1c', 'name': ""MGnify's amplicon pipeline v5.0 - Quality control SE (release v0.3)""}]"	prinseq	prinseq	2016-05-30	iuc	https://github.com/galaxyproject/tools-iuc/tree/master/tools/prinseq	15643	17	10523	0	26183	16651	17	12474	0	29142	https://github.com/galaxyproject/tools-iuc/tree/main/tools/prinseq	345	11	1317	0	1673	412	11	1501	0	1924	@TOOL_VERSION	To update	['Fastq Manipulation', 'Metagenomics']	['prinseq']	[]		prinseq	PRINSEQ is a sequence processing tool that can be used to filter, reformat and trim genomic and metagenomic sequence data. It generates summary statistics of the input in graphical and tabular formats that can be used for quality control steps. PRINSEQ is available as both standalone and web-based versions.	PRINSEQ	False
purge_dups	Purge haplotigs and overlaps in an assembly based on read depth	['Genome assembly', 'Read binning', 'Scaffolding']	['Genome assembly', 'Read binning', 'Scaffolding']	['Sequence assembly']	['Sequence assembly']	https://github.com/dfguan/purge_dups	1.2.6	0	0	0	0	0	0	0	0	0	0	0	0	0	0	0	0	0	0	1	1	1	0	0	1	1	0	['https://training.galaxyproject.org/training-material/topics/assembly/tutorials/vgp_genome_assembly/tutorial.html']	[{'create_time': '2026-01-29', 'latest_version': '19', 'link': 'https://workflowhub.eu/workflows/751?version=19', 'name': 'Purge-duplicates-one-haplotype-VGP6b/main'}, {'create_time': '2026-01-29', 'latest_version': '24', 'link': 'https://workflowhub.eu/workflows/633?version=24', 'name': 'Purge-duplicate-contigs-VGP6/main'}, {'create_time': '2025-06-02', 'latest_version': '1', 'link': 'https://workflowhub.eu/workflows/1607?version=1', 'name': 'VGP assembly: training workflow'}, {'create_time': '2025-06-01', 'latest_version': '2', 'link': 'https://workflowhub.eu/workflows/1163?version=2', 'name': 'ERGA Long Reads PriAlt Purge+QC v2505 (WF3)'}, {'create_time': '2024-01-09', 'latest_version': '1', 'link': 'https://workflowhub.eu/workflows/701?version=1', 'name': 'ERGA ONT+Illumina Collapsed Purge+QC v2311 (WF3)'}, {'create_time': '2024-01-02', 'latest_version': '2', 'link': 'https://workflowhub.eu/workflows/606?version=2', 'name': 'ERGA HiFi Hap1Hap2 Purge+QC v2309 (WF3)'}, {'create_time': '2022-10-17', 'latest_version': '2', 'link': 'https://workflowhub.eu/workflows/237?version=2', 'name': 'Purge duplicates from hifiasm assembly v1.0'}, {'create_time': '2026-02-05', 'latest_version': '1', 'link': 'https://usegalaxy.eu/published/workflow?id=4e2659815163be35', 'name': 'Purge duplicate contigs from a diploid assembly VGP6 (release v0.10.5)'}, {'create_time': '2026-02-05', 'latest_version': '1', 'link': 'https://usegalaxy.eu/published/workflow?id=a9a1bfa67d8c2d42', 'name': 'Purging duplicates in one haplotype VGP6b (release v0.8.5)'}, {'create_time': '2025-10-02', 'latest_version': '1', 'link': 'https://usegalaxy.eu/published/workflow?id=04844dddcc4e8aa7', 'name': 'Purging duplicates in one haplotype VGP6b (release v0.8.4)'}, {'create_time': '2025-10-02', 'latest_version': '1', 'link': 'https://usegalaxy.eu/published/workflow?id=5c51f26ef8b20633', 'name': 'Purge duplicate contigs from a diploid assembly VGP6 (release v0.10.4)'}, {'create_time': '2025-08-28', 'latest_version': '1', 'link': 'https://usegalaxy.eu/published/workflow?id=aea88bfca6d1d476', 'name': 'Purge duplicate contigs from a diploid assembly VGP6 (release v0.10.3)'}, {'create_time': '2025-08-28', 'latest_version': '1', 'link': 'https://usegalaxy.eu/published/workflow?id=122da0054fd40adf', 'name': 'Purging duplicates in one haplotype VGP6b (release v0.8.3)'}, {'create_time': '2025-06-19', 'latest_version': '1', 'link': 'https://usegalaxy.eu/published/workflow?id=1e7f4ba6261f979c', 'name': 'Purge duplicate contigs from a diploid assembly VGP6 (release v0.10.1)'}, {'create_time': '2025-06-19', 'latest_version': '1', 'link': 'https://usegalaxy.eu/published/workflow?id=d17d6029914d666b', 'name': 'Purging duplicates in one haplotype VGP6b (release v0.8.1)'}, {'create_time': '2025-06-12', 'latest_version': '1', 'link': 'https://usegalaxy.eu/published/workflow?id=1d1ae39386b5c318', 'name': 'Purging duplicates in one haplotype VGP6b (release v0.8.2)'}, {'create_time': '2025-06-12', 'latest_version': '1', 'link': 'https://usegalaxy.eu/published/workflow?id=9d209bcdae1a475e', 'name': 'Purge duplicate contigs from a diploid assembly VGP6 (release v0.10.2)'}, {'create_time': '2025-05-22', 'latest_version': '1', 'link': 'https://usegalaxy.eu/published/workflow?id=f08b29e4cef76cd5', 'name': 'Purge duplicate contigs from a diploid assembly VGP6 (release v0.10)'}, {'create_time': '2025-05-22', 'latest_version': '1', 'link': 'https://usegalaxy.eu/published/workflow?id=6865f33cffca4922', 'name': 'Purging duplicates in one haplotype VGP6b (release v0.8.0)'}, {'create_time': '2025-05-15', 'latest_version': '1', 'link': 'https://usegalaxy.eu/published/workflow?id=d172f927a489e9f8', 'name': 'Purge duplicate contigs from a diploid assembly VGP6 (release v0.9)'}, {'create_time': '2025-05-15', 'latest_version': '1', 'link': 'https://usegalaxy.eu/published/workflow?id=0f207a15b6f7fa10', 'name': 'Purging duplicates in one haplotype VGP6b (release v0.7.7)'}, {'create_time': '2022-04-19', 'latest_version': '9', 'link': 'https://usegalaxy.eu/published/workflow?id=83a1b8949d87e3da', 'name': 'ORG.one_Workflow_v1.0'}, {'create_time': '2025-05-08', 'latest_version': '1', 'link': 'https://usegalaxy.eu/published/workflow?id=29c97d43eeb8ed63', 'name': 'Purging duplicates in one haplotype VGP6b (release v0.7.6)'}, {'create_time': '2023-11-09', 'latest_version': '1', 'link': 'https://usegalaxy.eu/published/workflow?id=9667bf36217083b7', 'name': 'Purge-duplicate-contigs-VGP6 (release v0.3.0)'}, {'create_time': '2023-11-09', 'latest_version': '1', 'link': 'https://usegalaxy.eu/published/workflow?id=ca39822372847670', 'name': 'Purge duplicate contigs (WF6 (release v0.2.0)'}, {'create_time': '2023-11-09', 'latest_version': '1', 'link': 'https://usegalaxy.eu/published/workflow?id=915ffef5b14c871e', 'name': 'Purge duplicate contigs (WF6 (release v0.1.1)'}, {'create_time': '2023-11-09', 'latest_version': '1', 'link': 'https://usegalaxy.eu/published/workflow?id=bac84a7033c3423f', 'name': 'Purge-duplicate-contigs-VGP6 (release v0.1)'}, {'create_time': '2023-11-16', 'latest_version': '1', 'link': 'https://usegalaxy.eu/published/workflow?id=0444c98a3ca2a3ca', 'name': 'Purge-duplicate-contigs-VGP6 (release v0.3.1)'}, {'create_time': '2023-11-23', 'latest_version': '1', 'link': 'https://usegalaxy.eu/published/workflow?id=d261bbd05889ce75', 'name': 'Purge-duplicate-contigs-VGP6 (release v0.3.2)'}, {'create_time': '2023-11-30', 'latest_version': '1', 'link': 'https://usegalaxy.eu/published/workflow?id=700fa3ab11a8f3e2', 'name': 'Purge-duplicate-contigs-VGP6 (release v0.3.3)'}, {'create_time': '2024-02-15', 'latest_version': '1', 'link': 'https://usegalaxy.eu/published/workflow?id=3192f92ac4d389b8', 'name': 'Purging-duplicates-one-haplotype-VGP6b (release v0.1)'}, {'create_time': '2024-02-22', 'latest_version': '1', 'link': 'https://usegalaxy.eu/published/workflow?id=d924fafd8e042952', 'name': 'Purge-duplicate-contigs-VGP6 (release v0.3.4)'}, {'create_time': '2024-03-07', 'latest_version': '1', 'link': 'https://usegalaxy.eu/published/workflow?id=f91245e580319e65', 'name': 'Purge-duplicate-contigs-VGP6 (release v0.3.5)'}, {'create_time': '2024-03-07', 'latest_version': '1', 'link': 'https://usegalaxy.eu/published/workflow?id=399048afb4acef3d', 'name': 'Purging-duplicates-one-haplotype-VGP6b (release v0.3)'}, {'create_time': '2024-03-28', 'latest_version': '1', 'link': 'https://usegalaxy.eu/published/workflow?id=12b0bd336c76a874', 'name': 'Purge-duplicate-contigs-VGP6 (release v0.3.6)'}, {'create_time': '2024-03-28', 'latest_version': '1', 'link': 'https://usegalaxy.eu/published/workflow?id=f7cdaf862e6599c0', 'name': 'Purging-duplicates-one-haplotype-VGP6b (release v0.4)'}, {'create_time': '2024-09-19', 'latest_version': '1', 'link': 'https://usegalaxy.eu/published/workflow?id=0a3ebee985c26060', 'name': 'Purge-duplicate-contigs-VGP6 (release v0.4)'}, {'create_time': '2024-09-19', 'latest_version': '1', 'link': 'https://usegalaxy.eu/published/workflow?id=6c14b08a7ef7e79a', 'name': 'Purge-duplicate-contigs-VGP6 (release v0.3.8)'}, {'create_time': '2024-09-19', 'latest_version': '1', 'link': 'https://usegalaxy.eu/published/workflow?id=b5de94e9cde071ab', 'name': 'Purge-duplicate-contigs-VGP6 (release v0.3.7)'}, {'create_time': '2024-09-19', 'latest_version': '1', 'link': 'https://usegalaxy.eu/published/workflow?id=aef62f4d0bba003b', 'name': 'Purging-duplicates-one-haplotype-VGP6b (release v0.7.1)'}, {'create_time': '2024-09-19', 'latest_version': '1', 'link': 'https://usegalaxy.eu/published/workflow?id=d02458f1d7d9c3f4', 'name': 'Purging-duplicates-one-haplotype-VGP6b (release v0.7)'}, {'create_time': '2024-09-19', 'latest_version': '1', 'link': 'https://usegalaxy.eu/published/workflow?id=032a7281a86eba0d', 'name': 'Purging-duplicates-one-haplotype-VGP6b (release v0.6)'}, {'create_time': '2024-09-19', 'latest_version': '1', 'link': 'https://usegalaxy.eu/published/workflow?id=5bf6718e7d6158d2', 'name': 'Purging-duplicates-one-haplotype-VGP6b (release v0.5)'}, {'create_time': '2025-02-06', 'latest_version': '1', 'link': 'https://usegalaxy.eu/published/workflow?id=f3e17c8dd80def27', 'name': 'Purge duplicate contigs from a diploid assembly VGP6 (release v0.5)'}, {'create_time': '2025-02-06', 'latest_version': '1', 'link': 'https://usegalaxy.eu/published/workflow?id=03bb4c20a1f4b4de', 'name': 'Purging duplicates in one haplotype VGP6b (release v0.7.2)'}, {'create_time': '2025-02-20', 'latest_version': '1', 'link': 'https://usegalaxy.eu/published/workflow?id=d1bd5d8597c1d31d', 'name': 'Purge duplicate contigs from a diploid assembly VGP6 (release v0.6)'}, {'create_time': '2025-02-20', 'latest_version': '1', 'link': 'https://usegalaxy.eu/published/workflow?id=f882d14fc5dabbb9', 'name': 'Purging duplicates in one haplotype VGP6b (release v0.7.3)'}, {'create_time': '2025-03-13', 'latest_version': '1', 'link': 'https://usegalaxy.eu/published/workflow?id=1af73dc855d0a5ed', 'name': 'Purge duplicate contigs from a diploid assembly VGP6 (release v0.7)'}, {'create_time': '2025-03-13', 'latest_version': '1', 'link': 'https://usegalaxy.eu/published/workflow?id=2294ef9515bcf972', 'name': 'Purging duplicates in one haplotype VGP6b (release v0.7.4)'}, {'create_time': '2025-03-20', 'latest_version': '1', 'link': 'https://usegalaxy.eu/published/workflow?id=8f105de48f7f1d9d', 'name': 'Purge duplicate contigs from a diploid assembly VGP6 (release v0.8)'}, {'create_time': '2025-03-20', 'latest_version': '1', 'link': 'https://usegalaxy.eu/published/workflow?id=ade6f36f6a035a73', 'name': 'Purging duplicates in one haplotype VGP6b (release v0.7.5)'}, {'create_time': '2022-12-14', 'latest_version': '24', 'link': 'https://usegalaxy.eu/published/workflow?id=a3f082ff30357040', 'name': 'Purgedups (WF6)'}, {'create_time': '2022-01-23', 'latest_version': '0', 'link': 'https://usegalaxy.eu/published/workflow?id=3480204a99bf4a35', 'name': 'VGP optimization purge_dups partial'}, {'create_time': '2022-01-23', 'latest_version': '2', 'link': 'https://usegalaxy.eu/published/workflow?id=69be0fb8276753ec', 'name': 'VGP optimization purge_dups complete'}, {'create_time': '2021-08-30', 'latest_version': '1', 'link': 'https://usegalaxy.eu/published/workflow?id=d67299c34e63f3d9', 'name': 'hifi_workflow.ga'}, {'create_time': '2026-01-29', 'latest_version': '1', 'link': 'https://usegalaxy.org/published/workflow?id=cc699716b962e01c', 'name': 'Purging duplicates in one haplotype VGP6b (release v0.8.5)'}, {'create_time': '2026-01-29', 'latest_version': '1', 'link': 'https://usegalaxy.org/published/workflow?id=66ccc2789964fdcd', 'name': 'Purge duplicate contigs from a diploid assembly VGP6 (release v0.10.5)'}, {'create_time': '2025-10-02', 'latest_version': '1', 'link': 'https://usegalaxy.org/published/workflow?id=c694856c01ce7cc5', 'name': 'Purge duplicate contigs from a diploid assembly VGP6 (release v0.10.4)'}, {'create_time': '2025-10-02', 'latest_version': '1', 'link': 'https://usegalaxy.org/published/workflow?id=31387ed5ebc88cd2', 'name': 'Purging duplicates in one haplotype VGP6b (release v0.8.4)'}, {'create_time': '2025-08-28', 'latest_version': '1', 'link': 'https://usegalaxy.org/published/workflow?id=6a27c0d224683f73', 'name': 'Purging duplicates in one haplotype VGP6b (release v0.8.3)'}, {'create_time': '2025-08-28', 'latest_version': '1', 'link': 'https://usegalaxy.org/published/workflow?id=2acbb8c5f72b9f1c', 'name': 'Purge duplicate contigs from a diploid assembly VGP6 (release v0.10.3)'}, {'create_time': '2025-06-12', 'latest_version': '1', 'link': 'https://usegalaxy.org/published/workflow?id=d4b2b85db47c405e', 'name': 'Purge duplicate contigs from a diploid assembly VGP6 (release v0.10.2)'}, {'create_time': '2025-06-12', 'latest_version': '1', 'link': 'https://usegalaxy.org/published/workflow?id=2f1469dab87a3649', 'name': 'Purging duplicates in one haplotype VGP6b (release v0.8.2)'}, {'create_time': '2025-05-29', 'latest_version': '1', 'link': 'https://usegalaxy.org/published/workflow?id=950c7245a6c3f6e9', 'name': 'Purging duplicates in one haplotype VGP6b (release v0.8.1)'}, {'create_time': '2025-05-29', 'latest_version': '1', 'link': 'https://usegalaxy.org/published/workflow?id=1b434bfc3aac0022', 'name': 'Purge duplicate contigs from a diploid assembly VGP6 (release v0.10.1)'}, {'create_time': '2025-05-22', 'latest_version': '1', 'link': 'https://usegalaxy.org/published/workflow?id=e12e642b88a0fe08', 'name': 'Purging duplicates in one haplotype VGP6b (release v0.8.0)'}, {'create_time': '2025-05-22', 'latest_version': '1', 'link': 'https://usegalaxy.org/published/workflow?id=4bf38f5b45faa8a1', 'name': 'Purge duplicate contigs from a diploid assembly VGP6 (release v0.10)'}, {'create_time': '2025-05-15', 'latest_version': '1', 'link': 'https://usegalaxy.org/published/workflow?id=b12f99e2233fcca6', 'name': 'Purge duplicate contigs from a diploid assembly VGP6 (release v0.9)'}, {'create_time': '2025-05-15', 'latest_version': '1', 'link': 'https://usegalaxy.org/published/workflow?id=3179c157fa5a2fdd', 'name': 'Purging duplicates in one haplotype VGP6b (release v0.7.7)'}, {'create_time': '2025-05-08', 'latest_version': '1', 'link': 'https://usegalaxy.org/published/workflow?id=65ccf48b7872e36c', 'name': 'Purging duplicates in one haplotype VGP6b (release v0.7.6)'}, {'create_time': '2023-11-09', 'latest_version': '1', 'link': 'https://usegalaxy.org/published/workflow?id=96bd0007dceec123', 'name': 'Purge-duplicate-contigs-VGP6 (release v0.3.0)'}, {'create_time': '2023-11-09', 'latest_version': '1', 'link': 'https://usegalaxy.org/published/workflow?id=45c0b677c4920d03', 'name': 'Purge duplicate contigs (WF6 (release v0.2.0)'}, {'create_time': '2023-11-09', 'latest_version': '1', 'link': 'https://usegalaxy.org/published/workflow?id=d2e8a6b39fe88f4c', 'name': 'Purge duplicate contigs (WF6 (release v0.1.1)'}, {'create_time': '2023-11-09', 'latest_version': '1', 'link': 'https://usegalaxy.org/published/workflow?id=5edabfc62f58d8cf', 'name': 'Purge-duplicate-contigs-VGP6 (release v0.1)'}, {'create_time': '2023-11-23', 'latest_version': '1', 'link': 'https://usegalaxy.org/published/workflow?id=c09b8a0c96123cbb', 'name': 'Purge-duplicate-contigs-VGP6 (release v0.3.2)'}, {'create_time': '2023-11-23', 'latest_version': '1', 'link': 'https://usegalaxy.org/published/workflow?id=3753dcca4100e976', 'name': 'Purge-duplicate-contigs-VGP6 (release v0.3.1)'}, {'create_time': '2023-11-30', 'latest_version': '1', 'link': 'https://usegalaxy.org/published/workflow?id=eaf96fa3c39c210b', 'name': 'Purge-duplicate-contigs-VGP6 (release v0.3.3)'}, {'create_time': '2024-02-15', 'latest_version': '1', 'link': 'https://usegalaxy.org/published/workflow?id=8ccb42012dcb5db2', 'name': 'Purging-duplicates-one-haplotype-VGP6b (release v0.1)'}, {'create_time': '2024-02-22', 'latest_version': '1', 'link': 'https://usegalaxy.org/published/workflow?id=49c9e8161a46667f', 'name': 'Purge-duplicate-contigs-VGP6 (release v0.3.4)'}, {'create_time': '2024-09-19', 'latest_version': '1', 'link': 'https://usegalaxy.org/published/workflow?id=9ab68c65337b893b', 'name': 'Purge-duplicate-contigs-VGP6 (release v0.4)'}, {'create_time': '2024-09-19', 'latest_version': '1', 'link': 'https://usegalaxy.org/published/workflow?id=426358bd988cb39d', 'name': 'Purge-duplicate-contigs-VGP6 (release v0.3.8)'}, {'create_time': '2024-09-19', 'latest_version': '1', 'link': 'https://usegalaxy.org/published/workflow?id=cc50da71cdf6f244', 'name': 'Purge-duplicate-contigs-VGP6 (release v0.3.7)'}, {'create_time': '2024-09-19', 'latest_version': '1', 'link': 'https://usegalaxy.org/published/workflow?id=cb4ccd3068819418', 'name': 'Purging-duplicates-one-haplotype-VGP6b (release v0.7.1)'}, {'create_time': '2024-09-19', 'latest_version': '1', 'link': 'https://usegalaxy.org/published/workflow?id=7adf904dea83e699', 'name': 'Purging-duplicates-one-haplotype-VGP6b (release v0.7)'}, {'create_time': '2024-09-19', 'latest_version': '1', 'link': 'https://usegalaxy.org/published/workflow?id=242ef2e9dee35702', 'name': 'Purging-duplicates-one-haplotype-VGP6b (release v0.6)'}, {'create_time': '2024-09-19', 'latest_version': '1', 'link': 'https://usegalaxy.org/published/workflow?id=6fc7497c86ebd8ee', 'name': 'Purging-duplicates-one-haplotype-VGP6b (release v0.5)'}, {'create_time': '2025-02-06', 'latest_version': '1', 'link': 'https://usegalaxy.org/published/workflow?id=771345c66d5b9700', 'name': 'Purge duplicate contigs from a diploid assembly VGP6 (release v0.5)'}, {'create_time': '2025-02-06', 'latest_version': '1', 'link': 'https://usegalaxy.org/published/workflow?id=cfd5dc3c7bc1e832', 'name': 'Purging duplicates in one haplotype VGP6b (release v0.7.2)'}, {'create_time': '2025-03-06', 'latest_version': '1', 'link': 'https://usegalaxy.org/published/workflow?id=f93a4f6b5f3aaaed', 'name': 'Purge duplicate contigs from a diploid assembly VGP6 (release v0.6)'}, {'create_time': '2025-03-06', 'latest_version': '1', 'link': 'https://usegalaxy.org/published/workflow?id=10d5e195501603bc', 'name': 'Purging duplicates in one haplotype VGP6b (release v0.7.3)'}, {'create_time': '2025-03-13', 'latest_version': '1', 'link': 'https://usegalaxy.org/published/workflow?id=86c67855acbf6124', 'name': 'Purge duplicate contigs from a diploid assembly VGP6 (release v0.7)'}, {'create_time': '2025-03-13', 'latest_version': '1', 'link': 'https://usegalaxy.org/published/workflow?id=fd155fcba9bed7ff', 'name': 'Purging duplicates in one haplotype VGP6b (release v0.7.4)'}, {'create_time': '2025-03-20', 'latest_version': '1', 'link': 'https://usegalaxy.org/published/workflow?id=73c20d784b7ef81a', 'name': 'Purge duplicate contigs from a diploid assembly VGP6 (release v0.8)'}, {'create_time': '2025-03-20', 'latest_version': '1', 'link': 'https://usegalaxy.org/published/workflow?id=237ca9f36ca266e7', 'name': 'Purging duplicates in one haplotype VGP6b (release v0.7.5)'}, {'create_time': '2026-01-29', 'latest_version': '1', 'link': 'https://usegalaxy.org.au/published/workflow?id=76f178d6e76a4797', 'name': 'Purging duplicates in one haplotype VGP6b (release v0.8.5)'}, {'create_time': '2026-01-29', 'latest_version': '1', 'link': 'https://usegalaxy.org.au/published/workflow?id=b862e2abb828ac94', 'name': 'Purge duplicate contigs from a diploid assembly VGP6 (release v0.10.5)'}, {'create_time': '2025-10-09', 'latest_version': '1', 'link': 'https://usegalaxy.org.au/published/workflow?id=269b42605a2a87d2', 'name': 'Purge duplicate contigs from a diploid assembly VGP6 (release v0.10.4)'}, {'create_time': '2025-10-09', 'latest_version': '1', 'link': 'https://usegalaxy.org.au/published/workflow?id=d678e57c7f1baf5d', 'name': 'Purging duplicates in one haplotype VGP6b (release v0.8.4)'}, {'create_time': '2025-09-11', 'latest_version': '1', 'link': 'https://usegalaxy.org.au/published/workflow?id=4a404aa3e9f29e5a', 'name': 'Purge duplicate contigs from a diploid assembly VGP6 (release v0.10.3)'}, {'create_time': '2025-09-11', 'latest_version': '1', 'link': 'https://usegalaxy.org.au/published/workflow?id=ad556db35858e7ec', 'name': 'Purging duplicates in one haplotype VGP6b (release v0.8.3)'}, {'create_time': '2025-07-03', 'latest_version': '1', 'link': 'https://usegalaxy.org.au/published/workflow?id=2356584eac7fa234', 'name': 'Purge duplicate contigs from a diploid assembly VGP6 (release v0.10.1)'}, {'create_time': '2025-07-03', 'latest_version': '1', 'link': 'https://usegalaxy.org.au/published/workflow?id=6f76c43e6d2d7f74', 'name': 'Purging duplicates in one haplotype VGP6b (release v0.8.1)'}, {'create_time': '2025-06-19', 'latest_version': '1', 'link': 'https://usegalaxy.org.au/published/workflow?id=cbf022e349d726d9', 'name': 'Purge duplicate contigs from a diploid assembly VGP6 (release v0.10.2)'}, {'create_time': '2025-06-19', 'latest_version': '1', 'link': 'https://usegalaxy.org.au/published/workflow?id=41282d51f9112552', 'name': 'Purging duplicates in one haplotype VGP6b (release v0.8.2)'}, {'create_time': '2025-05-29', 'latest_version': '1', 'link': 'https://usegalaxy.org.au/published/workflow?id=a40dadc943a0db1e', 'name': 'Purge duplicate contigs from a diploid assembly VGP6 (release v0.9)'}, {'create_time': '2025-05-29', 'latest_version': '1', 'link': 'https://usegalaxy.org.au/published/workflow?id=c853aa707fcddf4e', 'name': 'Purging duplicates in one haplotype VGP6b (release v0.7.7)'}, {'create_time': '2025-05-29', 'latest_version': '1', 'link': 'https://usegalaxy.org.au/published/workflow?id=328adfa7d90b1d54', 'name': 'Purge duplicate contigs from a diploid assembly VGP6 (release v0.10)'}, {'create_time': '2025-05-29', 'latest_version': '1', 'link': 'https://usegalaxy.org.au/published/workflow?id=4cb69c84b73ea9dd', 'name': 'Purging duplicates in one haplotype VGP6b (release v0.8.0)'}, {'create_time': '2025-05-08', 'latest_version': '1', 'link': 'https://usegalaxy.org.au/published/workflow?id=f06370394b061e08', 'name': 'Purging duplicates in one haplotype VGP6b (release v0.7.6)'}, {'create_time': '2023-11-13', 'latest_version': '1', 'link': 'https://usegalaxy.org.au/published/workflow?id=1ce2a725df3adb74', 'name': 'Purge-duplicate-contigs-VGP6 (release v0.3.0)'}, {'create_time': '2023-11-13', 'latest_version': '1', 'link': 'https://usegalaxy.org.au/published/workflow?id=40740c32b9a550c9', 'name': 'Purge duplicate contigs (WF6 (release v0.2.0)'}, {'create_time': '2023-11-13', 'latest_version': '1', 'link': 'https://usegalaxy.org.au/published/workflow?id=fea0e6c02c2f6274', 'name': 'Purge duplicate contigs (WF6 (release v0.1.1)'}, {'create_time': '2023-11-13', 'latest_version': '1', 'link': 'https://usegalaxy.org.au/published/workflow?id=d83d5ecf31c20490', 'name': 'Purge-duplicate-contigs-VGP6 (release v0.1)'}, {'create_time': '2023-12-14', 'latest_version': '1', 'link': 'https://usegalaxy.org.au/published/workflow?id=a1015b83baa0eb6d', 'name': 'Purge-duplicate-contigs-VGP6 (release v0.3.3)'}, {'create_time': '2023-12-14', 'latest_version': '1', 'link': 'https://usegalaxy.org.au/published/workflow?id=0c11e1ba5e8fa21b', 'name': 'Purge-duplicate-contigs-VGP6 (release v0.3.2)'}, {'create_time': '2023-12-14', 'latest_version': '1', 'link': 'https://usegalaxy.org.au/published/workflow?id=ac8bdc5a0b2d70cd', 'name': 'Purge-duplicate-contigs-VGP6 (release v0.3.1)'}, {'create_time': '2024-02-15', 'latest_version': '1', 'link': 'https://usegalaxy.org.au/published/workflow?id=4ebf1297793870e7', 'name': 'Purging-duplicates-one-haplotype-VGP6b (release v0.1)'}, {'create_time': '2024-02-22', 'latest_version': '1', 'link': 'https://usegalaxy.org.au/published/workflow?id=1905ec04d5841f09', 'name': 'Purge-duplicate-contigs-VGP6 (release v0.3.4)'}, {'create_time': '2024-03-07', 'latest_version': '1', 'link': 'https://usegalaxy.org.au/published/workflow?id=ecfb8a08e5a40e15', 'name': 'Purge-duplicate-contigs-VGP6 (release v0.3.5)'}, {'create_time': '2024-03-07', 'latest_version': '1', 'link': 'https://usegalaxy.org.au/published/workflow?id=79bf7b0f5e9052d7', 'name': 'Purging-duplicates-one-haplotype-VGP6b (release v0.3)'}, {'create_time': '2024-09-19', 'latest_version': '1', 'link': 'https://usegalaxy.org.au/published/workflow?id=0810be3d7d2b0322', 'name': 'Purge-duplicate-contigs-VGP6 (release v0.4)'}, {'create_time': '2024-09-19', 'latest_version': '1', 'link': 'https://usegalaxy.org.au/published/workflow?id=c556c2270200801d', 'name': 'Purge-duplicate-contigs-VGP6 (release v0.3.8)'}, {'create_time': '2024-09-19', 'latest_version': '1', 'link': 'https://usegalaxy.org.au/published/workflow?id=06564b19b0655c19', 'name': 'Purge-duplicate-contigs-VGP6 (release v0.3.7)'}, {'create_time': '2024-09-19', 'latest_version': '1', 'link': 'https://usegalaxy.org.au/published/workflow?id=0df25e2dbd5e8ed5', 'name': 'Purging-duplicates-one-haplotype-VGP6b (release v0.7.1)'}, {'create_time': '2024-09-19', 'latest_version': '1', 'link': 'https://usegalaxy.org.au/published/workflow?id=a209f43d8a3cc853', 'name': 'Purging-duplicates-one-haplotype-VGP6b (release v0.7)'}, {'create_time': '2024-09-19', 'latest_version': '1', 'link': 'https://usegalaxy.org.au/published/workflow?id=543fb2d9431a7e13', 'name': 'Purging-duplicates-one-haplotype-VGP6b (release v0.6)'}, {'create_time': '2024-09-19', 'latest_version': '1', 'link': 'https://usegalaxy.org.au/published/workflow?id=7168c01be9997823', 'name': 'Purging-duplicates-one-haplotype-VGP6b (release v0.5)'}, {'create_time': '2025-02-06', 'latest_version': '1', 'link': 'https://usegalaxy.org.au/published/workflow?id=82d0876385b5ac60', 'name': 'Purge duplicate contigs from a diploid assembly VGP6 (release v0.5)'}, {'create_time': '2025-02-06', 'latest_version': '1', 'link': 'https://usegalaxy.org.au/published/workflow?id=f895914e322c8b77', 'name': 'Purging duplicates in one haplotype VGP6b (release v0.7.2)'}, {'create_time': '2025-03-06', 'latest_version': '1', 'link': 'https://usegalaxy.org.au/published/workflow?id=a740543c4e9808f1', 'name': 'Purge duplicate contigs from a diploid assembly VGP6 (release v0.6)'}, {'create_time': '2025-03-06', 'latest_version': '1', 'link': 'https://usegalaxy.org.au/published/workflow?id=4e7930c7286c6e9e', 'name': 'Purging duplicates in one haplotype VGP6b (release v0.7.3)'}, {'create_time': '2025-03-13', 'latest_version': '1', 'link': 'https://usegalaxy.org.au/published/workflow?id=81a5b96452c71a52', 'name': 'Purge duplicate contigs from a diploid assembly VGP6 (release v0.7)'}, {'create_time': '2025-03-13', 'latest_version': '1', 'link': 'https://usegalaxy.org.au/published/workflow?id=b310af289ada88bc', 'name': 'Purging duplicates in one haplotype VGP6b (release v0.7.4)'}, {'create_time': '2025-03-20', 'latest_version': '1', 'link': 'https://usegalaxy.org.au/published/workflow?id=000c2f1884bc4687', 'name': 'Purge duplicate contigs from a diploid assembly VGP6 (release v0.8)'}, {'create_time': '2025-03-20', 'latest_version': '1', 'link': 'https://usegalaxy.org.au/published/workflow?id=1f49c65625b9d2de', 'name': 'Purging duplicates in one haplotype VGP6b (release v0.7.5)'}, {'create_time': '2022-11-09', 'latest_version': '2', 'link': 'https://usegalaxy.org.au/published/workflow?id=7909da83448d8bf4', 'name': 'Purgedups'}, {'create_time': '2022-11-09', 'latest_version': '1', 'link': 'https://usegalaxy.org.au/published/workflow?id=094655df3ccd0b00', 'name': 'Purgedups- custom cutoffs for alternate assembly'}, {'create_time': '2022-11-09', 'latest_version': '1', 'link': 'https://usegalaxy.org.au/published/workflow?id=1dcc1b25c9091fbf', 'name': 'Purgedups- custom cutoffs for primary assembly'}, {'create_time': '2022-08-04', 'latest_version': '1', 'link': 'https://usegalaxy.org.au/published/workflow?id=434127690544d0e9', 'name': 'VGP assembly: training workflow (imported from GTN materials August 4 2022)'}, {'create_time': '2021-09-08', 'latest_version': '7', 'link': 'https://usegalaxy.org.au/published/workflow?id=e5dfeff4a3068f36', 'name': 'Purge duplicates from hifiasm assembly v1.0'}]	purge_dups	purge_dups	2021-02-03	iuc	https://github.com/galaxyproject/tools-iuc/tree/master/tools/purge_dups	19303	0	1776	3001	24080	19303	0	1776	3001	24080	https://github.com/galaxyproject/tools-iuc/tree/main/tools/purge_dups	365	0	97	80	542	365	0	97	80	542	1.2.6	Up-to-date	['Assembly']	['purge_dups']	['tabular', 'wig', 'png', 'txt', 'bed']		purge_dups	Identifying and removing haplotypic duplication in primary genome assemblies | haplotypic duplication identification tool | scripts/pd_config.py: script to generate a configuration file used by run_purge_dups.py | purge haplotigs and overlaps in an assembly based on read depth | Given a primary assembly pri_asm and an alternative assembly hap_asm (optional, if you have one), follow the steps shown below to build your own purge_dups pipeline, steps with same number can be run simultaneously. Among all the steps, although step 4 is optional, we highly recommend our users to do so, because assemblers may produce overrepresented seqeuences. In such a case, The final step 4 can be applied to remove those seqeuences	purge_dups	False
qiime	QIIME to perform microbial community analysis	['Demultiplexing', 'Visualisation', 'Taxonomic classification', 'Phylogenetic analysis', 'Sequencing quality control']	['Demultiplexing', 'Visualisation', 'Taxonomic classification', 'Phylogenetic analysis', 'Sequencing quality control']	['Microbial ecology', 'Phylogeny', 'Metagenomics', 'Metatranscriptomics']	['Microbial ecology', 'Phylogeny', 'Metagenomics', 'Metatranscriptomics']	http://www.qiime.org	1.9.1	0	0	0	0	0	32	0	0	0	0	0	0	0	0	0	0	0	0	0	31	32	32	31	0	0	0	['https://training.galaxyproject.org/training-material/topics/sequence-analysis/tutorials/Manage_AB1_Sanger/tutorial.html']	"[{'create_time': '2025-06-02', 'latest_version': '1', 'link': 'https://workflowhub.eu/workflows/1635?version=1', 'name': 'Training Sanger sequences CHD8'}, {'create_time': '2025-06-02', 'latest_version': '1', 'link': 'https://workflowhub.eu/workflows/1630?version=1', 'name': 'Sanger1 : From AB1 to aligned consensus and primers fasta + BLAST'}, {'create_time': '2023-01-19', 'latest_version': '33', 'link': 'https://usegalaxy.fr/published/workflow?id=41264142d3c00016', 'name': 'Sanger1 : From AB1 to aligned consensus and primers fasta + BLAST'}, {'create_time': '2023-12-12', 'latest_version': '7', 'link': 'https://usegalaxy.fr/published/workflow?id=8b1678200a1d157a', 'name': 'Training Sanger sequences CHD8'}, {'create_time': '2025-11-25', 'latest_version': '77', 'link': 'https://usegalaxy.eu/published/workflow?id=62392daea25a3980', 'name': 'Virus detection and analysis'}, {'create_time': '2024-09-12', 'latest_version': '23', 'link': 'https://usegalaxy.eu/published/workflow?id=8f747dbff3216993', 'name': 'aioA amplicon analysis with ""Double"" Chimera remove process'}, {'create_time': '2024-09-06', 'latest_version': '52', 'link': 'https://usegalaxy.eu/published/workflow?id=e14b81a8c0b1b7a4', 'name': 'aioA amplicon analysis with ""Single"" Chimera remove process'}, {'create_time': '2018-01-17', 'latest_version': '0', 'link': 'https://usegalaxy.eu/published/workflow?id=3acfb87be6db2303', 'name': 'QIIME - Illumina Overview tutorial (imported from uploaded file)'}, {'create_time': '2018-01-17', 'latest_version': '0', 'link': 'https://usegalaxy.eu/published/workflow?id=58955868b504c60d', 'name': 'EBI Metagenomics workflow (3.0) (imported from uploaded file)'}]"	qiime	qiime	2017-01-16	iuc	https://github.com/galaxyproject/tools-iuc/tree/master/tools/qiime/qiime_core	34279	4517	1617	2	40415	42817	4550	1617	16	49000	https://github.com/galaxyproject/tools-iuc/tree/main/tools/qiime/qiime_core	418	17	1	1	437	483	17	1	1	502	1.9.1.0	To update	['Metagenomics']	['qiime_align_seqs', 'qiime_alpha_diversity', 'qiime_alpha_rarefaction', 'qiime_assign_taxonomy', 'qiime_beta_diversity', 'qiime_beta_diversity_through_plots', 'qiime_compare_categories', 'qiime_core_diversity', 'qiime_count_seqs', 'qiime_extract_barcodes', 'qiime_filter_alignment', 'qiime_filter_fasta', 'qiime_filter_otus_from_otu_table', 'qiime_filter_samples_from_otu_table', 'qiime_filter_taxa_from_otu_table', 'qiime_jackknifed_beta_diversity', 'qiime_make_emperor', 'qiime_make_otu_heatmap', 'qiime_make_phylogeny', 'qiime_multiple_join_paired_ends', 'qiime_multiple_split_libraries_fastq', 'qiime_pick_closed_reference_otus', 'qiime_pick_open_reference_otus', 'qiime_pick_otus', 'qiime_pick_rep_set', 'qiime_plot_taxa_summary', 'qiime_split_libraries', 'qiime_split_libraries_fastq', 'qiime_summarize_taxa', 'qiime_summarize_taxa_through_plots', 'qiime_upgma_cluster', 'qiime_validate_mapping_file']	['fasta', 'txt', 'tabular', 'html', 'pdf', 'fastq', 'biom1', 'png', 'svg', 'nhx', 'qual']		qiime_core	QIIME 2™ is a next-generation microbiome bioinformatics platform that is extensible, free, open source, and community developed.	qiime_core	False
qiime2		['Demultiplexing', 'Visualisation', 'Taxonomic classification']	['Demultiplexing', 'Visualisation', 'Taxonomic classification']	['Microbial ecology', 'Metatranscriptomics', 'Metagenomics']	['Microbial ecology', 'Metatranscriptomics', 'Metagenomics']	https://qiime2.org		0	0	0	0	0	3	0	0	0	0	0	0	0	0	0	0	0	0	0	2	3	3	0	3	3	0	[]	"[{'create_time': '2026-03-02', 'latest_version': '1', 'link': 'https://workflowhub.eu/workflows/2098?version=1', 'name': 'Taxonomy Assignment with QIIME2'}, {'create_time': '2024-11-27', 'latest_version': '3', 'link': 'https://workflowhub.eu/workflows/893?version=3', 'name': 'qiime2-I-import/Ia-import-multiplexed-se'}, {'create_time': '2024-09-19', 'latest_version': '1', 'link': 'https://usegalaxy.eu/published/workflow?id=c0b5b499b149005f', 'name': 'QIIME2 Ia: multiplexed data (single-en (release v0.2)'}, {'create_time': '2024-09-19', 'latest_version': '1', 'link': 'https://usegalaxy.eu/published/workflow?id=fb96000c99db2fa8', 'name': 'QIIME2 Ib: multiplexed data (paired-en (release v0.2)'}, {'create_time': '2024-09-19', 'latest_version': '1', 'link': 'https://usegalaxy.eu/published/workflow?id=c58941443cec9380', 'name': 'QIIME2 Ic: Demultiplexed data (single-en (release v0.2)'}, {'create_time': '2024-09-19', 'latest_version': '1', 'link': 'https://usegalaxy.eu/published/workflow?id=b2975bb705d3e851', 'name': 'QIIME2 Id: Demultiplexed data (paired-en (release v0.2)'}, {'create_time': '2024-09-19', 'latest_version': '1', 'link': 'https://usegalaxy.eu/published/workflow?id=a91c46b9e0c1d635', 'name': 'QIIME2 VI: Diversity metrics and estimations (release v0.1)'}, {'create_time': '2024-11-28', 'latest_version': '1', 'link': 'https://usegalaxy.eu/published/workflow?id=ca5da5179cefec8b', 'name': 'QIIME2 Ia: multiplexed data (single-en (release v0.3)'}, {'create_time': '2024-11-28', 'latest_version': '1', 'link': 'https://usegalaxy.eu/published/workflow?id=5528702f49c33d83', 'name': 'QIIME2 Ib: multiplexed data (paired-en (release v0.3)'}, {'create_time': '2024-11-28', 'latest_version': '1', 'link': 'https://usegalaxy.eu/published/workflow?id=5d401d357500617f', 'name': 'QIIME2 Ic: Demultiplexed data (single-en (release v0.3)'}, {'create_time': '2024-11-28', 'latest_version': '1', 'link': 'https://usegalaxy.eu/published/workflow?id=b1f68ff8158d0b85', 'name': 'QIIME2 Id: Demultiplexed data (paired-en (release v0.3)'}, {'create_time': '2024-11-28', 'latest_version': '1', 'link': 'https://usegalaxy.eu/published/workflow?id=457a3de5c1512707', 'name': 'QIIME2 VI: Diversity metrics and estimations (release v0.2)'}, {'create_time': '2025-04-24', 'latest_version': '7', 'link': 'https://usegalaxy.eu/published/workflow?id=3d0039098a87642c', 'name': 'QIIME2 2024.10 Dada2 preprocessing for paired fastq data (build count table))'}, {'create_time': '2024-09-24', 'latest_version': '8', 'link': 'https://usegalaxy.eu/published/workflow?id=be9ff4159593cc34', 'name': ""history 'qiime2 hackathon'""}, {'create_time': '2024-06-12', 'latest_version': '2', 'link': 'https://usegalaxy.eu/published/workflow?id=6e5fad1de09af683', 'name': 'QIIME2 VI: Diversity metrics and estimations'}, {'create_time': '2024-06-12', 'latest_version': '1', 'link': 'https://usegalaxy.eu/published/workflow?id=86b31ac8a7720e41', 'name': 'QIIME2 I: Demultiplexing (single-end)'}, {'create_time': '2024-09-19', 'latest_version': '1', 'link': 'https://usegalaxy.org/published/workflow?id=685b0de4c31f6695', 'name': 'QIIME2 Ia: multiplexed data (single-en (release v0.2)'}, {'create_time': '2024-09-19', 'latest_version': '1', 'link': 'https://usegalaxy.org/published/workflow?id=b335f75495dab9b4', 'name': 'QIIME2 Ib: multiplexed data (paired-en (release v0.2)'}, {'create_time': '2024-09-19', 'latest_version': '1', 'link': 'https://usegalaxy.org/published/workflow?id=0dc387dc861bdb61', 'name': 'QIIME2 Ic: Demultiplexed data (single-en (release v0.2)'}, {'create_time': '2024-09-19', 'latest_version': '1', 'link': 'https://usegalaxy.org/published/workflow?id=4ca9319c98be08f8', 'name': 'QIIME2 Id: Demultiplexed data (paired-en (release v0.2)'}, {'create_time': '2024-09-19', 'latest_version': '1', 'link': 'https://usegalaxy.org/published/workflow?id=c6b6524108f53688', 'name': 'QIIME2 VI: Diversity metrics and estimations (release v0.1)'}, {'create_time': '2024-11-28', 'latest_version': '1', 'link': 'https://usegalaxy.org/published/workflow?id=a7cc1038b14f2201', 'name': 'QIIME2 Ia: multiplexed data (single-en (release v0.3)'}, {'create_time': '2024-11-28', 'latest_version': '1', 'link': 'https://usegalaxy.org/published/workflow?id=7aa87e7f9cfdae78', 'name': 'QIIME2 Ib: multiplexed data (paired-en (release v0.3)'}, {'create_time': '2024-11-28', 'latest_version': '1', 'link': 'https://usegalaxy.org/published/workflow?id=76b2c4762dd61d03', 'name': 'QIIME2 Ic: Demultiplexed data (single-en (release v0.3)'}, {'create_time': '2024-11-28', 'latest_version': '1', 'link': 'https://usegalaxy.org/published/workflow?id=b92e0ee710d167b2', 'name': 'QIIME2 Id: Demultiplexed data (paired-en (release v0.3)'}, {'create_time': '2024-11-28', 'latest_version': '1', 'link': 'https://usegalaxy.org/published/workflow?id=ef28b1c267b5a318', 'name': 'QIIME2 VI: Diversity metrics and estimations (release v0.2)'}, {'create_time': '2024-09-19', 'latest_version': '1', 'link': 'https://usegalaxy.org.au/published/workflow?id=cddd668a29b1488a', 'name': 'QIIME2 Ia: multiplexed data (single-en (release v0.2)'}, {'create_time': '2024-09-19', 'latest_version': '1', 'link': 'https://usegalaxy.org.au/published/workflow?id=19b0f96df6d09b4e', 'name': 'QIIME2 Ib: multiplexed data (paired-en (release v0.2)'}, {'create_time': '2024-09-19', 'latest_version': '1', 'link': 'https://usegalaxy.org.au/published/workflow?id=3c1bf73067334071', 'name': 'QIIME2 Ic: Demultiplexed data (single-en (release v0.2)'}, {'create_time': '2024-09-19', 'latest_version': '1', 'link': 'https://usegalaxy.org.au/published/workflow?id=f946d722f7c27479', 'name': 'QIIME2 Id: Demultiplexed data (paired-en (release v0.2)'}, {'create_time': '2024-09-19', 'latest_version': '1', 'link': 'https://usegalaxy.org.au/published/workflow?id=543001c51567b438', 'name': 'QIIME2 VI: Diversity metrics and estimations (release v0.1)'}, {'create_time': '2024-06-12', 'latest_version': '1', 'link': 'https://usegalaxy.org.au/published/workflow?id=57aa23f4f0418a07', 'name': 'QIIME2-Import_Casava_Paired_End_FastQ'}]"	qiime2		2022-08-25	q2d2	https://github.com/qiime2/galaxy-tools/tree/master/tools/suite_qiime2_core__tools	61165	2237	58124	10152	131678	61165	2237	58124	10152	131678	https://github.com/qiime2/galaxy-tools/tree/main/tools/suite_qiime2_core__tools	636	62	813	228	1739	636	62	813	228	1739	2026.1.0+dist.h02a552c2	To update	['Metagenomics', 'Sequence Analysis', 'Statistics']	['qiime2_core__tools__export', 'qiime2_core__tools__import', 'qiime2_core__tools__import_fastq']	['qza']		qiime2	QIIME 2 is an AI-ready microbiome multi-omics data science platform that is trusted, free, open source, extensible, and community developed and supported bioinformatics.	QIIME 2	False
qiime2_dbotu_q2	q2-dbotu is a Qiime 2 plugin for performing OTU clustering	['Demultiplexing', 'Visualisation', 'Taxonomic classification']	['Demultiplexing', 'Visualisation', 'Taxonomic classification']	['Microbial ecology', 'Metatranscriptomics', 'Metagenomics']	['Microbial ecology', 'Metatranscriptomics', 'Metagenomics']	https://github.com/cduvallet/q2-dbotu/tree/master		0	0	0	0	0	0	0	0	0	0	0	0	0	0	0	0	0	0	0	0	1	0	0	0	0	0	[]	[]	qiime2_dbotu_q2		2025-03-20	bgruening	https://github.com/bgruening/galaxytools/tree/master/tools/qiime2_dbotu_q2	13	0	0	0	13	13	0	0	0	13	https://github.com/bgruening/galaxytools/tree/master/tools/qiime2_dbotu_q2/	7	0	0	0	7	7	0	0	0	7	2022.11.1	To update	['Metagenomics']	['qiime2_dbotu_q2']	['qza']		qiime2	QIIME 2 is an AI-ready microbiome multi-omics data science platform that is trusted, free, open source, extensible, and community developed and supported bioinformatics.	QIIME 2	False
reago	Reago is tool to assembly 16S ribosomal RNA recovery from metagenomic data.	['Sequence assembly']	['Sequence assembly']	['Sequence assembly', 'RNA', 'Metagenomics', 'Microbiology']	['Sequence assembly', 'RNA', 'Metagenomics', 'Microbiology']	https://github.com/chengyuan/reago-1.1	1.1	0	0	0	0	0	0	0	0	0	0	0	0	0	0	0	0	0	0	0	0	1	0	0	0	0	0	[]	[]	reago	reago	2015-12-09	rnateam	https://github.com/bgruening/galaxytools/tree/master/tools/rna_tools/reago	18	0	0	0	18	18	0	0	0	18	https://github.com/bgruening/galaxytools/tree/master/tools/rna_tools/reago	7	0	0	0	7	7	0	0	0	7	@TOOL_VERSION@+galaxy@VERSION_SUFFIX@	To update	['Metagenomics', 'RNA']	['reago']	['fasta']		reago	This is an assembly tool for 16S ribosomal RNA recovery from metagenomic data.	REAGO	False
recentrifuge	"""With Recentrifuge, researchers can analyze results from taxonomic classifiers using interactive charts with emphasis on the confidence level of the classifications.In addition to contamination-subtracted samples.Recentrifuge provides shared and exclusive taxa per sample,thus enabling robust contamination removal and comparative analysis in environmental and clinical metagenomics."""	['Taxonomic classification', 'Expression analysis', 'Cross-assembly']	['Taxonomic classification', 'Expression analysis', 'Cross-assembly']	['Metagenomics', 'Microbial ecology', 'Metagenomic sequencing']	['Metagenomics', 'Microbial ecology', 'Metagenomic sequencing']	https://github.com/khyox/recentrifuge	2.1.1	0	0	0	0	0	1	0	1	0	0	0	0	0	0	0	0	0	0	1	1	1	1	0	1	1	0	['https://training.galaxyproject.org/training-material/topics/ecology/tutorials/bacterial-isolate-species-contamination-checking/tutorial.html', 'https://training.galaxyproject.org/training-material/topics/sequence-analysis/tutorials/quality-contamination-control/tutorial.html']	[{'create_time': '2025-12-22', 'latest_version': '1', 'link': 'https://workflowhub.eu/workflows/2043?version=1', 'name': 'Quality and contamination control in bacterial isolate using Illumina MiSeq Data'}, {'create_time': '2025-12-22', 'latest_version': '2', 'link': 'https://workflowhub.eu/workflows/1674?version=2', 'name': 'Checking expected species and contamination in bacterial isolate'}, {'create_time': '2025-12-04', 'latest_version': '3', 'link': 'https://workflowhub.eu/workflows/1882?version=3', 'name': 'bacterial-quality-and-contamination-control-post-assembly/main'}, {'create_time': '2025-12-04', 'latest_version': '2', 'link': 'https://workflowhub.eu/workflows/1881?version=2', 'name': 'quality-and-contamination-control-raw-reads/main'}, {'create_time': '2025-06-02', 'latest_version': '1', 'link': 'https://workflowhub.eu/workflows/1644?version=1', 'name': 'Quality and contamination control in bacterial isolate using Illumina MiSeq Data'}, {'create_time': '2025-06-19', 'latest_version': '11', 'link': 'https://workflowhub.eu/workflows/1052?version=11', 'name': 'quality-and-contamination-control/main'}, {'create_time': '2024-01-29', 'latest_version': '8', 'link': 'https://usegalaxy.fr/published/workflow?id=3d3b40398d1cd1ae', 'name': 'Checking expected species and contamination in bacterial isolate'}, {'create_time': '2025-06-19', 'latest_version': '1', 'link': 'https://usegalaxy.eu/published/workflow?id=c930a54a30dcc7e3', 'name': 'Quality and Contamination Control For Genome Assembly (release v1.1.9)'}, {'create_time': '2025-05-15', 'latest_version': '1', 'link': 'https://usegalaxy.eu/published/workflow?id=bb63b5bb983fd49c', 'name': 'Quality and Contamination Control For Genome Assembly (release v1.1.8)'}, {'create_time': '2024-09-19', 'latest_version': '1', 'link': 'https://usegalaxy.eu/published/workflow?id=0a82eb8b44d9d502', 'name': 'Quality and Contamination Control For Genome Assembly (release v1.1.2)'}, {'create_time': '2024-09-19', 'latest_version': '1', 'link': 'https://usegalaxy.eu/published/workflow?id=0c47571d20535426', 'name': 'Quality and Contamination Control For Genome Assembly (release v1.1.1)'}, {'create_time': '2024-09-19', 'latest_version': '1', 'link': 'https://usegalaxy.eu/published/workflow?id=aafcfcb585c5ca75', 'name': 'Quality and Contamination Control For Genome Assembly (release v1.1)'}, {'create_time': '2024-09-19', 'latest_version': '1', 'link': 'https://usegalaxy.eu/published/workflow?id=884a4415b669690c', 'name': 'Quality and Contamination Control For Genome Assembly (release v1.0)'}, {'create_time': '2024-10-17', 'latest_version': '1', 'link': 'https://usegalaxy.eu/published/workflow?id=ebb131f2a6172081', 'name': 'Quality and Contamination Control For Genome Assembly (release v1.1.4)'}, {'create_time': '2024-10-17', 'latest_version': '1', 'link': 'https://usegalaxy.eu/published/workflow?id=47e14222073e7192', 'name': 'Quality and Contamination Control For Genome Assembly (release v1.1.3)'}, {'create_time': '2024-10-31', 'latest_version': '1', 'link': 'https://usegalaxy.eu/published/workflow?id=0abd32dbc5207b88', 'name': 'Quality and Contamination Control For Genome Assembly (release v1.1.5)'}, {'create_time': '2024-11-28', 'latest_version': '1', 'link': 'https://usegalaxy.eu/published/workflow?id=2fa2f67603772413', 'name': 'Quality and Contamination Control For Genome Assembly (release v1.1.6)'}, {'create_time': '2025-04-24', 'latest_version': '1', 'link': 'https://usegalaxy.eu/published/workflow?id=c14d2e8b3c191bc4', 'name': 'Quality and Contamination Control For Genome Assembly (release v1.1.7)'}, {'create_time': '2024-11-21', 'latest_version': '2', 'link': 'https://usegalaxy.eu/published/workflow?id=c09159d7aad0f264', 'name': 'Cloud Aerosol MT-MG Contamination Filtering'}, {'create_time': '2022-06-29', 'latest_version': '28', 'link': 'https://usegalaxy.eu/published/workflow?id=bdc7cfaac0db2eab', 'name': 'Cloud Aerosol MT-MG Contamination Filtering'}, {'create_time': '2022-09-03', 'latest_version': '18', 'link': 'https://usegalaxy.eu/published/workflow?id=e69b555faa6bb962', 'name': 'Cloud-Aerosole MT-MG Taxonomic Profiling'}, {'create_time': '2025-06-19', 'latest_version': '1', 'link': 'https://usegalaxy.org/published/workflow?id=323c651ca583c9e5', 'name': 'Quality and Contamination Control For Genome Assembly (release v1.1.9)'}, {'create_time': '2025-05-15', 'latest_version': '1', 'link': 'https://usegalaxy.org/published/workflow?id=de9bf4c1024f8d53', 'name': 'Quality and Contamination Control For Genome Assembly (release v1.1.8)'}, {'create_time': '2024-10-03', 'latest_version': '1', 'link': 'https://usegalaxy.org/published/workflow?id=9f68718f025bed30', 'name': 'Quality and Contamination Control For Genome Assembly (release v1.1.3)'}, {'create_time': '2024-10-17', 'latest_version': '1', 'link': 'https://usegalaxy.org/published/workflow?id=b6a795834009ce06', 'name': 'Quality and Contamination Control For Genome Assembly (release v1.1.4)'}, {'create_time': '2024-10-31', 'latest_version': '1', 'link': 'https://usegalaxy.org/published/workflow?id=623fc80c7f91a33a', 'name': 'Quality and Contamination Control For Genome Assembly (release v1.1.5)'}, {'create_time': '2024-11-28', 'latest_version': '1', 'link': 'https://usegalaxy.org/published/workflow?id=1be5c982c2d36a6c', 'name': 'Quality and Contamination Control For Genome Assembly (release v1.1.6)'}, {'create_time': '2025-03-20', 'latest_version': '1', 'link': 'https://usegalaxy.org/published/workflow?id=f378960ee55f567e', 'name': 'Quality and Contamination Control For Genome Assembly (release v1.1.2)'}, {'create_time': '2025-03-20', 'latest_version': '1', 'link': 'https://usegalaxy.org/published/workflow?id=dfd73857c0eb2a21', 'name': 'Quality and Contamination Control For Genome Assembly (release v1.1.1)'}, {'create_time': '2025-03-20', 'latest_version': '1', 'link': 'https://usegalaxy.org/published/workflow?id=2a782ad24271f570', 'name': 'Quality and Contamination Control For Genome Assembly (release v1.1)'}, {'create_time': '2025-04-24', 'latest_version': '1', 'link': 'https://usegalaxy.org/published/workflow?id=4f698eaeef30e364', 'name': 'Quality and Contamination Control For Genome Assembly (release v1.1.7)'}]	recentrifuge	recentrifuge	2022-05-04	iuc	https://github.com/galaxyproject/tools-iuc/tree/master/tools/recentrifuge	2546	2397	593	105	5641	2546	2397	593	105	5641	https://github.com/galaxyproject/tools-iuc/tree/main/tools/recentrifuge	306	27	160	37	530	306	27	160	37	530	1.16.1	To update	['Metagenomics']	['recentrifuge']	['html', 'txt', 'tabular', 'xlsx']		Recentrifuge	Robust comparative analysis and contamination removal for metagenomics.	Recentrifuge	False
recetox-aplcms	Peak detection tool for HRMS profile data.	['Alignment', 'Quantification', 'Chromatographic alignment', 'Peak detection', 'Feature extraction']	['Alignment', 'Quantification', 'Chromatographic alignment', 'Peak detection', 'Feature extraction']	['Metabolomics']	['Metabolomics']	https://github.com/RECETOX/recetox-aplcms	0.14.2	0	0	0	0	0	0	0	0	0	0	0	0	0	0	0	0	0	0	0	8	8	8	0	8	0	0	[]	[{'create_time': '2024-09-08', 'latest_version': '29', 'link': 'https://usegalaxy.eu/published/workflow?id=3086366b744e8da9', 'name': 'GC-EI-HRMS Data Processing Workflow'}]	recetox-aplcms	r-recetox-aplcms	2021-06-17	recetox	https://github.com/RECETOX/galaxytools/tree/master/tools/recetox_aplcms	1540	928	0	410	2878	1540	928	0	410	2878	https://github.com/RECETOX/galaxytools/tree/master/tools/recetox_aplcms	7	3	0	1	11	7	3	0	1	11	0.13.4	To update	['Metabolomics']	['recetox_aplcms_align_features', 'recetox_aplcms_compute_clusters', 'recetox_aplcms_compute_template', 'recetox_aplcms_correct_time', 'recetox_aplcms_generate_feature_table', 'recetox_aplcms_merge_known_table', 'recetox_aplcms_recover_weaker_signals', 'recetox_aplcms_remove_noise']	['parquet']		recetox-aplcms	recetox-aplcms is a tool for peak detection in mass spectrometry data. The tool performs (1) noise removal, (2) peak detection, (3) retention time drift correction, (4) peak alignment and (5) weaker signal recovery as well as (6) suspect screening.	recetox-aplcms	False
repenrich	Repeat element profiling	[]	[]	[]	[]	https://github.com/ARTbio/tools-artbio/tree/main/tools/repenrich		0	0	0	0	0	0	0	0	0	0	0	0	0	2	0	0	0	0	0	0	0	0	0	2	0	0	[]	[]	repenrich		2017-05-22	artbio	https://github.com/ARTbio/tools-artbio/tree/master/tools/repenrich	0	0	0	1902	1902	0	0	0	2173	2173	https://github.com/ARTbio/tools-artbio/tree/main/tools/repenrich	0	0	0	39	39	0	0	0	42	42	2.31.1	To update	['Transcriptomics']	['edger-repenrich', 'repenrich']	['tabular', 'pdf']					False
repenrich2	Repeat element profiling using bowtie2 aligner	[]	[]	[]	[]	https://github.com/ARTbio/tools-artbio/tree/main/tools/repenrich2		0	0	0	0	0	0	0	0	0	0	0	0	0	2	0	0	0	0	0	0	0	0	0	0	0	0	[]	[]	repenrich2		2024-04-20	artbio	https://github.com/ARTbio/tools-artbio/tree/master/tools/repenrich2	0	0	0	0	0	0	0	0	0	0	https://github.com/ARTbio/tools-artbio/tree/main/tools/repenrich2	0	0	0	0	0	0	0	0	0	0	2.31.1	To update	['Transcriptomics']	['edger-repenrich2', 'repenrich2']	['tabular', 'pdf']					False
ribotaper	A method for defining traslated ORFs using Ribosome Profiling data.	['Gene expression profiling']	['Gene expression profiling']	['Functional genomics']	['Functional genomics']	https://ohlerlab.mdc-berlin.de/software/RiboTaper_126/	1.3.1	0	0	0	0	0	0	0	0	0	0	0	0	0	0	0	0	0	0	0	3	3	0	3	0	0	0	[]	[]	ribotaper	ribotaper	2016-06-07	rnateam	https://github.com/bgruening/galaxytools/tree/master/tools/rna_tools/ribotaper	595	0	0	0	595	798	0	0	0	798	https://github.com/bgruening/galaxytools/tree/master/tools/rna_tools/ribotaper/	33	0	0	0	33	38	0	0	0	38	1.3.1	Up-to-date	['RNA']	['ribotaper_create_annotation', 'ribotaper_create_metaplots', 'ribotaper_ribosome_profiling']	['bed', 'tgz', 'pdf', 'tabular', 'fasta']		ribotaper	New analysis pipeline for Ribosome Profiling (Ribo-seq) experiments, which exploits the triplet periodicity of ribosomal footprints to call translated regions.	RiboTaper	False
ribowaltz	Calculation of optimal P-site offsets, diagnostic analysis and visual inspection of ribosome profiling data	[]	[]	['Computational biology']	['Computational biology']	https://github.com/LabTranslationalArchitectomics/riboWaltz	2.0	0	0	0	0	0	0	0	0	0	0	0	0	0	0	0	0	0	0	0	2	2	0	0	0	0	0	[]	[]	ribowaltz	ribowaltz	2022-09-22	iuc	https://github.com/galaxyproject/tools-iuc/tree/master/tools/ribowaltz	204	0	0	0	204	204	0	0	0	204	https://github.com/galaxyproject/tools-iuc/tree/main/tools/ribowaltz	21	0	0	0	21	21	0	0	0	21	1.2.0	To update	['Transcriptomics', 'RNA']	['ribowaltz_process', 'ribowaltz_plot']	['tabular', 'rdata']		riboWaltz	riboWaltz is an R package for calculation of optimal P-site offsets, diagnostic analysis and visual inspection of ribosome profiling data.	riboWaltz	False
rrna	Identification of ribosomal RNA genes in metagenomic fragments.	[]	[]	[]	[]	http://weizhong-lab.ucsd.edu/meta_rna/		0	0	0	0	0	0	0	0	0	0	0	0	0	0	0	0	0	0	0	0	0	0	0	0	0	0	[]	[]	rrna	hmmsearch3.0	2015-02-28	rnateam	https://github.com/bgruening/galaxytools/tree/master/tools/rna_tools/rRNA	0	0	0	0	0	0	0	0	0	0	https://github.com/bgruening/galaxytools/tree/master/tools/rRNA	0	0	0	0	0	0	0	0	0	0	0.1	To update	['RNA']	['meta_rna']	['gff', 'fasta']					False
samestr	Strain-level analysis and comparison of metagenomic samples	[]	[]	[]	[]	https://github.com/danielpodlesny/samestr	1.2025.111	0	0	0	0	0	0	0	0	0	0	0	0	0	0	0	0	0	0	0	0	7	0	0	0	0	0	[]	[{'create_time': '2026-05-05', 'latest_version': '68', 'link': 'https://usegalaxy.eu/published/workflow?id=052f35a526798020', 'name': 'Metaphlan Subworkflow'}]	samestr	samestr	2026-04-15	iuc	https://github.com/galaxyproject/tools-iuc/tree/master/tools/samestr	0	0	0	0	0	0	0	0	0	0	https://github.com/galaxyproject/tools-iuc/tree/main/tools/samestr	0	0	0	0	0	0	0	0	0	0	1.2025.111	Up-to-date	['Metagenomics']	['samestr_compare', 'samestr_convert', 'samestr_extract', 'samestr_filter', 'samestr_merge', 'samestr_stats', 'samestr_summarize']	['tabular', 'fasta', 'fasta.gz', 'npz']					False
seacr	SEACR is intended to call peaks and enriched regions from sparse CUT&RUN or chromatin profiling data in which background is dominated by zeroes.	[]	[]	[]	[]	https://github.com/FredHutch/SEACR	1.3	0	0	0	0	0	0	0	0	0	0	0	0	0	0	0	0	0	0	1	1	1	0	1	1	1	0	[]	[{'create_time': '2024-03-15', 'latest_version': '4', 'link': 'https://usegalaxy.eu/published/workflow?id=719314fa5263b501', 'name': 'Peak calling with SEACR for RPE1'}]	seacr	seacr	2020-02-05	iuc	https://github.com/galaxyproject/tools-iuc/tree/master/tools/seacr	6871	0	8117	0	14988	7014	0	8117	0	15131	https://github.com/galaxyproject/tools-iuc/tree/main/tools/seacr	150	0	289	0	439	155	0	289	0	444	@TOOL_VERSION@+@WRAPPER_VERSION@	To update	['Epigenetics', 'ChIP-seq']	['seacr']	['tabular']					False
semibin	SemiBin: Semi-supervised Metagenomic Binning Using Siamese Neural Networks	['Sequence assembly', 'Read binning']	['Sequence assembly', 'Read binning']	['Metagenomics', 'Machine learning', 'Microbial ecology', 'Sequence assembly']	['Metagenomics', 'Machine learning', 'Microbial ecology', 'Sequence assembly']	https://semibin.readthedocs.io/en/latest/	2.3.0	0	0	0	0	0	0	0	1	0	0	0	0	0	0	0	0	0	0	1	6	6	1	0	6	1	0	['https://training.galaxyproject.org/training-material/topics/microbiome/tutorials/metagenomics-binning/tutorial.html']	[{'create_time': '2026-03-10', 'latest_version': '2', 'link': 'https://workflowhub.eu/workflows/2100?version=2', 'name': 'binning-evaluation/main'}, {'create_time': '2025-12-08', 'latest_version': '1', 'link': 'https://workflowhub.eu/workflows/2028?version=1', 'name': 'Metagenomic Binning'}, {'create_time': '2025-11-22', 'latest_version': '4', 'link': 'https://workflowhub.eu/workflows/1352?version=4', 'name': 'mags-building/main'}, {'create_time': '2025-08-26', 'latest_version': '12', 'link': 'https://usegalaxy.eu/published/workflow?id=00f15824c7a9b196', 'name': 'FAIRyMAGs taxonomic binning evaluation '}, {'create_time': '2025-02-24', 'latest_version': '15', 'link': 'https://usegalaxy.eu/published/workflow?id=ce5c9287a67e6085', 'name': 'FAIRyMAGs binning evaluation'}, {'create_time': '2024-09-27', 'latest_version': '37', 'link': 'https://usegalaxy.eu/published/workflow?id=7ecd92cb382d8168', 'name': 'MAGs individual workflow v1.9'}, {'create_time': '2024-10-18', 'latest_version': '16', 'link': 'https://usegalaxy.eu/published/workflow?id=43098b8afe78b071', 'name': 'MAGs taxonomic binning evaluation'}, {'create_time': '2025-01-10', 'latest_version': '0', 'link': 'https://usegalaxy.eu/published/workflow?id=1e5f1d9a51032e44', 'name': 'MAGs co-assembly workflow 1.7'}, {'create_time': '2024-12-20', 'latest_version': '1', 'link': 'https://usegalaxy.eu/published/workflow?id=0563f58718be932d', 'name': 'MAGs building with individual assembly'}, {'create_time': '2023-11-15', 'latest_version': '14', 'link': 'https://usegalaxy.eu/published/workflow?id=97312d273b6e8bd9', 'name': 'MAGs workflow'}]	semibin	semibin	2022-10-14	iuc	https://github.com/galaxyproject/tools-iuc/tree/master/tools/semibin	2779	75	18	0	2872	2779	75	18	0	2872	https://github.com/galaxyproject/tools-iuc/tree/main/tools/semibin	53	2	9	0	64	53	2	9	0	64	2.1.0	To update	['Metagenomics']	['semibin_bin', 'semibin_concatenate_fasta', 'semibin_generate_cannot_links', 'semibin_generate_sequence_features', 'semibin', 'semibin_train']	['fasta', 'csv']		semibin	Command tool for metagenomic binning with semi-supervised deep learning using information from reference genomes.	SemiBin	False
shorah_amplicon	Reconstruct haplotypes using ShoRAH in amplicon mode	['Haplotype mapping', 'Variant calling']	['Haplotype mapping', 'Variant calling']	['Metagenomics', 'Sequencing', 'Genetics']	['Metagenomics', 'Sequencing', 'Genetics']	https://github.com/cbg-ethz/shorah/blob/master/README.md	1.99.2	0	0	0	0	0	0	0	0	0	0	0	0	0	0	0	0	0	0	0	0	1	0	0	0	0	0	[]	[]	shorah_amplicon	shorah	2018-11-27	iuc	https://github.com/galaxyproject/tools-iuc/tree/master/tools/shorah	0	0	0	0	0	0	0	0	0	0	https://github.com/galaxyproject/tools-iuc/tree/main/tools/shorah	0	0	0	0	0	0	0	0	0	0	@VERSION@	To update	['Sequence Analysis']	['shorah_amplicon']	['tabular', 'txt']		shorah	Inference of a population from a set of short reads. The package contains programs that support mapping of reads to a reference genome, correcting sequencing errors by locally clustering reads in small windows of the alignment, reconstructing a minimal set of global haplotypes that explain the reads, and estimating the frequencies of the inferred haplotypes.	ShoRAH	False
sonneityping	Scripts for parsing Mykrobe predict results for Shigella sonnei.	['Antimicrobial resistance prediction', 'Variant calling', 'Genotyping']	['Antimicrobial resistance prediction', 'Variant calling', 'Genotyping']	['Whole genome sequencing', 'Genotype and phenotype', 'Genetic variation', 'Metagenomics']	['Whole genome sequencing', 'Genotype and phenotype', 'Genetic variation', 'Metagenomics']	https://github.com/katholt/sonneityping	20210201	0	0	0	0	0	0	0	0	0	0	0	0	0	0	0	0	0	0	0	1	1	1	0	0	0	0	[]	[]	sonneityping	sonneityping	2021-09-16	iuc	https://github.com/galaxyproject/tools-iuc/tree/master/tools/sonneityping	2	0	0	0	2	2	0	0	0	2	https://github.com/galaxyproject/tools-iuc/tree/main/tools/sonneityping	2	0	0	0	2	2	0	0	0	2	20210201	Up-to-date	['Sequence Analysis']	['sonneityping']	['tabular']		sonneityping	Scripts for parsing Mykrobe predict results for Shigella sonnei.	sonneityping	False
sortmerna	SortMeRNA is a software designed to rapidly filter ribosomal RNA fragments from metatransriptomic data produced by next-generation sequencers.	['Sequence similarity search', 'Sequence comparison', 'Sequence alignment analysis']	['Sequence similarity search', 'Sequence alignment analysis']	['Metatranscriptomics', 'Metagenomics']	['Metatranscriptomics', 'Metagenomics']	http://bioinfo.lifl.fr/RNA/sortmerna/	4.3.7	0	0	0	0	0	1	1	1	0	0	0	0	0	0	0	0	0	0	1	1	1	1	1	1	1	0	['https://training.galaxyproject.org/training-material/topics/microbiome/tutorials/metatranscriptomics/tutorial.html', 'https://training.galaxyproject.org/training-material/topics/microbiome/tutorials/metatranscriptomics-short/tutorial.html']	"[{'create_time': '2025-06-23', 'latest_version': '2', 'link': 'https://workflowhub.eu/workflows/1466?version=2', 'name': 'Metatranscriptomics analysis using microbiome RNA-seq data'}, {'create_time': '2025-06-23', 'latest_version': '2', 'link': 'https://workflowhub.eu/workflows/1444?version=2', 'name': 'Metatranscriptomics analysis using microbiome RNA-seq data - Workflow 1: Preprocessing'}, {'create_time': '2025-06-16', 'latest_version': '2', 'link': 'https://usegalaxy.fr/published/workflow?id=e6991d64e851b09e', 'name': 'Metatranscriptomics analysis using microbiome RNA-seq data - Workflow 1: Preprocessing'}, {'create_time': '2025-06-16', 'latest_version': '4', 'link': 'https://usegalaxy.fr/published/workflow?id=c4f6062e51d0f45e', 'name': 'Metatranscriptomics analysis using microbiome RNA-seq data'}, {'create_time': '2026-05-14', 'latest_version': '5', 'link': 'https://usegalaxy.eu/published/workflow?id=69eddfde874af35b', 'name': 'Metatranscriptomics analysis using microbiome RNA-seq data'}, {'create_time': '2020-07-16', 'latest_version': '1', 'link': 'https://usegalaxy.eu/published/workflow?id=f9175e670d8dfaa1', 'name': 'Metatranscriptomics (full workflow) - GTN (imported from uploaded file)'}, {'create_time': '2023-06-30', 'latest_version': '29', 'link': 'https://usegalaxy.eu/published/workflow?id=72e3e5fdc766e24a', 'name': ' pAllori ASiam Preprocessing MT'}, {'create_time': '2025-01-28', 'latest_version': '0', 'link': 'https://usegalaxy.eu/published/workflow?id=9472be79da012999', 'name': ""Workflow constructed from history 'Data Analysis Presentation'""}, {'create_time': '2025-01-24', 'latest_version': '0', 'link': 'https://usegalaxy.eu/published/workflow?id=87cc0cd143a12c41', 'name': 'metatranscriptomics and RNA-seq'}, {'create_time': '2025-01-22', 'latest_version': '7', 'link': 'https://usegalaxy.eu/published/workflow?id=5f0faac42b0a5062', 'name': 'metatranscriptomics and RNA-seq'}, {'create_time': '2024-12-20', 'latest_version': '3', 'link': 'https://usegalaxy.eu/published/workflow?id=096b75501c8e0888', 'name': 'ASaiM-MT: Metatranscriptomics Analysis of Microbes'}, {'create_time': '2024-11-21', 'latest_version': '6', 'link': 'https://usegalaxy.eu/published/workflow?id=fd90652d475ed739', 'name': 'MetaT: Metatranscriptomics data analysis'}, {'create_time': '2024-11-21', 'latest_version': '28', 'link': 'https://usegalaxy.eu/published/workflow?id=d05c6f0f3205fbd2', 'name': 'Metatranscriptomics Analysis of Microbes'}, {'create_time': '2024-01-23', 'latest_version': '0', 'link': 'https://usegalaxy.eu/published/workflow?id=fdca6c9d394986bf', 'name': ""Workflow constructed from history 'metatranscriptomics and rna seq'""}, {'create_time': '2020-01-27', 'latest_version': '16', 'link': 'https://usegalaxy.eu/published/workflow?id=385cc7df70d7916b', 'name': 'MetaT'}, {'create_time': '2022-03-30', 'latest_version': '3', 'link': 'https://usegalaxy.eu/published/workflow?id=e423c80058601e78', 'name': '3.Data Parallel running'}, {'create_time': '2022-05-24', 'latest_version': '1', 'link': 'https://usegalaxy.eu/published/workflow?id=4d32b1b3ac0a7161', 'name': 'metatranscriptmoics'}, {'create_time': '2021-06-22', 'latest_version': '14', 'link': 'https://usegalaxy.eu/published/workflow?id=a8f829deb69b30ab', 'name': 'Taxonomic and functional community profiling of raw metagenomic shotgun data workflow'}, {'create_time': '2021-05-25', 'latest_version': '2', 'link': 'https://usegalaxy.eu/published/workflow?id=f6e8a63283262518', 'name': 'Metatranscriptomics-WF1: Preprocessing'}, {'create_time': '2020-12-04', 'latest_version': '1', 'link': 'https://usegalaxy.eu/published/workflow?id=dfc2c53ac3103eff', 'name': 'ASaiM-MT'}, {'create_time': '2019-06-21', 'latest_version': '5', 'link': 'https://usegalaxy.eu/published/workflow?id=7ab70660e6235cf0', 'name': 'Complete_Workflow: ASaiM_GCC2019'}, {'create_time': '2019-06-21', 'latest_version': '2', 'link': 'https://usegalaxy.eu/published/workflow?id=994e5ff1df7d6c9e', 'name': 'Workflow_1: WF1_ASaiM_GCC2019'}, {'create_time': '2019-02-22', 'latest_version': '3', 'link': 'https://usegalaxy.eu/published/workflow?id=2cf09adb1ed6c3ec', 'name': '2/22 Pilot ASAIM'}, {'create_time': '2018-10-16', 'latest_version': '7', 'link': 'https://usegalaxy.eu/published/workflow?id=401746888e8b3aa8', 'name': 'Workflow for protein sequence generation using MEGAHIT'}, {'create_time': '2018-10-16', 'latest_version': '4', 'link': 'https://usegalaxy.eu/published/workflow?id=9382f9bbbdddb5ad', 'name': 'Workflow for protein sequence generation using metaSPAdes'}, {'create_time': '2018-10-16', 'latest_version': '2', 'link': 'https://usegalaxy.eu/published/workflow?id=a8417c63e9e22afb', 'name': ""Workflow constructed from history 'Full Option 1'""}, {'create_time': '2018-09-04', 'latest_version': '0', 'link': 'https://usegalaxy.eu/published/workflow?id=9cbba5de2cbeeb0f', 'name': 'ASaiM - Shotgun workflow'}, {'create_time': '2018-01-16', 'latest_version': '4', 'link': 'https://usegalaxy.eu/published/workflow?id=c3aa516e78ca4191', 'name': 'ASaiM - Shotgun workflow'}, {'create_time': '2021-03-19', 'latest_version': '0', 'link': 'https://usegalaxy.org.au/published/workflow?id=408a31694e9c85e6', 'name': 'Workflow 1: Preprocessing [Metatranscriptomics]'}]"	sortmerna	sortmerna	2015-02-28	rnateam	https://github.com/bgruening/galaxytools/tree/master/tools/rna_tools/sortmerna	23920	648	6479	3668	34715	26406	651	6479	3882	37418	https://github.com/bgruening/galaxytools/tree/master/tools/rna_tools/sortmerna	1135	116	581	219	2051	1352	116	581	225	2274	5.0.0	To update	['RNA']	['bg_sortmerna']	['bam', 'tabular', 'txt']		sortmerna	Sequence analysis tool for filtering, mapping and OTU-picking NGS reads.	SortMeRNA	False
staramr	Scan genome contigs against the ResFinder, PlasmidFinder, and PointFinder antimicrobial resistance databases.	['Antimicrobial resistance prediction']	['Antimicrobial resistance prediction']	['Microbiology', 'Public health and epidemiology', 'Infectious disease']	['Microbiology', 'Public health and epidemiology', 'Infectious disease']	https://github.com/phac-nml/staramr	0.12.3	0	0	0	0	0	1	1	1	0	0	0	0	0	0	0	0	0	0	1	1	1	1	1	1	1	0	['https://training.galaxyproject.org/training-material/topics/genome-annotation/tutorials/amr-gene-detection/tutorial.html', 'https://training.galaxyproject.org/training-material/topics/microbiome/tutorials/plasmid-metagenomics-nanopore/tutorial.html']	"[{'create_time': '2025-12-22', 'latest_version': '2', 'link': 'https://workflowhub.eu/workflows/1488?version=2', 'name': 'mrsa AMR gene detection'}, {'create_time': '2026-02-25', 'latest_version': '4', 'link': 'https://workflowhub.eu/workflows/2024?version=4', 'name': 'metagenomic-genes-catalogue/main'}, {'create_time': '2025-06-02', 'latest_version': '1', 'link': 'https://workflowhub.eu/workflows/1477?version=1', 'name': 'Copy Of GTN Training - Antibiotic Resistance Detection'}, {'create_time': '2024-11-14', 'latest_version': '2', 'link': 'https://workflowhub.eu/workflows/1189?version=2', 'name': 'AMR-Pathfinder'}, {'create_time': '2023-05-11', 'latest_version': '1', 'link': 'https://workflowhub.eu/workflows/470?version=1', 'name': 'Workflow 4: Staramr'}, {'create_time': '2025-12-04', 'latest_version': '9', 'link': 'https://workflowhub.eu/workflows/1049?version=9', 'name': 'amr_gene_detection/main'}, {'create_time': '2022-11-24', 'latest_version': '1', 'link': 'https://workflowhub.eu/workflows/406?version=1', 'name': 'GTN Training - Antibiotic Resistance Detection'}, {'create_time': '2026-06-08', 'latest_version': '4', 'link': 'https://usegalaxy.eu/published/workflow?id=b46d67d91391053d', 'name': 'Workflow Part 1 - Genome annotation and visualization'}, {'create_time': '2026-05-02', 'latest_version': '0', 'link': 'https://usegalaxy.eu/published/workflow?id=b60a3e0427f2f519', 'name': 'EU_staramr_ResFinder'}, {'create_time': '2026-04-30', 'latest_version': '0', 'link': 'https://usegalaxy.eu/published/workflow?id=ffd365c037373673', 'name': ""Workflow constructed from history 'BPC(EXCEPT Bpseudomallei)'""}, {'create_time': '2026-04-10', 'latest_version': '57', 'link': 'https://usegalaxy.eu/published/workflow?id=d0339e4a794f4922', 'name': 'Unnamed Workflow'}, {'create_time': '2025-12-04', 'latest_version': '1', 'link': 'https://usegalaxy.eu/published/workflow?id=46b6812817c57a01', 'name': 'AMR Gene Detection (release v1.1.7)'}, {'create_time': '2024-08-06', 'latest_version': '14', 'link': 'https://usegalaxy.eu/published/workflow?id=eb5ab8bc82569eee', 'name': 'Nanopore AMR Workflow'}, {'create_time': '2025-09-18', 'latest_version': '1', 'link': 'https://usegalaxy.eu/published/workflow?id=32de10b9de8a999a', 'name': 'amr_gene_detection (release v1.1.6)'}, {'create_time': '2024-09-19', 'latest_version': '1', 'link': 'https://usegalaxy.eu/published/workflow?id=f30f8e7dcd50cd0d', 'name': 'amr_gene_detection (release v1.1.1)'}, {'create_time': '2024-09-19', 'latest_version': '1', 'link': 'https://usegalaxy.eu/published/workflow?id=abe85758e77c78e6', 'name': 'amr_gene_detection (release v1.1)'}, {'create_time': '2024-09-19', 'latest_version': '1', 'link': 'https://usegalaxy.eu/published/workflow?id=41d207d06a32ba05', 'name': 'amr_gene_detection (release v1.0)'}, {'create_time': '2024-09-26', 'latest_version': '1', 'link': 'https://usegalaxy.eu/published/workflow?id=e37cc0b64774561b', 'name': 'amr_gene_detection (release v1.1.2)'}, {'create_time': '2024-10-17', 'latest_version': '1', 'link': 'https://usegalaxy.eu/published/workflow?id=1ce523ef51f47134', 'name': 'amr_gene_detection (release v1.1.4)'}, {'create_time': '2024-10-17', 'latest_version': '1', 'link': 'https://usegalaxy.eu/published/workflow?id=34df701aa23a9fb3', 'name': 'amr_gene_detection (release v1.1.3)'}, {'create_time': '2024-10-31', 'latest_version': '1', 'link': 'https://usegalaxy.eu/published/workflow?id=b203dec6ee6da2fd', 'name': 'amr_gene_detection (release v1.1.5)'}, {'create_time': '2025-02-25', 'latest_version': '0', 'link': 'https://usegalaxy.eu/published/workflow?id=9219557de92e0203', 'name': 'Workflow Create pipeline'}, {'create_time': '2023-09-16', 'latest_version': '23', 'link': 'https://usegalaxy.eu/published/workflow?id=6d87481be47902e1', 'name': 'bacteria wgs analysis'}, {'create_time': '2024-03-03', 'latest_version': '2', 'link': 'https://usegalaxy.eu/published/workflow?id=2e0075791f7fa384', 'name': 'WorkflowTeamAssignment'}, {'create_time': '2023-12-14', 'latest_version': '0', 'link': 'https://usegalaxy.eu/published/workflow?id=44e53ea319e07daa', 'name': 'Copy Of GTN Training - Antibiotic Resistance Detection'}, {'create_time': '2023-12-14', 'latest_version': '0', 'link': 'https://usegalaxy.eu/published/workflow?id=152223c8aed27357', 'name': 'Flye-AMR workflow EMC/WMDI - v3.5  (imported from URL)'}, {'create_time': '2023-04-08', 'latest_version': '6', 'link': 'https://usegalaxy.eu/published/workflow?id=007ce6405d196df3', 'name': 'WGS Illumina for Microbiome (comprehensive)'}, {'create_time': '2023-02-12', 'latest_version': '1', 'link': 'https://usegalaxy.eu/published/workflow?id=94c3d329c31c712f', 'name': 'Genomic Analysis Workflow v 1.0.1'}, {'create_time': '2023-02-12', 'latest_version': '1', 'link': 'https://usegalaxy.eu/published/workflow?id=628062a8cf93261f', 'name': 'Genomic Analysis Workflow'}, {'create_time': '2021-08-21', 'latest_version': '0', 'link': 'https://usegalaxy.eu/published/workflow?id=c48807045e258dd8', 'name': ""Workflow constructed from history 'ojonugwa sub team Metagenomics A'""}, {'create_time': '2021-08-21', 'latest_version': '0', 'link': 'https://usegalaxy.eu/published/workflow?id=39837ca09374598b', 'name': ""Workflow constructed from history 'Premnath sub team Metagenomics A'""}, {'create_time': '2021-08-21', 'latest_version': '0', 'link': 'https://usegalaxy.eu/published/workflow?id=249c115413f17f28', 'name': ""Workflow constructed from history 'Isha sub group Team Metagenomics A'""}, {'create_time': '2021-08-20', 'latest_version': '1', 'link': 'https://usegalaxy.eu/published/workflow?id=dc7107896a3f2964', 'name': ""Workflow constructed from history 'Rishikesh sub team' Team Metagenomics A""}, {'create_time': '2021-03-24', 'latest_version': '2', 'link': 'https://usegalaxy.eu/published/workflow?id=b2b46e71046b1999', 'name': 'Workflow NGS Analysis (new)'}, {'create_time': '2020-12-14', 'latest_version': '1', 'link': 'https://usegalaxy.eu/published/workflow?id=7aa32aba3fde0708', 'name': 'Genome Assembly of MRSA using Illumina MiSeq data '}, {'create_time': '2020-12-03', 'latest_version': '6', 'link': 'https://usegalaxy.eu/published/workflow?id=4ddbffe4b3fef275', 'name': 'Genome Assembly of MRSA using Oxford Nanopore MinION Data'}, {'create_time': '2020-06-24', 'latest_version': '4', 'link': 'https://usegalaxy.eu/published/workflow?id=374797e58377c40f', 'name': '0_Short-read_assembly-_-_-Filter-Unicycler-AMR-annotation_(24-06-2020)'}, {'create_time': '2020-06-24', 'latest_version': '13', 'link': 'https://usegalaxy.eu/published/workflow?id=ecf48fa50af560a0', 'name': '0_Hybrid_assembly-_-_-Filter-Unicycler-AMR-annotation_(24-06-2020)'}, {'create_time': '2020-06-24', 'latest_version': '3', 'link': 'https://usegalaxy.eu/published/workflow?id=ea485dbabc76488d', 'name': '0_Long-read_assembly-_-_-Filter-Unicycler-AMR-annotation_(24-06-2020)'}, {'create_time': '2020-05-22', 'latest_version': '3', 'link': 'https://usegalaxy.eu/published/workflow?id=b4de76c0a4d0e23a', 'name': 'Nanopore v1.1 / Minimap2, Miniasm, Racon'}, {'create_time': '2019-10-22', 'latest_version': '1', 'link': 'https://usegalaxy.eu/published/workflow?id=32d2f5340098bcbd', 'name': 'ONT -- Long-Read-Assembly'}, {'create_time': '2019-05-03', 'latest_version': '0', 'link': 'https://usegalaxy.eu/published/workflow?id=a06b1ed5cd25922f', 'name': 'Patricija, Salomėja, Airidas'}, {'create_time': '2025-12-04', 'latest_version': '1', 'link': 'https://usegalaxy.org/published/workflow?id=f8fab0cd6fc30d92', 'name': 'AMR Gene Detection (release v1.1.7)'}, {'create_time': '2025-09-25', 'latest_version': '1', 'link': 'https://usegalaxy.org/published/workflow?id=d3dc805cd43b2737', 'name': 'amr_gene_detection (release v1.1.6)'}, {'create_time': '2025-01-15', 'latest_version': '3', 'link': 'https://usegalaxy.org/published/workflow?id=547f86db467bf620', 'name': 'Genome Assembly of MRSA using Oxford Nanopore MinION Data (imported from uploaded file)'}, {'create_time': '2024-09-19', 'latest_version': '1', 'link': 'https://usegalaxy.org/published/workflow?id=2b4b1fe82258f303', 'name': 'amr_gene_detection (release v1.1.1)'}, {'create_time': '2024-09-19', 'latest_version': '1', 'link': 'https://usegalaxy.org/published/workflow?id=fde774a049875466', 'name': 'amr_gene_detection (release v1.1)'}, {'create_time': '2024-09-26', 'latest_version': '1', 'link': 'https://usegalaxy.org/published/workflow?id=3c177fdf38311118', 'name': 'amr_gene_detection (release v1.1.2)'}, {'create_time': '2024-10-03', 'latest_version': '1', 'link': 'https://usegalaxy.org/published/workflow?id=ef187f85b103d858', 'name': 'amr_gene_detection (release v1.1.3)'}, {'create_time': '2024-10-17', 'latest_version': '1', 'link': 'https://usegalaxy.org/published/workflow?id=aaf8e740b3f8e2c0', 'name': 'amr_gene_detection (release v1.1.4)'}, {'create_time': '2024-10-31', 'latest_version': '1', 'link': 'https://usegalaxy.org/published/workflow?id=2078a54de1f2628d', 'name': 'amr_gene_detection (release v1.1.5)'}, {'create_time': '2023-12-11', 'latest_version': '10', 'link': 'https://usegalaxy.org/published/workflow?id=d4f0a7ccb09f1e55', 'name': 'PDAMR'}, {'create_time': '2026-04-21', 'latest_version': '15', 'link': 'https://usegalaxy.org.au/published/workflow?id=41331c03339e2b19', 'name': 'Genomic Assembly and analysis - RDH version 4'}, {'create_time': '2025-04-14', 'latest_version': '37', 'link': 'https://usegalaxy.org.au/published/workflow?id=2120112358db8e01', 'name': 'Genomic Assembly and analysis - RDH version 2'}, {'create_time': '2025-09-18', 'latest_version': '8', 'link': 'https://usegalaxy.org.au/published/workflow?id=05f3abecd4ddd4a1', 'name': 'WGS_Bacteria_Prokka'}, {'create_time': '2025-02-12', 'latest_version': '58', 'link': 'https://usegalaxy.org.au/published/workflow?id=92fcdd490831c6c5', 'name': 'Genomic Assembly and analysis - RDH'}, {'create_time': '2022-09-15', 'latest_version': '0', 'link': 'https://usegalaxy.org.au/published/workflow?id=2e29b21cdec7d0cc', 'name': 'Genome Assembly of MRSA using Oxford Nanopore MinION Data (imported from uploaded file)'}, {'create_time': '2024-04-11', 'latest_version': '0', 'link': 'https://usegalaxy.org.au/published/workflow?id=c9b7de574fb2f2d5', 'name': ""Workflow constructed from history 'week 8: Plasmids and antimicrobial resistance genes'""}, {'create_time': '2024-02-02', 'latest_version': '0', 'link': 'https://usegalaxy.org.au/published/workflow?id=d9571b3dfef34e5e', 'name': ' Procedimiento de detección de resistencia a antibióticos'}, {'create_time': '2023-12-18', 'latest_version': '6', 'link': 'https://usegalaxy.org.au/published/workflow?id=35f39173f0ac9179', 'name': 'CSBL-PGAP'}]"	staramr	staramr	2024-09-19	iuc	https://github.com/galaxyproject/tools-iuc/tree/master/tools/staramr	31443	9838	14763	8989	65033	33124	9838	14763	9237	66962	https://github.com/galaxyproject/tools-iuc/tree/main/tools/staramr	2921	97	2130	1173	6321	3072	97	2130	1182	6481	@TOOL_VERSION@+galaxy@VERSION_SUFFIX@	To update	['Sequence Analysis']	['staramr_search']	['tabular', 'txt', 'xlsx']		staramr	staramr (*AMR) scans bacterial genome contigs against the ResFinder, PointFinder, and PlasmidFinder databases (used by the ResFinder webservice and other webservices offered by the Center for Genomic Epidemiology) and compiles a summary report of detected antimicrobial resistance genes. The star|* in staramr indicates that it can handle all of the ResFinder, PointFinder, and PlasmidFinder databases.	staramr	False
suite_plasmid_profiler	Plasmid Profiler suite defining all dependencies for Plasmid Profiler	[]	[]	[]	[]			0	0	0	0	0	0	0	0	0	0	0	0	0	0	0	0	0	0	0	0	0	0	0	0	0	0	[]	[]	suite_plasmid_profiler		2016-11-07	nml	https://github.com/phac-nml/galaxy_tools/tree/master/tools/plasmid_profiler_suite	0	0	0	0	0	0	0	0	0	0		0	0	0	0	0	0	0	0	0	0		To update	['Sequence Analysis']	[]	[]					False
sylph	sylph - fast and precise species-level metagenomic profiling with ANIs	['Taxonomic classification']	['Taxonomic classification']	['Metagenomics']	['Metagenomics']	https://github.com/bluenote-1577/sylph	0.9.0	0	0	0	0	0	2	0	0	0	0	0	0	0	0	0	0	0	0	0	1	2	2	0	2	2	0	[]	[{'create_time': '2026-02-26', 'latest_version': '2', 'link': 'https://workflowhub.eu/workflows/2068?version=2', 'name': 'metagenomic-raw-reads-amr-analysis/main'}, {'create_time': '2025-11-28', 'latest_version': '3', 'link': 'https://usegalaxy.eu/published/workflow?id=7491883694fff308', 'name': 'Metagenomic Taxonomy Analysis '}, {'create_time': '2024-12-20', 'latest_version': '18', 'link': 'https://usegalaxy.eu/published/workflow?id=cb2df493f5e334f7', 'name': 'Metagenomic Taxonomy and Functional Analysis'}]	sylph	sylph	2024-10-08	bgruening	https://github.com/bgruening/galaxytools/tree/master/tools/sylph	257	12	1	0	270	257	12	1	0	270	https://github.com/bgruening/galaxytools/main/tools/sylph	9	1	1	0	11	9	1	1	0	11	0.8.1	To update	['Metagenomics']	['sylph_profile', 'sylph_query']	['tabular']		sylph	fast and precise species-level metagenomic profiling with ANIs	sylph	False
taxonomy_krona_chart	Krona pie chart from taxonomic profile	['Visualisation']	['Visualisation']	['Metagenomics']	['Metagenomics']	http://sourceforge.net/projects/krona/	2.8.1	0	0	0	0	0	1	1	1	0	0	0	0	0	0	0	0	0	0	1	1	1	1	1	1	1	0	['https://training.galaxyproject.org/training-material/topics/microbiome/tutorials/beer-data-analysis/tutorial.html', 'https://training.galaxyproject.org/training-material/topics/microbiome/tutorials/general-tutorial/tutorial.html', 'https://training.galaxyproject.org/training-material/topics/microbiome/tutorials/metatranscriptomics/tutorial.html', 'https://training.galaxyproject.org/training-material/topics/microbiome/tutorials/metatranscriptomics-short/tutorial.html', 'https://training.galaxyproject.org/training-material/topics/microbiome/tutorials/mgnify-amplicon/tutorial.html', 'https://training.galaxyproject.org/training-material/topics/microbiome/tutorials/mothur-miseq-sop/tutorial.html', 'https://training.galaxyproject.org/training-material/topics/microbiome/tutorials/nanopore-16S-metagenomics/tutorial.html', 'https://training.galaxyproject.org/training-material/topics/microbiome/tutorials/pathogen-detection-from-nanopore-foodborne-data/tutorial.html', 'https://training.galaxyproject.org/training-material/topics/microbiome/tutorials/taxonomic-profiling/tutorial.html']	"[{'create_time': '2025-12-22', 'latest_version': '2', 'link': 'https://workflowhub.eu/workflows/1470?version=2', 'name': 'Taxonomic Profiling and Visualization of Metagenomic Data'}, {'create_time': '2026-02-25', 'latest_version': '4', 'link': 'https://workflowhub.eu/workflows/2024?version=4', 'name': 'metagenomic-genes-catalogue/main'}, {'create_time': '2025-08-11', 'latest_version': '1', 'link': 'https://workflowhub.eu/workflows/1856?version=1', 'name': ""MGnify's amplicon pipeline v5.0 - ITS""}, {'create_time': '2025-08-04', 'latest_version': '1', 'link': 'https://workflowhub.eu/workflows/1842?version=1', 'name': ""MGnify's amplicon pipeline v5.0 - rRNA prediction""}, {'create_time': '2025-06-23', 'latest_version': '2', 'link': 'https://workflowhub.eu/workflows/1466?version=2', 'name': 'Metatranscriptomics analysis using microbiome RNA-seq data'}, {'create_time': '2025-06-23', 'latest_version': '2', 'link': 'https://workflowhub.eu/workflows/1451?version=2', 'name': 'Metatranscriptomics analysis using microbiome RNA-seq data - Workflow 2: Community profile'}, {'create_time': '2025-06-02', 'latest_version': '1', 'link': 'https://workflowhub.eu/workflows/1483?version=1', 'name': 'Taxonomy Profiling and Visualization with Krona'}, {'create_time': '2025-06-02', 'latest_version': '1', 'link': 'https://workflowhub.eu/workflows/1473?version=1', 'name': 'Training: 16S rRNA Analysis with Nanopore Sequencing Reads'}, {'create_time': '2025-06-02', 'latest_version': '1', 'link': 'https://workflowhub.eu/workflows/1472?version=1', 'name': 'WGS Part In ""Analyses Of Metagenomics Data - The Global Picture""'}, {'create_time': '2025-06-02', 'latest_version': '1', 'link': 'https://workflowhub.eu/workflows/1465?version=1', 'name': 'Training: 16S rRNA Sequencing With Mothur: Main Tutorial'}, {'create_time': '2025-06-02', 'latest_version': '1', 'link': 'https://workflowhub.eu/workflows/1439?version=1', 'name': 'Identification of the micro-organisms in a beer using Nanopore sequencing'}, {'create_time': '2025-03-26', 'latest_version': '2', 'link': 'https://workflowhub.eu/workflows/1273?version=2', 'name': 'mgnify-amplicon-pipeline-v5-its/main'}, {'create_time': '2025-03-26', 'latest_version': '2', 'link': 'https://workflowhub.eu/workflows/1270?version=2', 'name': 'mgnify-amplicon-pipeline-v5-rrna-prediction/main'}, {'create_time': '2024-12-10', 'latest_version': '2', 'link': 'https://workflowhub.eu/workflows/1199?version=2', 'name': 'Taxonomy classification using Kraken2 and Bracken'}, {'create_time': '2024-06-26', 'latest_version': '1', 'link': 'https://workflowhub.eu/workflows/1059?version=1', 'name': 'taxonomy-profiling-and-visualization-with-krona/main'}, {'create_time': '2023-10-26', 'latest_version': '1', 'link': 'https://workflowhub.eu/workflows/624?version=1', 'name': 'Analyses of shotgun metagenomics data with MetaPhlAn2'}, {'create_time': '2021-06-17', 'latest_version': '1', 'link': 'https://workflowhub.eu/workflows/124?version=1', 'name': '1: Plant virus detection with kraken2 (SE)'}, {'create_time': '2021-02-04', 'latest_version': '1', 'link': 'https://workflowhub.eu/workflows/101?version=1', 'name': '1: Plant virus detection with kraken2 (PE)'}, {'create_time': '2021-02-04', 'latest_version': '1', 'link': 'https://workflowhub.eu/workflows/100?version=1', 'name': '0: View complete virus identification'}, {'create_time': '2020-08-05', 'latest_version': '1', 'link': 'https://workflowhub.eu/workflows/53?version=1', 'name': 'ONT -- Metagenomics-Kraken2-Krona'}, {'create_time': '2025-06-16', 'latest_version': '4', 'link': 'https://usegalaxy.fr/published/workflow?id=c4f6062e51d0f45e', 'name': 'Metatranscriptomics analysis using microbiome RNA-seq data'}, {'create_time': '2025-06-16', 'latest_version': '1', 'link': 'https://usegalaxy.fr/published/workflow?id=09e8293456ee6d99', 'name': 'Metatranscriptomics analysis using microbiome RNA-seq data - Workflow 2: Community profile'}, {'create_time': '2025-12-01', 'latest_version': '3', 'link': 'https://usegalaxy.eu/published/workflow?id=2a093e63ebf6876b', 'name': 'Training: 16S rRNA Analysis with Nanopore Sequencing Reads'}, {'create_time': '2026-05-14', 'latest_version': '5', 'link': 'https://usegalaxy.eu/published/workflow?id=69eddfde874af35b', 'name': 'Metatranscriptomics analysis using microbiome RNA-seq data'}, {'create_time': '2020-07-16', 'latest_version': '1', 'link': 'https://usegalaxy.eu/published/workflow?id=f9175e670d8dfaa1', 'name': 'Metatranscriptomics (full workflow) - GTN (imported from uploaded file)'}, {'create_time': '2026-04-17', 'latest_version': '0', 'link': 'https://usegalaxy.eu/published/workflow?id=4ad8e4bb6c9ec928', 'name': 'Workflow Metagenomics Data Tutorial'}, {'create_time': '2026-04-17', 'latest_version': '0', 'link': 'https://usegalaxy.eu/published/workflow?id=d7e532d13a7f1ea6', 'name': 'Workflow Shotgun Metagenomics Data Tutorial'}, {'create_time': '2026-02-10', 'latest_version': '32', 'link': 'https://usegalaxy.eu/published/workflow?id=93d7a5704ec1d82d', 'name': 'VirDetectorGalaxy'}, {'create_time': '2026-02-10', 'latest_version': '1', 'link': 'https://usegalaxy.eu/published/workflow?id=379ea60fe05ce9e3', 'name': 'Workflow 5'}, {'create_time': '2026-02-09', 'latest_version': '1', 'link': 'https://usegalaxy.eu/published/workflow?id=ba10886853bc3239', 'name': ""Workflow constructed from history 'Identification of the micro-organisms in a beer using Nanopore sequencing Tutorial'""}, {'create_time': '2025-11-28', 'latest_version': '3', 'link': 'https://usegalaxy.eu/published/workflow?id=7491883694fff308', 'name': 'Metagenomic Taxonomy Analysis '}, {'create_time': '2024-10-15', 'latest_version': '2', 'link': 'https://usegalaxy.eu/published/workflow?id=c01ef8354b585a1f', 'name': 'Metaphlan_step4_start'}, {'create_time': '2024-12-20', 'latest_version': '18', 'link': 'https://usegalaxy.eu/published/workflow?id=cb2df493f5e334f7', 'name': 'Metagenomic Taxonomy and Functional Analysis'}, {'create_time': '2025-08-08', 'latest_version': '3', 'link': 'https://usegalaxy.eu/published/workflow?id=a459c311f461adce', 'name': 'LUMC Practical: Kraken2 analysis with krona report'}, {'create_time': '2024-08-21', 'latest_version': '7', 'link': 'https://usegalaxy.eu/published/workflow?id=86465932556bc96c', 'name': 'virannot_post_CLC'}, {'create_time': '2023-06-30', 'latest_version': '16', 'link': 'https://usegalaxy.eu/published/workflow?id=05f5f040337786bf', 'name': ' pAllori ASiam Community Profile MT'}, {'create_time': '2024-09-19', 'latest_version': '1', 'link': 'https://usegalaxy.eu/published/workflow?id=ad8b6d73c9654305', 'name': 'Taxonomy Profiling and Visualization with Kron (release v0.1)'}, {'create_time': '2025-02-06', 'latest_version': '1', 'link': 'https://usegalaxy.eu/published/workflow?id=08e25b733cd796e6', 'name': ""MGnify's amplicon pipeline v5.0 - ITS (release v0.1)""}, {'create_time': '2025-03-13', 'latest_version': '1', 'link': 'https://usegalaxy.eu/published/workflow?id=fb806b88850f3427', 'name': ""MGnify's amplicon pipeline v5.0 - ITS (release v0.2)""}, {'create_time': '2025-03-29', 'latest_version': '8', 'link': 'https://usegalaxy.eu/published/workflow?id=39d36a7ce0ef268d', 'name': 'Taxonomic Profiling and Visualization of Metagenomic Data (Updated)'}, {'create_time': '2025-03-23', 'latest_version': '1', 'link': 'https://usegalaxy.eu/published/workflow?id=b86f24473a282ef9', 'name': 'Unnamed Workflow'}, {'create_time': '2025-03-04', 'latest_version': '1', 'link': 'https://usegalaxy.eu/published/workflow?id=c1e26abe61c69688', 'name': ""Workflow constructed from history 'mouse poop 2'""}, {'create_time': '2025-01-28', 'latest_version': '0', 'link': 'https://usegalaxy.eu/published/workflow?id=9472be79da012999', 'name': ""Workflow constructed from history 'Data Analysis Presentation'""}, {'create_time': '2025-01-24', 'latest_version': '0', 'link': 'https://usegalaxy.eu/published/workflow?id=87cc0cd143a12c41', 'name': 'metatranscriptomics and RNA-seq'}, {'create_time': '2025-01-22', 'latest_version': '7', 'link': 'https://usegalaxy.eu/published/workflow?id=5f0faac42b0a5062', 'name': 'metatranscriptomics and RNA-seq'}, {'create_time': '2024-12-20', 'latest_version': '3', 'link': 'https://usegalaxy.eu/published/workflow?id=096b75501c8e0888', 'name': 'ASaiM-MT: Metatranscriptomics Analysis of Microbes'}, {'create_time': '2024-11-21', 'latest_version': '1', 'link': 'https://usegalaxy.eu/published/workflow?id=b14845359b702444', 'name': 'Metagenomic_Workflow-Taxonomy_and_functional_analysis_with_alpha_diversity_mesure'}, {'create_time': '2024-11-21', 'latest_version': '28', 'link': 'https://usegalaxy.eu/published/workflow?id=d05c6f0f3205fbd2', 'name': 'Metatranscriptomics Analysis of Microbes'}, {'create_time': '2024-09-30', 'latest_version': '1', 'link': 'https://usegalaxy.eu/published/workflow?id=f21d6a40a10a8ae8', 'name': 'Training: 16S rRNA Sequencing With Mothur: Main Tutorial'}, {'create_time': '2024-08-11', 'latest_version': '0', 'link': 'https://usegalaxy.eu/published/workflow?id=79b4ae4403772098', 'name': 'Microbiome workflow'}, {'create_time': '2024-09-08', 'latest_version': '0', 'link': 'https://usegalaxy.eu/published/workflow?id=181e751be8dd9abc', 'name': 'LŠMB: Identification of the micro-organisms in a beer using Nanopore sequencing'}, {'create_time': '2024-07-31', 'latest_version': '14', 'link': 'https://usegalaxy.eu/published/workflow?id=fde21b5f5c169114', 'name': '[WGSBAC] Salmonella characterization from short-reads WGS data'}, {'create_time': '2024-08-02', 'latest_version': '5', 'link': 'https://usegalaxy.eu/published/workflow?id=309fc4fc2e0da89c', 'name': '[WGSBAC] Brucella characterization from short-reads WGS data'}, {'create_time': '2023-05-11', 'latest_version': '58', 'link': 'https://usegalaxy.eu/published/workflow?id=10101558b211a782', 'name': 'Taxonomy Profiling and Visualization with Krona'}, {'create_time': '2024-04-25', 'latest_version': '1', 'link': 'https://usegalaxy.eu/published/workflow?id=8deb08d4f228e198', 'name': 'Metawin'}, {'create_time': '2023-06-27', 'latest_version': '4', 'link': 'https://usegalaxy.eu/published/workflow?id=d0ae255151450dad', 'name': 'UCB_Soil-Seq_ARGs_Workflow'}, {'create_time': '2024-03-11', 'latest_version': '3', 'link': 'https://usegalaxy.eu/published/workflow?id=14714876dda7186d', 'name': 'PARE-Seq_ARGs_Workflow'}, {'create_time': '2024-01-31', 'latest_version': '4', 'link': 'https://usegalaxy.eu/published/workflow?id=a403c661bf1bc4fa', 'name': 'KRAKEN_Workflow'}, {'create_time': '2024-01-23', 'latest_version': '0', 'link': 'https://usegalaxy.eu/published/workflow?id=fdca6c9d394986bf', 'name': ""Workflow constructed from history 'metatranscriptomics and rna seq'""}, {'create_time': '2023-12-14', 'latest_version': '0', 'link': 'https://usegalaxy.eu/published/workflow?id=08eb5e55109c4d9c', 'name': 'Training: 16S rRNA Analysis with Nanopore Sequencing Reads'}, {'create_time': '2023-12-14', 'latest_version': '0', 'link': 'https://usegalaxy.eu/published/workflow?id=0590554db9794d13', 'name': 'Identification of the micro-organisms in a beer using Nanopore sequencing'}, {'create_time': '2023-12-14', 'latest_version': '0', 'link': 'https://usegalaxy.eu/published/workflow?id=c2b7ec5aacfc6107', 'name': 'WGS Part In ""Analyses Of Metagenomics Data - The Global Picture""'}, {'create_time': '2023-12-14', 'latest_version': '0', 'link': 'https://usegalaxy.eu/published/workflow?id=4f0daf8e9dd54127', 'name': 'Taxonomic Profiling and Visualization of Metagenomic Data'}, {'create_time': '2023-12-14', 'latest_version': '0', 'link': 'https://usegalaxy.eu/published/workflow?id=c67d2e75eeb4fd19', 'name': 'Training: 16S rRNA Sequencing With Mothur: Main Tutorial'}, {'create_time': '2023-12-12', 'latest_version': '1', 'link': 'https://usegalaxy.eu/published/workflow?id=437704898229dfb6', 'name': 'MGnify amplicon rRNA-prediction + ITS'}, {'create_time': '2023-04-08', 'latest_version': '6', 'link': 'https://usegalaxy.eu/published/workflow?id=007ce6405d196df3', 'name': 'WGS Illumina for Microbiome (comprehensive)'}, {'create_time': '2023-07-29', 'latest_version': '0', 'link': 'https://usegalaxy.eu/published/workflow?id=b37800d990cceb83', 'name': ""Copy of Copy of Workflow constructed from history 'Unnamed history'""}, {'create_time': '2023-05-17', 'latest_version': '3', 'link': 'https://usegalaxy.eu/published/workflow?id=ed0ad728cf21702b', 'name': 'ASaiM-MT:metaphlan'}, {'create_time': '2023-04-24', 'latest_version': '8', 'link': 'https://usegalaxy.eu/published/workflow?id=dadca1020f586338', 'name': 'Training: 16S rRNA RNIMU'}, {'create_time': '2023-02-12', 'latest_version': '1', 'link': 'https://usegalaxy.eu/published/workflow?id=94c3d329c31c712f', 'name': 'Genomic Analysis Workflow v 1.0.1'}, {'create_time': '2023-02-12', 'latest_version': '1', 'link': 'https://usegalaxy.eu/published/workflow?id=628062a8cf93261f', 'name': 'Genomic Analysis Workflow'}, {'create_time': '2023-01-05', 'latest_version': '8', 'link': 'https://usegalaxy.eu/published/workflow?id=8ee3b635c1c380cd', 'name': 'WF-QC'}, {'create_time': '2022-11-02', 'latest_version': '9', 'link': 'https://usegalaxy.eu/published/workflow?id=4a764275d4bf9f31', 'name': 'WW-SARS-CoV-2: lineages analysis on Metatranscriptomics PE data'}, {'create_time': '2022-10-21', 'latest_version': '33', 'link': 'https://usegalaxy.eu/published/workflow?id=d88145e7475e0b7b', 'name': 'WW-SARS-CoV-2: lineages analysis on ARTIC PE data'}, {'create_time': '2022-11-13', 'latest_version': '2', 'link': 'https://usegalaxy.eu/published/workflow?id=ca80039c4933aa0a', 'name': 'Krona Plot for Single-Ended Samples'}, {'create_time': '2022-11-13', 'latest_version': '2', 'link': 'https://usegalaxy.eu/published/workflow?id=bd4e3cdc7f29049b', 'name': 'Krona Plot for Paired-End Samples'}, {'create_time': '2022-03-30', 'latest_version': '3', 'link': 'https://usegalaxy.eu/published/workflow?id=4f21205e71cabd37', 'name': '2.Community Profile'}, {'create_time': '2022-05-24', 'latest_version': '1', 'link': 'https://usegalaxy.eu/published/workflow?id=4d32b1b3ac0a7161', 'name': 'metatranscriptmoics'}, {'create_time': '2022-03-27', 'latest_version': '2', 'link': 'https://usegalaxy.eu/published/workflow?id=0bafeb17c21ebc9c', 'name': '01_Raw_QC'}, {'create_time': '2021-10-18', 'latest_version': '2', 'link': 'https://usegalaxy.eu/published/workflow?id=ee0005a5487653ba', 'name': 'Metatranscriptomics - analyze human RNA-seq data with Kraken (imported from uploaded file)'}, {'create_time': '2021-06-22', 'latest_version': '14', 'link': 'https://usegalaxy.eu/published/workflow?id=a8f829deb69b30ab', 'name': 'Taxonomic and functional community profiling of raw metagenomic shotgun data workflow'}, {'create_time': '2021-05-21', 'latest_version': '0', 'link': 'https://usegalaxy.eu/published/workflow?id=cfd37e9e307e5d3d', 'name': 'ONT -- Metagenomics-Kraken2-Krona'}, {'create_time': '2021-05-25', 'latest_version': '2', 'link': 'https://usegalaxy.eu/published/workflow?id=19de5cbae7f48103', 'name': 'Metatranscriptomcis-WF2: Community Profile'}, {'create_time': '2021-03-24', 'latest_version': '2', 'link': 'https://usegalaxy.eu/published/workflow?id=b2b46e71046b1999', 'name': 'Workflow NGS Analysis (new)'}, {'create_time': '2020-12-04', 'latest_version': '1', 'link': 'https://usegalaxy.eu/published/workflow?id=dfc2c53ac3103eff', 'name': 'ASaiM-MT'}, {'create_time': '2020-07-20', 'latest_version': '4', 'link': 'https://usegalaxy.eu/published/workflow?id=57cfe5062c8e01bf', 'name': 'PARE-Seq_ARGs_Workflow'}, {'create_time': '2019-05-20', 'latest_version': '2', 'link': 'https://usegalaxy.eu/published/workflow?id=44e16f0782f54111', 'name': 'ONT -- Metagenomics-Kraken2-Krona'}, {'create_time': '2020-01-31', 'latest_version': '4', 'link': 'https://usegalaxy.eu/published/workflow?id=a337bfb2eb1e583f', 'name': 'MetaGalaxy (4x polishing w Racon)'}, {'create_time': '2020-01-24', 'latest_version': '8', 'link': 'https://usegalaxy.eu/published/workflow?id=a84bac86ec183d46', 'name': 'MetaGalaxy'}, {'create_time': '2019-08-07', 'latest_version': '0', 'link': 'https://usegalaxy.eu/published/workflow?id=b91a380ceaa0342b', 'name': '16s_mothur_schisto'}, {'create_time': '2019-08-05', 'latest_version': '2', 'link': 'https://usegalaxy.eu/published/workflow?id=b66e1d8171e6dac2', 'name': '16s_mothur_schisto'}, {'create_time': '2019-07-22', 'latest_version': '4', 'link': 'https://usegalaxy.eu/published/workflow?id=ef6556d65ce5d72c', 'name': 'BeerDEcoded - StreetScienceCommunity'}, {'create_time': '2019-06-21', 'latest_version': '5', 'link': 'https://usegalaxy.eu/published/workflow?id=7ab70660e6235cf0', 'name': 'Complete_Workflow: ASaiM_GCC2019'}, {'create_time': '2019-06-21', 'latest_version': '2', 'link': 'https://usegalaxy.eu/published/workflow?id=994e5ff1df7d6c9e', 'name': 'Workflow_1: WF1_ASaiM_GCC2019'}, {'create_time': '2019-02-22', 'latest_version': '3', 'link': 'https://usegalaxy.eu/published/workflow?id=2cf09adb1ed6c3ec', 'name': '2/22 Pilot ASAIM'}, {'create_time': '2018-09-04', 'latest_version': '0', 'link': 'https://usegalaxy.eu/published/workflow?id=9cbba5de2cbeeb0f', 'name': 'ASaiM - Shotgun workflow'}, {'create_time': '2018-09-22', 'latest_version': '1', 'link': 'https://usegalaxy.eu/published/workflow?id=ce21961260fe4351', 'name': '16S microbial analysis (Mothur)'}, {'create_time': '2018-01-16', 'latest_version': '4', 'link': 'https://usegalaxy.eu/published/workflow?id=c3aa516e78ca4191', 'name': 'ASaiM - Shotgun workflow'}, {'create_time': '2026-05-11', 'latest_version': '17', 'link': 'https://usegalaxy.org/published/workflow?id=5308dc1278cef0b5', 'name': 'Metagenómica'}, {'create_time': '2026-03-26', 'latest_version': '14', 'link': 'https://usegalaxy.org/published/workflow?id=2572128d91500ba1', 'name': 'Ovary-chievers (single dataset)'}, {'create_time': '2026-03-10', 'latest_version': '5', 'link': 'https://usegalaxy.org/published/workflow?id=03671490a9fc0453', 'name': 'Updated Project'}, {'create_time': '2026-02-04', 'latest_version': '0', 'link': 'https://usegalaxy.org/published/workflow?id=b65280467af44ffd', 'name': '16S Microbial analysis with Nanopore data (Final)'}, {'create_time': '2024-11-19', 'latest_version': '11', 'link': 'https://usegalaxy.org/published/workflow?id=9ba6da7dae465d3e', 'name': 'Metagenomics assembly illumina workflow'}, {'create_time': '2024-12-03', 'latest_version': '5', 'link': 'https://usegalaxy.org/published/workflow?id=d5436cee11a34de9', 'name': 'Workflow_Metagenomic_Virus_Oxford Nanopore Technology'}, {'create_time': '2025-04-12', 'latest_version': '0', 'link': 'https://usegalaxy.org/published/workflow?id=3011f5dbf884c9bc', 'name': 'Copy of Taxonomy Profiling and Visualization with Krona shared by user engy.nasr'}, {'create_time': '2024-09-19', 'latest_version': '1', 'link': 'https://usegalaxy.org/published/workflow?id=4b5f6b5d4f36e38b', 'name': 'Taxonomy Profiling and Visualization with Kron (release v0.1)'}, {'create_time': '2025-02-06', 'latest_version': '1', 'link': 'https://usegalaxy.org/published/workflow?id=45f959d5bf505b15', 'name': ""MGnify's amplicon pipeline v5.0 - ITS (release v0.1)""}, {'create_time': '2025-03-13', 'latest_version': '1', 'link': 'https://usegalaxy.org/published/workflow?id=8151be18aab3a3c6', 'name': ""MGnify's amplicon pipeline v5.0 - ITS (release v0.2)""}, {'create_time': '2025-03-04', 'latest_version': '0', 'link': 'https://usegalaxy.org/published/workflow?id=bc01b8b203ecc754', 'name': ""Workflow constructed from history '16S Microbial Analysis'""}, {'create_time': '2025-03-04', 'latest_version': '1', 'link': 'https://usegalaxy.org/published/workflow?id=cade0c5c11978323', 'name': ""Workflow constructed from history 'Practice 2'""}, {'create_time': '2024-08-26', 'latest_version': '1', 'link': 'https://usegalaxy.org/published/workflow?id=e12324f5e3b930fd', 'name': 'Copy of Malawi Workflow (imported from URL)'}, {'create_time': '2024-06-25', 'latest_version': '1', 'link': 'https://usegalaxy.org/published/workflow?id=8f5904693b5f74f4', 'name': 'Taxonomy Profiling and Visualization with Krona'}, {'create_time': '2024-04-05', 'latest_version': '2', 'link': 'https://usegalaxy.org/published/workflow?id=c3ea8fa3bb202dc6', 'name': 'UCB_Soil-Seq_ARGs_Workflow (imported from URL)'}, {'create_time': '2024-03-18', 'latest_version': '0', 'link': 'https://usegalaxy.org/published/workflow?id=a63927dd19759714', 'name': 'Copy of 1: Plant virus detection with kraken2 (SE) (imported from URL)'}, {'create_time': '2024-02-01', 'latest_version': '1', 'link': 'https://usegalaxy.org/published/workflow?id=7321c6ad5425d347', 'name': 'Propuesta Kraken 2 - Flujo de trabajo'}, {'create_time': '2023-12-08', 'latest_version': '0', 'link': 'https://usegalaxy.org/published/workflow?id=5b74b780d3955eb3', 'name': ""Workflow constructed from history 'SRA-paired-end'""}, {'create_time': '2023-11-10', 'latest_version': '0', 'link': 'https://usegalaxy.org/published/workflow?id=60f0d0d5d6e93941', 'name': ""Workflow constructed from history 'Beer-oxford nanopore'""}, {'create_time': '2023-11-08', 'latest_version': '0', 'link': 'https://usegalaxy.org/published/workflow?id=21161075002d6778', 'name': 'Case study 4 williams'}, {'create_time': '2023-11-08', 'latest_version': '0', 'link': 'https://usegalaxy.org/published/workflow?id=b7817a12dbee583c', 'name': 'Copy of Case study 4 williams'}, {'create_time': '2023-08-31', 'latest_version': '6', 'link': 'https://usegalaxy.org/published/workflow?id=6f090b2c259847d2', 'name': 'Finalized Workflow'}, {'create_time': '2022-07-03', 'latest_version': '0', 'link': 'https://usegalaxy.org/published/workflow?id=d653eaefcf6b4697', 'name': ""Workflow constructed from history 'MICROBIAL ANALYSIS (16s)'""}, {'create_time': '2022-07-03', 'latest_version': '0', 'link': 'https://usegalaxy.org/published/workflow?id=775335812a6b7a61', 'name': ""Workflow constructed from history '16S Microbial Analysis'""}, {'create_time': '2021-10-18', 'latest_version': '0', 'link': 'https://usegalaxy.org/published/workflow?id=b68ec42db8953569', 'name': 'Metatranscriptomics - analyze human RNA-seq data with Kraken (imported from uploaded file)'}, {'create_time': '2024-09-19', 'latest_version': '1', 'link': 'https://usegalaxy.org.au/published/workflow?id=131636a795bac485', 'name': 'Taxonomy Profiling and Visualization with Kron (release v0.1)'}, {'create_time': '2023-10-02', 'latest_version': '130', 'link': 'https://usegalaxy.org.au/published/workflow?id=a335b9c9103b57ad', 'name': 'Taxonomy classification using Kraken2 and Bracken'}, {'create_time': '2024-11-22', 'latest_version': '24', 'link': 'https://usegalaxy.org.au/published/workflow?id=ed3e48a73b5aaa56', 'name': 'What is in my sequencing reads? - Version 1'}, {'create_time': '2024-06-25', 'latest_version': '1', 'link': 'https://usegalaxy.org.au/published/workflow?id=d9ba165e6ae55417', 'name': 'Taxonomy Profiling and Visualization with Krona'}, {'create_time': '2023-06-06', 'latest_version': '125', 'link': 'https://usegalaxy.org.au/published/workflow?id=6b7e565258a9da2a', 'name': 'analyses-of-shotgun-metagenomics-data-with-metaphlan-v2 '}, {'create_time': '2021-03-19', 'latest_version': '0', 'link': 'https://usegalaxy.org.au/published/workflow?id=2717e90438c7fb8c', 'name': 'Training: 16S rRNA Sequencing With Mothur: Main Tutorial'}, {'create_time': '2021-03-19', 'latest_version': '0', 'link': 'https://usegalaxy.org.au/published/workflow?id=4c7e0703aace6aa3', 'name': 'Training: 16S rRNA Analysis with Nanopore Sequencing Reads'}]"	taxonomy_krona_chart	krona	2015-08-06	crs4	https://github.com/galaxyproject/tools-iuc/tree/master/tools/taxonomy_krona_chart	48617	565	33268	11003	93453	51653	586	41191	11192	104622	https://github.com/galaxyproject/tools-iuc/tree/main/tools/taxonomy_krona_chart	7406	162	6438	2005	16011	7874	163	7659	2042	17738	2.7.1	To update	['Assembly']	['taxonomy_krona_chart']	['html']		krona	Krona creates interactive HTML5 charts of hierarchical data (such as taxonomic abundance in a metagenome).	Krona	False
taxpasta	standardise taxonomic profiles	['Standardisation and normalisation', 'Aggregation', 'Formatting', 'Conversion']	['Standardisation and normalisation', 'Aggregation', 'Formatting', 'Conversion']	['Taxonomy', 'Metagenomics']	['Taxonomy', 'Metagenomics']	https://taxpasta.readthedocs.io/en/latest/	0.7.0	0	0	0	0	0	1	0	1	0	0	0	0	0	0	0	0	0	0	0	0	1	1	0	0	0	0	[]	[{'create_time': '2025-11-28', 'latest_version': '3', 'link': 'https://usegalaxy.eu/published/workflow?id=7491883694fff308', 'name': 'Metagenomic Taxonomy Analysis '}, {'create_time': '2024-12-20', 'latest_version': '18', 'link': 'https://usegalaxy.eu/published/workflow?id=cb2df493f5e334f7', 'name': 'Metagenomic Taxonomy and Functional Analysis'}, {'create_time': '2024-11-21', 'latest_version': '1', 'link': 'https://usegalaxy.eu/published/workflow?id=b14845359b702444', 'name': 'Metagenomic_Workflow-Taxonomy_and_functional_analysis_with_alpha_diversity_mesure'}]	taxpasta	taxpasta	2023-08-30	iuc	https://github.com/galaxyproject/tools-iuc/tree/master/tools/taxpasta	323	18	0	0	341	323	18	0	0	341	https://github.com/galaxyproject/tools-iuc/tree/main/tools/taxpasta	51	1	0	0	52	51	1	0	0	52	@TOOL_VERSION@+galaxy@VERSION_SUFFIX@	To update	['Sequence Analysis']	['taxpasta']	['tabular', 'biom1']		taxpasta	TAXonomic Profile Aggregation and STAndardisationThe main purpose of taxpasta is to standardise taxonomic profiles created by a range of bioinformatics tools. We call those tools taxonomic profilers. They each come with their own particular tabular output format. Across the profilers, relative abundances can be reported in read counts, fractions, or percentages, as well as any number of additional columns with extra information. We therefore decided to take the lessons learnt to heart and provide our own solution to deal with this pasticcio. With taxpasta you can ingest all of those formats and, at a minimum, output taxonomy identifiers and their integer counts. Taxpasta can not only standardise profiles but also merge them across samples for the same profiler into a single table.	taxpasta	False
tb-profiler	Processes M. tuberculosis sequence data to infer strain type and identify known drug resistance markers.	['Antimicrobial resistance prediction']	['Antimicrobial resistance prediction']	[]	[]	https://github.com/jodyphelan/TBProfiler	6.7.0	0	0	0	0	0	0	0	0	0	0	0	0	0	0	0	0	0	0	1	1	2	1	1	2	1	0	['https://training.galaxyproject.org/training-material/topics/evolution/tutorials/mtb_transmission/tutorial.html', 'https://training.galaxyproject.org/training-material/topics/variant-analysis/tutorials/tb-variant-analysis/tutorial.html']	[{'create_time': '2026-01-12', 'latest_version': '1', 'link': 'https://workflowhub.eu/workflows/2049?version=1', 'name': 'TB variants tutorial main workflow'}, {'create_time': '2026-01-12', 'latest_version': '2', 'link': 'https://workflowhub.eu/workflows/1647?version=2', 'name': 'TB Variant Analysis v1.0'}, {'create_time': '2025-06-02', 'latest_version': '1', 'link': 'https://workflowhub.eu/workflows/1564?version=1', 'name': 'From BAMs to drug resistance prediction with TB-profiler'}, {'create_time': '2024-06-07', 'latest_version': '1', 'link': 'https://workflowhub.eu/workflows/1035?version=1', 'name': 'TB Variant Analysis v1.0'}, {'create_time': '2025-06-16', 'latest_version': '7', 'link': 'https://usegalaxy.eu/published/workflow?id=461d71caea871db8', 'name': 'GOMA pipeline v Alpha 1.0. Only PE . Variant and Lineage detection, DR-Profile, Transmission cluster analysis'}, {'create_time': '2025-06-16', 'latest_version': '4', 'link': 'https://usegalaxy.eu/published/workflow?id=2b25eaebd3987612', 'name': 'GOMA pipeline v Alpha 1.0. Only SE . Variant and Lineage detection, DR-Profile, Transmission cluster analysis'}, {'create_time': '2025-06-10', 'latest_version': '13', 'link': 'https://usegalaxy.eu/published/workflow?id=c38e3ac59d8b86d6', 'name': 'GOMA pipeline v Alpha 1.0. SE and PE . Variant and Lineage detection, DR-Profile, Transmission cluster analysis'}, {'create_time': '2023-10-26', 'latest_version': '47', 'link': 'https://usegalaxy.eu/published/workflow?id=2c79eee5ca5a3b09', 'name': 'TB Variant Analysis v1.1'}, {'create_time': '2023-12-14', 'latest_version': '0', 'link': 'https://usegalaxy.eu/published/workflow?id=d0d6dae0d1eecc21', 'name': 'From BAMs to drug resistance prediction with TB-profiler'}, {'create_time': '2023-12-14', 'latest_version': '0', 'link': 'https://usegalaxy.eu/published/workflow?id=3ff4dbcc7a602e6b', 'name': 'M. tuberculosis Variant Analysis tutorial'}, {'create_time': '2022-01-26', 'latest_version': '10', 'link': 'https://usegalaxy.eu/published/workflow?id=89ed570bc0703472', 'name': 'From BAMs to drug resistance prediction with TB-profiler'}, {'create_time': '2024-10-11', 'latest_version': '2', 'link': 'https://usegalaxy.org/published/workflow?id=e7ce46762faccaac', 'name': 'TB Variant Analysis v1.1 (imported from uploaded file) (imported from URL)'}, {'create_time': '2023-06-07', 'latest_version': '0', 'link': 'https://usegalaxy.org.au/published/workflow?id=a61d4bda54de7cd1', 'name': 'M. tuberculosis Variant Analysis tutorial'}, {'create_time': '2020-08-31', 'latest_version': '0', 'link': 'https://usegalaxy.org.au/published/workflow?id=5693811cd933d2a2', 'name': 'M. tuberculosis Variant Analysis tutorial'}]	tb-profiler	tb-profiler	2019-04-02	iuc	https://github.com/galaxyproject/tools-iuc/tree/master/tools/tb-profiler	15947	0	11483	10939	38369	16201	0	11641	10981	38823	https://github.com/galaxyproject/tools-iuc/tree/main/tools/tb-profiler	491	0	490	199	1180	535	0	506	201	1242	6.6.5	To update	['Sequence Analysis']	['tb_profiler_collate', 'tb_profiler_profile']	['tabular', 'csv', 'txt', 'json', 'vcf', 'bam', 'pdf']		tb-profiler	A tool for drug resistance prediction from _M. tuberculosis_ genomic data (sequencing reads, alignments or variants).	tb-profiler	False
tiara	Tool for identification of eukaryotic sequences in the metagenomic datasets.	['Genome comparison', 'Data retrieval', 'Variant calling', 'Genome visualisation', 'Structural variation detection']	['Genome comparison', 'Data retrieval', 'Variant calling', 'Genome visualisation', 'Structural variation detection']	['Sequencing', 'Genomics', 'DNA polymorphism']	['Sequencing', 'Genomics', 'DNA polymorphism', 'DNA structural variation']	https://github.com/ibe-uw/tiara		0	0	0	0	0	0	0	0	0	0	0	0	0	0	0	0	0	0	0	0	1	0	0	0	0	0	[]	[]	tiara	tiara	2024-05-23	bgruening	https://github.com/bgruening/galaxytools/tree/master/tools/tiara	365	0	0	0	365	365	0	0	0	365	https://github.com/bgruening/galaxytools/tree/master/tools/tiara	33	0	0	0	33	33	0	0	0	33	1.0.3	To update	['Metagenomics', 'Sequence Analysis']	['tiara']	['tabular', 'txt']		Tiara	Total Integrated Archive of Short-Read and Array (TIARA) database, contains personal genomic information obtained from next generation sequencing (NGS) techniques and ultra-high-resolution comparative genomic hybridization (CGH) arrays. This database improves the accuracy of detecting personal genomic variations, such as SNPs, short indels and structural variants (SVs).	TIARA	False
unipept	Unipept retrieves metaproteomics information	['Prediction and recognition', 'Visualisation']	['Prediction and recognition', 'Visualisation']	['Proteomics', 'Proteogenomics', 'Biodiversity', 'Workflows']	['Proteomics', 'Proteogenomics', 'Biodiversity', 'Workflows']	https://github.com/galaxyproteomics/tools-galaxyp		0	0	0	0	0	1	0	1	0	0	0	0	0	0	0	0	0	0	1	1	1	1	1	1	1	0	['https://training.galaxyproject.org/training-material/topics/microbiome/tutorials/clinical-mp-5-data-interpretation/tutorial.html', 'https://training.galaxyproject.org/training-material/topics/proteomics/tutorials/clinical-mp-5-data-interpretation/tutorial.html', 'https://training.galaxyproject.org/training-material/topics/proteomics/tutorials/metaproteomics/tutorial.html', 'https://training.galaxyproject.org/training-material/topics/proteomics/tutorials/metaquantome-data-creation/tutorial.html']	[{'create_time': '2026-05-18', 'latest_version': '2', 'link': 'https://workflowhub.eu/workflows/1443?version=2', 'name': 'Metaproteomics_GTN'}, {'create_time': '2025-06-02', 'latest_version': '1', 'link': 'https://workflowhub.eu/workflows/1482?version=1', 'name': 'WF5_Data_Interpretation_Worklow'}, {'create_time': '2025-06-02', 'latest_version': '1', 'link': 'https://workflowhub.eu/workflows/1450?version=1', 'name': 'metaQuantome_datacreation_workflow'}, {'create_time': '2025-06-02', 'latest_version': '1', 'link': 'https://workflowhub.eu/workflows/1433?version=1', 'name': 'WF5_Data_Interpretation_Worklow'}, {'create_time': '2024-11-26', 'latest_version': '1', 'link': 'https://workflowhub.eu/workflows/1219?version=1', 'name': 'clinicalmp-data-interpretation/main'}, {'create_time': '2026-04-27', 'latest_version': '1', 'link': 'https://usegalaxy.eu/published/workflow?id=6ca1b4fe047a03d2', 'name': 'Copy of Metaproteomics_GTN shared by user engy.nasr'}, {'create_time': '2024-11-28', 'latest_version': '1', 'link': 'https://usegalaxy.eu/published/workflow?id=8f3cafa3bc59ff82', 'name': 'Clinical Metaproteomics Data Interpretation (release v0.1)'}, {'create_time': '2025-03-27', 'latest_version': '1', 'link': 'https://usegalaxy.eu/published/workflow?id=50d85103f2275d38', 'name': 'meta-iPep-WF4-Peptide-Annotation'}, {'create_time': '2025-02-14', 'latest_version': '0', 'link': 'https://usegalaxy.eu/published/workflow?id=c6b6ba35e5b6500a', 'name': 'Copy of Metaproteomics_GTN shared by user engy.nasr'}, {'create_time': '2024-11-21', 'latest_version': '40', 'link': 'https://usegalaxy.eu/published/workflow?id=cefc49c13ff73231', 'name': 'Metaproteomics workflow'}, {'create_time': '2024-11-21', 'latest_version': '1', 'link': 'https://usegalaxy.eu/published/workflow?id=cd675ab32d3e7833', 'name': 'metaQuantome_datacreation_workflow'}, {'create_time': '2023-12-14', 'latest_version': '0', 'link': 'https://usegalaxy.eu/published/workflow?id=fc42cc9467c6ee8d', 'name': 'metaQuantome_datacreation_workflow'}, {'create_time': '2023-12-14', 'latest_version': '1', 'link': 'https://usegalaxy.eu/published/workflow?id=755ede37d94dc456', 'name': 'WF5_Data_Interpretation_Worklow'}, {'create_time': '2023-12-14', 'latest_version': '0', 'link': 'https://usegalaxy.eu/published/workflow?id=68967c922de149ae', 'name': 'Metaproteomics_GTN'}, {'create_time': '2023-10-03', 'latest_version': '12', 'link': 'https://usegalaxy.eu/published/workflow?id=d148459a4d4b91f1', 'name': 'WF5_Data-interpretation-worklow'}, {'create_time': '2023-04-11', 'latest_version': '1', 'link': 'https://usegalaxy.eu/published/workflow?id=0e0be913c3e27022', 'name': 'Metaproteomics_GTN_IMS2023'}, {'create_time': '2022-08-28', 'latest_version': '2', 'link': 'https://usegalaxy.eu/published/workflow?id=df926c5ab8d27192', 'name': 'Metaproteomics_GTN_IMSC2022_Aug28'}, {'create_time': '2021-06-11', 'latest_version': '3', 'link': 'https://usegalaxy.eu/published/workflow?id=8a85663218676b59', 'name': 'COVID workflow'}, {'create_time': '2021-02-05', 'latest_version': '4', 'link': 'https://usegalaxy.eu/published/workflow?id=a4d6b9dc6b396933', 'name': 'Metaproteomics_GTN'}, {'create_time': '2021-11-09', 'latest_version': '5', 'link': 'https://usegalaxy.eu/published/workflow?id=d0e062aee910086a', 'name': 'metaQuantome_datacreation_workflow'}, {'create_time': '2021-05-29', 'latest_version': '4', 'link': 'https://usegalaxy.eu/published/workflow?id=d9e7a940b2d410bc', 'name': 'IIT Bombay Metaproteomics PXD025080 Workflow'}, {'create_time': '2021-04-19', 'latest_version': '8', 'link': 'https://usegalaxy.eu/published/workflow?id=17a1433d0b681d4a', 'name': 'PepQuery Workflow for PXD023521 and PXD022296 COVID-19 Peptide Validation'}, {'create_time': '2020-11-23', 'latest_version': '3', 'link': 'https://usegalaxy.eu/published/workflow?id=58db3e1996a8f093', 'name': 'Workflow for PXD021328 COVID-19 Peptide Validation'}, {'create_time': '2021-03-16', 'latest_version': '6', 'link': 'https://usegalaxy.eu/published/workflow?id=6306656ec10bd18f', 'name': 'LUNG_Metaproteomics Workflow MGF Inputs 03172021'}, {'create_time': '2021-02-04', 'latest_version': '3', 'link': 'https://usegalaxy.eu/published/workflow?id=6766bed39f614b7c', 'name': 'Metaproteomics_GTN'}, {'create_time': '2020-12-28', 'latest_version': '3', 'link': 'https://usegalaxy.eu/published/workflow?id=bfe26679d670bb5e', 'name': 'MGF INPUTS Workflow for COVID-19 Peptide Validation PXD021328 12282020'}, {'create_time': '2020-12-16', 'latest_version': '11', 'link': 'https://usegalaxy.eu/published/workflow?id=02700454f57eb556', 'name': 'Workflow for COVID-19 Peptide Validation PXD018094 and PXD022085 and PXD020394 12202020'}, {'create_time': '2020-12-13', 'latest_version': '1', 'link': 'https://usegalaxy.eu/published/workflow?id=5e4774036aa20b80', 'name': 'pr-2020-00822a: PXD021328_Metaproteomics Workflow 12052020'}, {'create_time': '2020-12-05', 'latest_version': '5', 'link': 'https://usegalaxy.eu/published/workflow?id=f0bec337f9998289', 'name': 'PXD021328_Metaproteomics Workflow 12052020'}, {'create_time': '2020-12-13', 'latest_version': '1', 'link': 'https://usegalaxy.eu/published/workflow?id=41df8c7821b5f2fc', 'name': 'pr-2020-00822a: PXD020394_Metaproteomics Workflow 12052020'}, {'create_time': '2020-12-05', 'latest_version': '3', 'link': 'https://usegalaxy.eu/published/workflow?id=3e01a2c6d954ae6e', 'name': 'PXD020394_Metaproteomics Workflow 12052020'}, {'create_time': '2020-12-13', 'latest_version': '1', 'link': 'https://usegalaxy.eu/published/workflow?id=82b6871682f1659a', 'name': 'pr-2020-00822a: PXD019423_Metaproteomics Workflow 12052020'}, {'create_time': '2020-12-05', 'latest_version': '7', 'link': 'https://usegalaxy.eu/published/workflow?id=9ef76d764d9961b2', 'name': 'PXD019423_Metaproteomics Workflow 12052020'}, {'create_time': '2020-08-19', 'latest_version': '5', 'link': 'https://usegalaxy.eu/published/workflow?id=612dc5bdf388585f', 'name': 'PXD19423 Metaproteomics Workflow 08202020'}, {'create_time': '2020-11-23', 'latest_version': '2', 'link': 'https://usegalaxy.eu/published/workflow?id=28af61ead68e0976', 'name': 'Workflow for PXD020394 COVID-19 Peptide Validation'}, {'create_time': '2020-11-23', 'latest_version': '3', 'link': 'https://usegalaxy.eu/published/workflow?id=6da171871d4f3fd5', 'name': 'Workflow for PXD019423 COVID-19 Peptide Validation'}, {'create_time': '2020-11-23', 'latest_version': '3', 'link': 'https://usegalaxy.eu/published/workflow?id=00e246ea459b0991', 'name': 'COVID19 Proteomics: Peptide Validation for PXD020394_11222020'}, {'create_time': '2020-10-06', 'latest_version': '8', 'link': 'https://usegalaxy.eu/published/workflow?id=229a955d29bd4064', 'name': 'PXD020394 NEGATIVE/POSITIVE Species SG/PS PQ for Metaproteomics 10082020'}, {'create_time': '2020-10-06', 'latest_version': '1', 'link': 'https://usegalaxy.eu/published/workflow?id=6cb85fe1ad0c9f3b', 'name': 'imported: PXD020394 Metaproteomics Workflow 10062020'}, {'create_time': '2019-03-01', 'latest_version': '4', 'link': 'https://usegalaxy.eu/published/workflow?id=ba3a5d59b3879764', 'name': 'imetaQuantome_datacreation_workflow'}, {'create_time': '2018-11-19', 'latest_version': '1', 'link': 'https://usegalaxy.eu/published/workflow?id=a657b412b37b971b', 'name': 'Metaproteomics Training Workflow (December 2018)'}, {'create_time': '2018-11-13', 'latest_version': '3', 'link': 'https://usegalaxy.eu/published/workflow?id=1706bfa819bbfa89', 'name': 'Metaproteomics training workflow'}, {'create_time': '2018-11-13', 'latest_version': '0', 'link': 'https://usegalaxy.eu/published/workflow?id=78e1769f1dcb797b', 'name': 'Copy of imported: Metaproteomics training workflow (imported from uploaded file) shared by user smehta'}, {'create_time': '2018-11-13', 'latest_version': '1', 'link': 'https://usegalaxy.eu/published/workflow?id=8fc1ea9e94bc723d', 'name': 'Metaproteomics training workflow (imported from uploaded file)'}, {'create_time': '2024-11-28', 'latest_version': '1', 'link': 'https://usegalaxy.org/published/workflow?id=3f797bfb67130883', 'name': 'Clinical Metaproteomics Data Interpretation (release v0.1)'}, {'create_time': '2024-11-28', 'latest_version': '1', 'link': 'https://usegalaxy.org.au/published/workflow?id=050a66ff6d4c2b53', 'name': 'Clinical Metaproteomics Data Interpretation (release v0.1)'}, {'create_time': '2021-03-19', 'latest_version': '0', 'link': 'https://usegalaxy.org.au/published/workflow?id=f9f685d6150e48c5', 'name': 'Metaproteomics_GTN'}]	unipept	python	2015-04-03	galaxyp	https://github.com/galaxyproteomics/tools-galaxyp/tree/master/tools/unipept	4723	1	384	1383	6491	6047	1	384	1383	7815	https://unipept.ugent.be/apidocs	282	1	102	33	418	314	1	102	33	450	6.2.4	To update	['Proteomics']	['unipept']	['d3_hierarchy', 'tabular', 'csv']		unipept	Metaproteomics data analysis with a focus on interactive data visualizations.	Unipept	False
valet	A pipeline for detecting mis-assemblies in metagenomic assemblies.	['Sequence assembly', 'Sequence assembly visualisation']	['Sequence assembly', 'Sequence assembly visualisation']	['Metagenomics', 'Sequence assembly']	['Metagenomics', 'Sequence assembly']	https://github.com/marbl/VALET	1.0	0	0	0	0	0	1	0	0	0	0	0	0	0	0	0	0	0	0	1	1	1	1	1	0	1	0	[]	[{'create_time': '2018-01-17', 'latest_version': '3', 'link': 'https://usegalaxy.eu/published/workflow?id=579ff83177c5ee09', 'name': 'ASaiM - Metagenomic assembly with MetaSPAdes'}, {'create_time': '2018-01-17', 'latest_version': '4', 'link': 'https://usegalaxy.eu/published/workflow?id=1524b189069b42a5', 'name': 'ASaiM - Metagenomic assembly with MEGAHIT'}]	valet	valet	2017-11-16	iuc	https://github.com/galaxyproject/tools-iuc/tree/master/tools/valet	449	0	160	0	609	711	0	249	0	960	https://github.com/galaxyproject/tools-iuc/tree/main/tools/valet	74	0	67	0	141	101	0	76	0	177	@WRAPPER_VERSION@.0	To update	['Metagenomics']	['valet']	['pdf']		valet	VALET is a pipeline for detecting mis-assemblies in metagenomic assemblies.	VALET	False
vcontact2	Tool to provide taxonomic context of metagenomic sequencing data	['Deposition', 'Taxonomic classification', 'Genome annotation']	['Deposition', 'Taxonomic classification', 'Genome annotation']	['Taxonomy', 'Metagenomics', 'Microbial ecology']	['Taxonomy', 'Metagenomics', 'Microbial ecology']	https://bitbucket.org/MAVERICLab/vcontact2/src/master/		0	0	0	0	0	0	0	0	0	0	0	0	0	0	0	0	0	0	0	0	2	0	0	0	0	0	[]	[{'create_time': '2025-11-25', 'latest_version': '77', 'link': 'https://usegalaxy.eu/published/workflow?id=62392daea25a3980', 'name': 'Virus detection and analysis'}]	vcontact2	python	2025-11-10	iuc	https://github.com/galaxyproject/tools-iuc/tree/master/tools/vcontact2	0	0	0	0	0	0	0	0	0	0	https://github.com/galaxyproject/tools-iuc/tree/main/tools/vcontact2	0	0	0	0	0	0	0	0	0	0	0.11.3	To update	['Metagenomics']	['vcontact2', 'vcontact2_gene2genome']	['csv', 'tabular']		vConTACT	Network-based application utilizing whole genome gene-sharing profiles for virus taxonomy that integrates distance-based hierarchical clustering and confidence scores for all taxonomic predictions.	vConTACT	False
vibrant	Virus Identification By iteRative ANnoTation	['Sequence trimming', 'Scaffolding', 'Genome annotation']	['Sequence trimming', 'Scaffolding', 'Genome annotation']	['Metagenomics', 'Microbial ecology', 'Sequence assembly', 'Molecular interactions, pathways and networks', 'Endocrinology and metabolism']	['Metagenomics', 'Microbial ecology', 'Sequence assembly', 'Molecular interactions, pathways and networks', 'Endocrinology and metabolism']	https://github.com/AnantharamanLab/VIBRANT	1.2.1	0	0	0	0	0	0	0	0	0	0	0	0	0	0	0	0	0	0	0	0	1	0	0	0	1	0	[]	[{'create_time': '2025-09-03', 'latest_version': '10', 'link': 'https://usegalaxy.eu/published/workflow?id=c62d65832377e376', 'name': 'PHI Toolkit'}, {'create_time': '2025-05-16', 'latest_version': '29', 'link': 'https://usegalaxy.eu/published/workflow?id=87231a6a7938cb95', 'name': 'Metagenome (1 Sample run)'}]	vibrant	vibrant	2024-09-11	ufz	https://github.com/Helmholtz-UFZ/galaxy-tools/tree/master/tools/vibrant	1586	0	0	0	1586	1586	0	0	0	1586	https://github.com/Helmholtz-UFZ/ufz-galaxy-tools/blob/main/tools/vibrant	65	0	0	0	65	65	0	0	0	65	@TOOL_VERSION@+galaxy@VERSION_SUFFIX@	To update	['Metagenomics']	['vibrant']	['txt', 'fasta', 'genbank', 'tabular']		VIBRANT	Automated recovery, annotation and curation of microbial viruses, and evaluation of virome function from genomic sequences.Virus Identification By iteRative ANnoTation.Discovery Environment Applications List.Created by upendra_35, last modified on Nov 04, 2019.If you find VIBRANT useful please consider citing our preprint on bioRxiv:.Kieft, K., Zhou, Z., and Anantharaman, K. (2019). VIBRANT: Automated recovery, annotation and curation of microbial viruses, and evaluation of virome function from genomic sequences. BioRxiv 855387.VIBRANT is a tool for automated recovery and annotation of bacterial and archaeal viruses, determination of genome completeness, and characterization of virome function from metagenomic assemblies.The QuickStart tutorial provides an introduction to basic DE functionality and navigation.Please work through the tutorial and use the intercom button on the bottom right of this page if you have any questions	VIBRANT	False
viralverify	Contigs prediction as viral, chromosomal, plasmidic or uncertain.	[]	[]	[]	[]	https://github.com/ablab/viralVerify	1.1	0	0	0	0	0	0	0	1	0	0	0	0	0	0	0	0	0	0	0	0	1	1	0	0	0	0	[]	[]	viralverify	viralverify	2025-07-04	iuc	https://github.com/galaxyproject/tools-iuc/tree/master/tools/viralverify	0	0	0	0	0	0	0	0	0	0	https://github.com/galaxyproject/tools-iuc/tree/main/tools/viralverify	0	0	0	0	0	0	0	0	0	0	@TOOL_VERSION@+galaxy@VERSION_SUFFIX@	To update	['Sequence Analysis', 'Metagenomics']	['viralverify']	['fasta', 'csv', 'txt', 'genbank']					False
virannot	virAnnot wrappers	['Sequence annotation', 'Sequence clustering', 'Sequence cluster visualisation']	['Sequence annotation', 'Sequence clustering', 'Sequence cluster visualisation']	['Metagenomics', 'Virology', 'Microbial ecology']	['Metagenomics', 'Virology', 'Microbial ecology']	https://github.com/marieBvr/virAnnot	1.70	0	0	0	0	0	0	0	0	0	0	0	0	0	0	0	0	0	0	0	0	3	3	0	0	0	0	[]	[{'create_time': '2025-06-17', 'latest_version': '2', 'link': 'https://usegalaxy.eu/published/workflow?id=17f73aba442315e6', 'name': 'virannot_post_CLC_without_blastx'}, {'create_time': '2024-08-21', 'latest_version': '7', 'link': 'https://usegalaxy.eu/published/workflow?id=86465932556bc96c', 'name': 'virannot_post_CLC'}]	virannot	biopython	2025-08-04	iuc	https://github.com/galaxyproject/tools-iuc/tree/master/tools/virannot	336	14	0	0	350	336	14	0	0	350	https://github.com/galaxyproject/tools-iuc/tree/main/tools/virannot	16	2	0	0	18	16	2	0	0	18	1.2.0	To update	['Metagenomics']	['virannot_blast2tsv', 'virannot_otu', 'virAnnot_rps2tsv']	['tabular', 'xlsx', 'zip']		virannot	"VirAnnot was build to ease the assembly, blast search, taxonomic annotation and OTUs assignation of viral metagenomic HTS data. It is used in Virologie team of UMR1332 BFP laboratory at INRAE. VirAnnot also takes part of the Euphresco project ""Plant Health Bioinformatics Network"". See more.It is designed to identify viruses in plant metagenomic data but it can be used to assemble and annotate any sequences with the NCBI taxonomy."	virAnnot	False
virsorter	VirSorter2 applies a multi-classifier, expert-guided approach to detect diverse DNA and RNA virus genomes.	['Taxonomic classification']	['Taxonomic classification']	['Metagenomics']	['Metagenomics']	https://github.com/jiarong/VirSorter2/	2.2.4	0	0	0	0	0	0	0	0	0	0	0	0	0	0	0	0	0	0	0	0	1	1	0	0	0	0	[]	[{'create_time': '2025-11-25', 'latest_version': '77', 'link': 'https://usegalaxy.eu/published/workflow?id=62392daea25a3980', 'name': 'Virus detection and analysis'}, {'create_time': '2025-05-16', 'latest_version': '29', 'link': 'https://usegalaxy.eu/published/workflow?id=87231a6a7938cb95', 'name': 'Metagenome (1 Sample run)'}]	virsorter	virsorter	2024-06-20	ufz	https://github.com/Helmholtz-UFZ/galaxy-tools/tree/master/tools/virsorter	2379	0	0	0	2379	2379	0	0	0	2379	https://github.com/Helmholtz-UFZ/ufz-galaxy-tools/blob/main/tools/virsorter	144	0	0	0	144	144	0	0	0	144	@TOOL_VERSION@+galaxy@VERSION_SUFFIX@	To update	['Metagenomics']	['virsorter']	['fasta', 'tabular', 'txt']		virsorter	Identify DNA and RNA virus sequences.	virsorter	False
vrhyme	Tool for dereplication and binning virus genomes from metagenomes.	['Scaffolding', 'Read binning', 'Read mapping', 'Sequence trimming']	['Scaffolding', 'Read binning', 'Read mapping', 'Sequence trimming']	['Metagenomics', 'Microbial ecology', 'Model organisms', 'Machine learning', 'Sequence assembly']	['Metagenomics', 'Microbial ecology', 'Model organisms', 'Machine learning', 'Sequence assembly']	https://github.com/AnantharamanLab/vRhyme	1.1.0	0	0	0	0	0	0	0	0	0	0	0	0	0	0	0	0	0	0	0	0	1	0	0	0	0	0	[]	[{'create_time': '2025-11-25', 'latest_version': '77', 'link': 'https://usegalaxy.eu/published/workflow?id=62392daea25a3980', 'name': 'Virus detection and analysis'}]	vrhyme	vrhyme	2025-05-14	bgruening	https://github.com/bgruening/galaxytools/tree/master/tools/vrhyme	47	0	0	0	47	47	0	0	0	47	https://github.com/bgruening/galaxytools/tree/master/tools/vrhyme	6	0	0	0	6	6	0	0	0	6	1.1.0	Up-to-date	['Metagenomics']	['vrhyme']	['tabular', 'txt', 'fasta']		vRhyme	vRhyme enables binning of viral genomes from metagenomes.	vRhyme	False
vsearch	VSEARCH including searching, clustering, chimera detection, dereplication, sorting, masking and shuffling of sequences.	['DNA mapping', 'Chimera detection']	['DNA mapping', 'Chimera detection']	['Metagenomics', 'Sequence analysis']	['Metagenomics', 'Sequence analysis']	https://github.com/torognes/vsearch	2.31.0	0	0	0	0	0	8	8	8	0	0	0	0	0	8	0	0	0	0	8	8	8	8	8	8	8	0	[]	"[{'create_time': '2021-11-10', 'latest_version': '1', 'link': 'https://workflowhub.eu/workflows/233?version=1', 'name': '16S_biodiversity_for_nonoverlap_paired_end'}, {'create_time': '2021-11-10', 'latest_version': '1', 'link': 'https://workflowhub.eu/workflows/232?version=1', 'name': '16S_biodiversity_for_overlap_paired_end'}, {'create_time': '2026-05-06', 'latest_version': '209', 'link': 'https://usegalaxy.eu/published/workflow?id=1ae9a523ef719a3d', 'name': 'FunBarONT v2'}, {'create_time': '2025-09-16', 'latest_version': '35', 'link': 'https://usegalaxy.eu/published/workflow?id=4eb9dfe91fc2dc67', 'name': '2025 Field Mycology Workflow'}, {'create_time': '2026-04-07', 'latest_version': '5', 'link': 'https://usegalaxy.eu/published/workflow?id=8a7caaa658744441', 'name': '12S_Explore_Biodiversity'}, {'create_time': '2018-10-16', 'latest_version': '7', 'link': 'https://usegalaxy.eu/published/workflow?id=401746888e8b3aa8', 'name': 'Workflow for protein sequence generation using MEGAHIT'}, {'create_time': '2018-10-16', 'latest_version': '4', 'link': 'https://usegalaxy.eu/published/workflow?id=9382f9bbbdddb5ad', 'name': 'Workflow for protein sequence generation using metaSPAdes'}, {'create_time': '2018-10-16', 'latest_version': '2', 'link': 'https://usegalaxy.eu/published/workflow?id=a8417c63e9e22afb', 'name': ""Workflow constructed from history 'Full Option 1'""}, {'create_time': '2018-09-04', 'latest_version': '0', 'link': 'https://usegalaxy.eu/published/workflow?id=9cbba5de2cbeeb0f', 'name': 'ASaiM - Shotgun workflow'}, {'create_time': '2018-01-16', 'latest_version': '4', 'link': 'https://usegalaxy.eu/published/workflow?id=c3aa516e78ca4191', 'name': 'ASaiM - Shotgun workflow'}, {'create_time': '2019-03-21', 'latest_version': '18', 'link': 'https://usegalaxy.org.au/published/workflow?id=869440d35a618836', 'name': '16S_biodiversity_for_nonoverlap_paired_end'}, {'create_time': '2019-03-21', 'latest_version': '16', 'link': 'https://usegalaxy.org.au/published/workflow?id=14e80b7f9f68ec2a', 'name': '16S_biodiversity_for_overlap_paired_end'}]"	vsearch	vsearch	2014-11-30	iuc	https://github.com/galaxyproject/tools-iuc/tree/master/tools/vsearch	13600	285	14828	6641	35354	15795	286	59476	7811	83368	https://github.com/galaxyproject/tools-iuc/tree/main/tools/vsearch	226	11	323	82	642	259	12	642	97	1010	2.8.3	To update	['Sequence Analysis']	['vsearch_alignment', 'vsearch_chimera_detection', 'vsearch_clustering', 'vsearch_dereplication', 'vsearch_masking', 'vsearch_search', 'vsearch_shuffling', 'vsearch_sorting']	['fasta', 'tabular']		vsearch	High-throughput search and clustering sequence analysis tool. It supports de novo and reference based chimera detection, clustering, full-length and prefix dereplication, reverse complementation, masking, all-vs-all pairwise global alignment, exact and global alignment searching, shuffling, subsampling and sorting. It also supports FASTQ file analysis, filtering and conversion.	VSEARCH	False
